embalse,fecha,cota_msnm,mrid,fecha_consulta
Amaluza,2022-01-01,1984.03,24019,2026-08-16T04:53:00+00:00
Amaluza,2022-01-02,1983.34,24019,2026-08-16T04:53:00+00:00
Amaluza,2022-01-03,1983.23,24019,2026-08-16T04:53:00+00:00
Amaluza,2022-01-04,1983.23,24019,2026-08-16T04:53:00+00:00
Amaluza,2022-01-05,1983.21,24019,2026-08-16T04:53:00+00:00
Amaluza,2022-01-06,1983.43,24019,2026-08-16T04:53:00+00:00
Amaluza,2022-01-07,1984.2,24019,2026-08-16T04:53:00+00:00
Amaluza,2022-01-08,1982.79,24019,2026-08-16T04:53:00+00:00
Amaluza,2022-01-09,1982.17,24019,2026-08-16T04:53:00+00:00
Amaluza,2022-01-10,1982.15,24019,2026-08-16T04:53:00+00:00
Amaluza,2022-01-11,1980.92,24019,2026-08-16T04:53:00+00:00
Amaluza,2022-01-12,1980.35,24019,2026-08-16T04:53:00+00:00
Amaluza,2022-01-13,1981.15,24019,2026-08-16T04:53:00+00:00
Amaluza,2022-01-14,1983.77,24019,2026-08-16T04:53:00+00:00
Amaluza,2022-01-15,1985.19,24019,2026-08-16T04:53:00+00:00
Amaluza,2022-01-16,1985.65,24019,2026-08-16T04:53:00+00:00
Amaluza,2022-01-17,1984.58,24019,2026-08-16T04:53:00+00:00
Amaluza,2022-01-18,1984.24,24019,2026-08-16T04:53:00+00:00
Amaluza,2022-01-19,1983.6,24019,2026-08-16T04:53:00+00:00
Amaluza,2022-01-20,1983.23,24019,2026-08-16T04:53:00+00:00
Amaluza,2022-01-21,1982.32,24019,2026-08-16T04:53:00+00:00
Amaluza,2022-01-22,1982.41,24019,2026-08-16T04:53:00+00:00
Amaluza,2022-01-23,1982.97,24019,2026-08-16T04:53:00+00:00
Amaluza,2022-01-24,1983.24,24019,2026-08-16T04:53:00+00:00
Amaluza,2022-01-25,1981.64,24019,2026-08-16T04:53:00+00:00
Amaluza,2022-01-26,1980.74,24019,2026-08-16T04:53:00+00:00
Amaluza,2022-01-27,1981.18,24019,2026-08-16T04:53:00+00:00
Amaluza,2022-01-28,1981.81,24019,2026-08-16T04:53:00+00:00
Amaluza,2022-01-29,1981.9,24019,2026-08-16T04:53:00+00:00
Amaluza,2022-01-30,1982.7,24019,2026-08-16T04:53:00+00:00
Amaluza,2022-02-01,1983.04,24019,2026-08-16T04:53:03+00:00
Amaluza,2022-02-02,1982.86,24019,2026-08-16T04:53:03+00:00
Amaluza,2022-02-03,1981.98,24019,2026-08-16T04:53:03+00:00
Amaluza,2022-02-04,1980.27,24019,2026-08-16T04:53:03+00:00
Amaluza,2022-02-05,1979.89,24019,2026-08-16T04:53:03+00:00
Amaluza,2022-02-06,1980.34,24019,2026-08-16T04:53:03+00:00
Amaluza,2022-02-07,1980.61,24019,2026-08-16T04:53:03+00:00
Amaluza,2022-02-08,1981.36,24019,2026-08-16T04:53:03+00:00
Amaluza,2022-02-09,1982.25,24019,2026-08-16T04:53:03+00:00
Amaluza,2022-02-10,1983.13,24019,2026-08-16T04:53:03+00:00
Amaluza,2022-02-11,1982.6,24019,2026-08-16T04:53:03+00:00
Amaluza,2022-02-12,1982.88,24019,2026-08-16T04:53:03+00:00
Amaluza,2022-02-13,1983.93,24019,2026-08-16T04:53:03+00:00
Amaluza,2022-02-14,1984.39,24019,2026-08-16T04:53:03+00:00
Amaluza,2022-02-15,1984.04,24019,2026-08-16T04:53:03+00:00
Amaluza,2022-02-16,1984.04,24019,2026-08-16T04:53:03+00:00
Amaluza,2022-02-17,1984.21,24019,2026-08-16T04:53:03+00:00
Amaluza,2022-02-18,1983.94,24019,2026-08-16T04:53:03+00:00
Amaluza,2022-02-19,1984.51,24019,2026-08-16T04:53:03+00:00
Amaluza,2022-02-20,1984.93,24019,2026-08-16T04:53:03+00:00
Amaluza,2022-02-21,1984.31,24019,2026-08-16T04:53:03+00:00
Amaluza,2022-02-22,1982.98,24019,2026-08-16T04:53:03+00:00
Amaluza,2022-02-23,1982.34,24019,2026-08-16T04:53:03+00:00
Amaluza,2022-02-24,1981.88,24019,2026-08-16T04:53:03+00:00
Amaluza,2022-02-25,1981.45,24019,2026-08-16T04:53:03+00:00
Amaluza,2022-02-26,1981.08,24019,2026-08-16T04:53:03+00:00
Amaluza,2022-02-27,1982.78,24019,2026-08-16T04:53:03+00:00
Amaluza,2022-03-01,1985.13,24019,2026-08-16T04:53:06+00:00
Amaluza,2022-03-02,1985.31,24019,2026-08-16T04:53:06+00:00
Amaluza,2022-03-03,1984.56,24019,2026-08-16T04:53:06+00:00
Amaluza,2022-03-04,1985.04,24019,2026-08-16T04:53:06+00:00
Amaluza,2022-03-05,1985.46,24019,2026-08-16T04:53:06+00:00
Amaluza,2022-03-06,1985.49,24019,2026-08-16T04:53:06+00:00
Amaluza,2022-03-07,1985.73,24019,2026-08-16T04:53:06+00:00
Amaluza,2022-03-08,1985.59,24019,2026-08-16T04:53:06+00:00
Amaluza,2022-03-09,1984.59,24019,2026-08-16T04:53:06+00:00
Amaluza,2022-03-10,1984.58,24019,2026-08-16T04:53:06+00:00
Amaluza,2022-03-11,1984.93,24019,2026-08-16T04:53:06+00:00
Amaluza,2022-03-12,1984.24,24019,2026-08-16T04:53:06+00:00
Amaluza,2022-03-13,1983.23,24019,2026-08-16T04:53:06+00:00
Amaluza,2022-03-14,1983.51,24019,2026-08-16T04:53:06+00:00
Amaluza,2022-03-15,1983.69,24019,2026-08-16T04:53:06+00:00
Amaluza,2022-03-16,1984.75,24019,2026-08-16T04:53:06+00:00
Amaluza,2022-03-17,1985.64,24019,2026-08-16T04:53:06+00:00
Amaluza,2022-03-18,1985.77,24019,2026-08-16T04:53:06+00:00
Amaluza,2022-03-19,1986.63,24019,2026-08-16T04:53:06+00:00
Amaluza,2022-03-20,1984.96,24019,2026-08-16T04:53:06+00:00
Amaluza,2022-03-21,1983.69,24019,2026-08-16T04:53:06+00:00
Amaluza,2022-03-22,1983.24,24019,2026-08-16T04:53:06+00:00
Amaluza,2022-03-23,1983.3,24019,2026-08-16T04:53:06+00:00
Amaluza,2022-03-24,1984.03,24019,2026-08-16T04:53:06+00:00
Amaluza,2022-03-25,1983.85,24019,2026-08-16T04:53:06+00:00
Amaluza,2022-03-26,1985.56,24019,2026-08-16T04:53:06+00:00
Amaluza,2022-03-27,1984.57,24019,2026-08-16T04:53:06+00:00
Amaluza,2022-03-28,1984.33,24019,2026-08-16T04:53:06+00:00
Amaluza,2022-03-29,1985.67,24019,2026-08-16T04:53:06+00:00
Amaluza,2022-03-30,1986.75,24019,2026-08-16T04:53:06+00:00
Amaluza,2022-04-01,1985.13,24019,2026-08-16T04:53:09+00:00
Amaluza,2022-04-02,1987.38,24019,2026-08-16T04:53:09+00:00
Amaluza,2022-04-03,1989.28,24019,2026-08-16T04:53:09+00:00
Amaluza,2022-04-04,1988.35,24019,2026-08-16T04:53:09+00:00
Amaluza,2022-04-05,1986.91,24019,2026-08-16T04:53:09+00:00
Amaluza,2022-04-06,1986.02,24019,2026-08-16T04:53:09+00:00
Amaluza,2022-04-07,1984.52,24019,2026-08-16T04:53:09+00:00
Amaluza,2022-04-08,1988.79,24019,2026-08-16T04:53:09+00:00
Amaluza,2022-04-09,1986.36,24019,2026-08-16T04:53:09+00:00
Amaluza,2022-04-10,1984.85,24019,2026-08-16T04:53:09+00:00
Amaluza,2022-04-11,1984.32,24019,2026-08-16T04:53:09+00:00
Amaluza,2022-04-12,1983.75,24019,2026-08-16T04:53:09+00:00
Amaluza,2022-04-13,1989.72,24019,2026-08-16T04:53:09+00:00
Amaluza,2022-04-14,1989.89,24019,2026-08-16T04:53:09+00:00
Amaluza,2022-04-15,1989.7,24019,2026-08-16T04:53:09+00:00
Amaluza,2022-04-16,1989.55,24019,2026-08-16T04:53:09+00:00
Amaluza,2022-04-17,1989.88,24019,2026-08-16T04:53:09+00:00
Amaluza,2022-04-18,1989.8,24019,2026-08-16T04:53:09+00:00
Amaluza,2022-04-19,1989.61,24019,2026-08-16T04:53:09+00:00
Amaluza,2022-04-20,1988.61,24019,2026-08-16T04:53:09+00:00
Amaluza,2022-04-21,1988.02,24019,2026-08-16T04:53:09+00:00
Amaluza,2022-04-22,1985.13,24019,2026-08-16T04:53:09+00:00
Amaluza,2022-04-23,1982.97,24019,2026-08-16T04:53:09+00:00
Amaluza,2022-04-24,1981.86,24019,2026-08-16T04:53:09+00:00
Amaluza,2022-04-25,1983.05,24019,2026-08-16T04:53:09+00:00
Amaluza,2022-04-26,1985.77,24019,2026-08-16T04:53:09+00:00
Amaluza,2022-04-27,1985.91,24019,2026-08-16T04:53:09+00:00
Amaluza,2022-04-28,1986.11,24019,2026-08-16T04:53:09+00:00
Amaluza,2022-04-29,1985.65,24019,2026-08-16T04:53:09+00:00
Amaluza,2022-05-01,1985.03,24019,2026-08-16T04:53:12+00:00
Amaluza,2022-05-02,1984.76,24019,2026-08-16T04:53:12+00:00
Amaluza,2022-05-03,1986.65,24019,2026-08-16T04:53:12+00:00
Amaluza,2022-05-04,1986.57,24019,2026-08-16T04:53:12+00:00
Amaluza,2022-05-05,1986.11,24019,2026-08-16T04:53:12+00:00
Amaluza,2022-05-06,1985.92,24019,2026-08-16T04:53:12+00:00
Amaluza,2022-05-07,1984.94,24019,2026-08-16T04:53:12+00:00
Amaluza,2022-05-08,1984.84,24019,2026-08-16T04:53:12+00:00
Amaluza,2022-05-09,1985.3,24019,2026-08-16T04:53:12+00:00
Amaluza,2022-05-10,1985.84,24019,2026-08-16T04:53:12+00:00
Amaluza,2022-05-11,1987.0,24019,2026-08-16T04:53:12+00:00
Amaluza,2022-05-12,1987.26,24019,2026-08-16T04:53:12+00:00
Amaluza,2022-05-13,1986.73,24019,2026-08-16T04:53:12+00:00
Amaluza,2022-05-14,1987.36,24019,2026-08-16T04:53:12+00:00
Amaluza,2022-05-15,1988.63,24019,2026-08-16T04:53:12+00:00
Amaluza,2022-05-16,1990.8,24019,2026-08-16T04:53:12+00:00
Amaluza,2022-05-17,1990.9,24019,2026-08-16T04:53:12+00:00
Amaluza,2022-05-18,1990.5,24019,2026-08-16T04:53:12+00:00
Amaluza,2022-05-19,1990.68,24019,2026-08-16T04:53:12+00:00
Amaluza,2022-05-20,1990.6,24019,2026-08-16T04:53:12+00:00
Amaluza,2022-05-21,1990.62,24019,2026-08-16T04:53:12+00:00
Amaluza,2022-05-22,1989.77,24019,2026-08-16T04:53:12+00:00
Amaluza,2022-05-23,1989.35,24019,2026-08-16T04:53:12+00:00
Amaluza,2022-05-24,1989.0,24019,2026-08-16T04:53:12+00:00
Amaluza,2022-05-25,1989.43,24019,2026-08-16T04:53:12+00:00
Amaluza,2022-05-26,1990.15,24019,2026-08-16T04:53:12+00:00
Amaluza,2022-05-27,1991.04,24019,2026-08-16T04:53:12+00:00
Amaluza,2022-05-28,1990.8,24019,2026-08-16T04:53:12+00:00
Amaluza,2022-05-29,1990.72,24019,2026-08-16T04:53:12+00:00
Amaluza,2022-05-30,1990.63,24019,2026-08-16T04:53:12+00:00
Amaluza,2022-06-01,1988.52,24019,2026-08-16T04:53:15+00:00
Amaluza,2022-06-02,1988.91,24019,2026-08-16T04:53:15+00:00
Amaluza,2022-06-03,1989.46,24019,2026-08-16T04:53:15+00:00
Amaluza,2022-06-04,1988.73,24019,2026-08-16T04:53:15+00:00
Amaluza,2022-06-05,1988.02,24019,2026-08-16T04:53:15+00:00
Amaluza,2022-06-06,1986.92,24019,2026-08-16T04:53:15+00:00
Amaluza,2022-06-07,1986.48,24019,2026-08-16T04:53:15+00:00
Amaluza,2022-06-08,1986.54,24019,2026-08-16T04:53:15+00:00
Amaluza,2022-06-09,1985.94,24019,2026-08-16T04:53:15+00:00
Amaluza,2022-06-10,1985.41,24019,2026-08-16T04:53:15+00:00
Amaluza,2022-06-11,1985.38,24019,2026-08-16T04:53:15+00:00
Amaluza,2022-06-12,1986.13,24019,2026-08-16T04:53:15+00:00
Amaluza,2022-06-13,1984.95,24019,2026-08-16T04:53:15+00:00
Amaluza,2022-06-14,1984.95,24019,2026-08-16T04:53:15+00:00
Amaluza,2022-06-15,1984.92,24019,2026-08-16T04:53:15+00:00
Amaluza,2022-06-16,1984.94,24019,2026-08-16T04:53:15+00:00
Amaluza,2022-06-17,1985.22,24019,2026-08-16T04:53:15+00:00
Amaluza,2022-06-18,1985.3,24019,2026-08-16T04:53:15+00:00
Amaluza,2022-06-19,1983.57,24019,2026-08-16T04:53:15+00:00
Amaluza,2022-06-20,1985.12,24019,2026-08-16T04:53:15+00:00
Amaluza,2022-06-21,1985.74,24019,2026-08-16T04:53:15+00:00
Amaluza,2022-06-22,1985.87,24019,2026-08-16T04:53:15+00:00
Amaluza,2022-06-23,1985.76,24019,2026-08-16T04:53:15+00:00
Amaluza,2022-06-24,1990.52,24019,2026-08-16T04:53:15+00:00
Amaluza,2022-06-25,1990.97,24019,2026-08-16T04:53:15+00:00
Amaluza,2022-06-26,1990.77,24019,2026-08-16T04:53:15+00:00
Amaluza,2022-06-27,1990.68,24019,2026-08-16T04:53:15+00:00
Amaluza,2022-06-28,1990.5,24019,2026-08-16T04:53:15+00:00
Amaluza,2022-06-29,1990.79,24019,2026-08-16T04:53:15+00:00
Amaluza,2022-07-01,1990.07,24019,2026-08-16T04:53:18+00:00
Amaluza,2022-07-02,1989.27,24019,2026-08-16T04:53:18+00:00
Amaluza,2022-07-03,1991.67,24019,2026-08-16T04:53:18+00:00
Amaluza,2022-07-04,1991.05,24019,2026-08-16T04:53:18+00:00
Amaluza,2022-07-05,1990.8,24019,2026-08-16T04:53:18+00:00
Amaluza,2022-07-06,1991.36,24019,2026-08-16T04:53:18+00:00
Amaluza,2022-07-07,1991.04,24019,2026-08-16T04:53:18+00:00
Amaluza,2022-07-08,1990.56,24019,2026-08-16T04:53:18+00:00
Amaluza,2022-07-09,1990.95,24019,2026-08-16T04:53:18+00:00
Amaluza,2022-07-10,1990.71,24019,2026-08-16T04:53:18+00:00
Amaluza,2022-07-11,1990.71,24019,2026-08-16T04:53:18+00:00
Amaluza,2022-07-12,1990.97,24019,2026-08-16T04:53:18+00:00
Amaluza,2022-07-13,1990.95,24019,2026-08-16T04:53:18+00:00
Amaluza,2022-07-14,1990.87,24019,2026-08-16T04:53:18+00:00
Amaluza,2022-07-15,1990.86,24019,2026-08-16T04:53:18+00:00
Amaluza,2022-07-16,1989.96,24019,2026-08-16T04:53:18+00:00
Amaluza,2022-07-17,1989.46,24019,2026-08-16T04:53:18+00:00
Amaluza,2022-07-18,1990.43,24019,2026-08-16T04:53:18+00:00
Amaluza,2022-07-19,1989.8,24019,2026-08-16T04:53:18+00:00
Amaluza,2022-07-20,1990.24,24019,2026-08-16T04:53:18+00:00
Amaluza,2022-07-21,1990.43,24019,2026-08-16T04:53:18+00:00
Amaluza,2022-07-22,1989.8,24019,2026-08-16T04:53:18+00:00
Amaluza,2022-07-23,1989.5,24019,2026-08-16T04:53:18+00:00
Amaluza,2022-07-24,1989.51,24019,2026-08-16T04:53:18+00:00
Amaluza,2022-07-25,1989.51,24019,2026-08-16T04:53:18+00:00
Amaluza,2022-07-26,1990.6,24019,2026-08-16T04:53:18+00:00
Amaluza,2022-07-27,1990.81,24019,2026-08-16T04:53:18+00:00
Amaluza,2022-07-28,1990.78,24019,2026-08-16T04:53:18+00:00
Amaluza,2022-07-29,1990.71,24019,2026-08-16T04:53:18+00:00
Amaluza,2022-07-30,1990.06,24019,2026-08-16T04:53:18+00:00
Amaluza,2022-08-01,1989.07,24019,2026-08-16T04:53:21+00:00
Amaluza,2022-08-02,1988.01,24019,2026-08-16T04:53:21+00:00
Amaluza,2022-08-03,1987.36,24019,2026-08-16T04:53:21+00:00
Amaluza,2022-08-04,1988.01,24019,2026-08-16T04:53:21+00:00
Amaluza,2022-08-05,1989.0,24019,2026-08-16T04:53:21+00:00
Amaluza,2022-08-06,1990.26,24019,2026-08-16T04:53:21+00:00
Amaluza,2022-08-07,1990.64,24019,2026-08-16T04:53:21+00:00
Amaluza,2022-08-08,1990.39,24019,2026-08-16T04:53:21+00:00
Amaluza,2022-08-09,1989.89,24019,2026-08-16T04:53:21+00:00
Amaluza,2022-08-10,1991.17,24019,2026-08-16T04:53:21+00:00
Amaluza,2022-08-11,1991.24,24019,2026-08-16T04:53:21+00:00
Amaluza,2022-08-12,1990.69,24019,2026-08-16T04:53:21+00:00
Amaluza,2022-08-13,1990.36,24019,2026-08-16T04:53:21+00:00
Amaluza,2022-08-14,1989.64,24019,2026-08-16T04:53:21+00:00
Amaluza,2022-08-15,1989.62,24019,2026-08-16T04:53:21+00:00
Amaluza,2022-08-16,1989.15,24019,2026-08-16T04:53:21+00:00
Amaluza,2022-08-17,1988.72,24019,2026-08-16T04:53:21+00:00
Amaluza,2022-08-18,1988.18,24019,2026-08-16T04:53:21+00:00
Amaluza,2022-08-19,1987.47,24019,2026-08-16T04:53:21+00:00
Amaluza,2022-08-20,1988.01,24019,2026-08-16T04:53:21+00:00
Amaluza,2022-08-21,1989.81,24019,2026-08-16T04:53:21+00:00
Amaluza,2022-08-22,1990.7,24019,2026-08-16T04:53:21+00:00
Amaluza,2022-08-23,1989.99,24019,2026-08-16T04:53:21+00:00
Amaluza,2022-08-24,1989.24,24019,2026-08-16T04:53:21+00:00
Amaluza,2022-08-25,1988.2,24019,2026-08-16T04:53:21+00:00
Amaluza,2022-08-26,1986.83,24019,2026-08-16T04:53:21+00:00
Amaluza,2022-08-27,1986.82,24019,2026-08-16T04:53:21+00:00
Amaluza,2022-08-28,1986.31,24019,2026-08-16T04:53:21+00:00
Amaluza,2022-08-29,1987.12,24019,2026-08-16T04:53:21+00:00
Amaluza,2022-08-30,1989.55,24019,2026-08-16T04:53:21+00:00
Amaluza,2022-09-01,1990.71,24019,2026-08-16T04:53:24+00:00
Amaluza,2022-09-02,1990.5,24019,2026-08-16T04:53:24+00:00
Amaluza,2022-09-03,1990.43,24019,2026-08-16T04:53:24+00:00
Amaluza,2022-09-04,1989.81,24019,2026-08-16T04:53:24+00:00
Amaluza,2022-09-05,1990.79,24019,2026-08-16T04:53:24+00:00
Amaluza,2022-09-06,1990.89,24019,2026-08-16T04:53:24+00:00
Amaluza,2022-09-07,1989.98,24019,2026-08-16T04:53:24+00:00
Amaluza,2022-09-08,1989.45,24019,2026-08-16T04:53:24+00:00
Amaluza,2022-09-09,1989.23,24019,2026-08-16T04:53:24+00:00
Amaluza,2022-09-10,1987.72,24019,2026-08-16T04:53:24+00:00
Amaluza,2022-09-11,1987.03,24019,2026-08-16T04:53:24+00:00
Amaluza,2022-09-12,1986.11,24019,2026-08-16T04:53:24+00:00
Amaluza,2022-09-13,1985.39,24019,2026-08-16T04:53:24+00:00
Amaluza,2022-09-14,1985.85,24019,2026-08-16T04:53:24+00:00
Amaluza,2022-09-15,1985.39,24019,2026-08-16T04:53:24+00:00
Amaluza,2022-09-16,1985.39,24019,2026-08-16T04:53:24+00:00
Amaluza,2022-09-17,1985.92,24019,2026-08-16T04:53:24+00:00
Amaluza,2022-09-18,1986.21,24019,2026-08-16T04:53:24+00:00
Amaluza,2022-09-19,1986.01,24019,2026-08-16T04:53:24+00:00
Amaluza,2022-09-20,1985.75,24019,2026-08-16T04:53:24+00:00
Amaluza,2022-09-21,1984.97,24019,2026-08-16T04:53:24+00:00
Amaluza,2022-09-22,1983.67,24019,2026-08-16T04:53:24+00:00
Amaluza,2022-09-23,1983.13,24019,2026-08-16T04:53:24+00:00
Amaluza,2022-09-24,1984.6,24019,2026-08-16T04:53:24+00:00
Amaluza,2022-09-25,1984.49,24019,2026-08-16T04:53:24+00:00
Amaluza,2022-09-26,1984.29,24019,2026-08-16T04:53:24+00:00
Amaluza,2022-09-27,1983.58,24019,2026-08-16T04:53:24+00:00
Amaluza,2022-09-28,1982.7,24019,2026-08-16T04:53:24+00:00
Amaluza,2022-09-29,1981.9,24019,2026-08-16T04:53:24+00:00
Amaluza,2022-10-01,1980.92,24019,2026-08-16T04:53:26+00:00
Amaluza,2022-10-02,1980.71,24019,2026-08-16T04:53:26+00:00
Amaluza,2022-10-03,1979.82,24019,2026-08-16T04:53:26+00:00
Amaluza,2022-10-04,1979.82,24019,2026-08-16T04:53:26+00:00
Amaluza,2022-10-05,1978.45,24019,2026-08-16T04:53:26+00:00
Amaluza,2022-10-06,1979.29,24019,2026-08-16T04:53:26+00:00
Amaluza,2022-10-07,1982.22,24019,2026-08-16T04:53:26+00:00
Amaluza,2022-10-08,1984.33,24019,2026-08-16T04:53:26+00:00
Amaluza,2022-10-09,1985.05,24019,2026-08-16T04:53:26+00:00
Amaluza,2022-10-10,1984.75,24019,2026-08-16T04:53:26+00:00
Amaluza,2022-10-11,1984.65,24019,2026-08-16T04:53:26+00:00
Amaluza,2022-10-12,1985.47,24019,2026-08-16T04:53:26+00:00
Amaluza,2022-10-13,1985.56,24019,2026-08-16T04:53:26+00:00
Amaluza,2022-10-14,1984.31,24019,2026-08-16T04:53:26+00:00
Amaluza,2022-10-15,1985.77,24019,2026-08-16T04:53:26+00:00
Amaluza,2022-10-16,1985.32,24019,2026-08-16T04:53:26+00:00
Amaluza,2022-10-17,1984.05,24019,2026-08-16T04:53:26+00:00
Amaluza,2022-10-18,1983.96,24019,2026-08-16T04:53:26+00:00
Amaluza,2022-10-19,1985.65,24019,2026-08-16T04:53:26+00:00
Amaluza,2022-10-20,1987.54,24019,2026-08-16T04:53:26+00:00
Amaluza,2022-10-21,1986.65,24019,2026-08-16T04:53:26+00:00
Amaluza,2022-10-22,1985.49,24019,2026-08-16T04:53:26+00:00
Amaluza,2022-10-23,1985.14,24019,2026-08-16T04:53:26+00:00
Amaluza,2022-10-24,1985.11,24019,2026-08-16T04:53:26+00:00
Amaluza,2022-10-25,1985.1,24019,2026-08-16T04:53:26+00:00
Amaluza,2022-10-26,1985.32,24019,2026-08-16T04:53:26+00:00
Amaluza,2022-10-27,1985.4,24019,2026-08-16T04:53:26+00:00
Amaluza,2022-10-28,1985.73,24019,2026-08-16T04:53:26+00:00
Amaluza,2022-10-29,1985.57,24019,2026-08-16T04:53:26+00:00
Amaluza,2022-10-30,1985.48,24019,2026-08-16T04:53:26+00:00
Amaluza,2022-11-01,1984.14,24019,2026-08-16T04:53:30+00:00
Amaluza,2022-11-02,1985.02,24019,2026-08-16T04:53:30+00:00
Amaluza,2022-11-03,1984.07,24019,2026-08-16T04:53:30+00:00
Amaluza,2022-11-04,1984.69,24019,2026-08-16T04:53:30+00:00
Amaluza,2022-11-05,1985.05,24019,2026-08-16T04:53:30+00:00
Amaluza,2022-11-06,1986.01,24019,2026-08-16T04:53:30+00:00
Amaluza,2022-11-07,1985.59,24019,2026-08-16T04:53:30+00:00
Amaluza,2022-11-08,1984.2,24019,2026-08-16T04:53:30+00:00
Amaluza,2022-11-09,1983.77,24019,2026-08-16T04:53:30+00:00
Amaluza,2022-11-10,1984.76,24019,2026-08-16T04:53:30+00:00
Amaluza,2022-11-11,1985.85,24019,2026-08-16T04:53:30+00:00
Amaluza,2022-11-12,1985.77,24019,2026-08-16T04:53:30+00:00
Amaluza,2022-11-13,1984.75,24019,2026-08-16T04:53:30+00:00
Amaluza,2022-11-14,1983.96,24019,2026-08-16T04:53:30+00:00
Amaluza,2022-11-15,1984.03,24019,2026-08-16T04:53:30+00:00
Amaluza,2022-11-16,1985.85,24019,2026-08-16T04:53:30+00:00
Amaluza,2022-11-17,1985.86,24019,2026-08-16T04:53:30+00:00
Amaluza,2022-11-18,1986.48,24019,2026-08-16T04:53:30+00:00
Amaluza,2022-11-19,1986.4,24019,2026-08-16T04:53:30+00:00
Amaluza,2022-11-20,1985.83,24019,2026-08-16T04:53:30+00:00
Amaluza,2022-11-21,1985.49,24019,2026-08-16T04:53:30+00:00
Amaluza,2022-11-22,1985.68,24019,2026-08-16T04:53:30+00:00
Amaluza,2022-11-23,1985.94,24019,2026-08-16T04:53:30+00:00
Amaluza,2022-11-24,1986.3,24019,2026-08-16T04:53:30+00:00
Amaluza,2022-11-25,1985.93,24019,2026-08-16T04:53:30+00:00
Amaluza,2022-11-26,1984.97,24019,2026-08-16T04:53:30+00:00
Amaluza,2022-11-27,1984.75,24019,2026-08-16T04:53:30+00:00
Amaluza,2022-11-28,1984.42,24019,2026-08-16T04:53:30+00:00
Amaluza,2022-11-29,1985.02,24019,2026-08-16T04:53:30+00:00
Amaluza,2022-12-01,1984.84,24019,2026-08-16T04:53:33+00:00
Amaluza,2022-12-02,1984.68,24019,2026-08-16T04:53:33+00:00
Amaluza,2022-12-03,1985.55,24019,2026-08-16T04:53:33+00:00
Amaluza,2022-12-04,1985.4,24019,2026-08-16T04:53:33+00:00
Amaluza,2022-12-05,1985.39,24019,2026-08-16T04:53:33+00:00
Amaluza,2022-12-06,1985.37,24019,2026-08-16T04:53:33+00:00
Amaluza,2022-12-07,1984.74,24019,2026-08-16T04:53:33+00:00
Amaluza,2022-12-08,1983.06,24019,2026-08-16T04:53:33+00:00
Amaluza,2022-12-09,1981.9,24019,2026-08-16T04:53:33+00:00
Amaluza,2022-12-10,1981.36,24019,2026-08-16T04:53:33+00:00
Amaluza,2022-12-11,1980.7,24019,2026-08-16T04:53:33+00:00
Amaluza,2022-12-12,1979.62,24019,2026-08-16T04:53:33+00:00
Amaluza,2022-12-13,1979.54,24019,2026-08-16T04:53:33+00:00
Amaluza,2022-12-14,1981.05,24019,2026-08-16T04:53:33+00:00
Amaluza,2022-12-15,1980.18,24019,2026-08-16T04:53:33+00:00
Amaluza,2022-12-16,1979.71,24019,2026-08-16T04:53:33+00:00
Amaluza,2022-12-17,1980.37,24019,2026-08-16T04:53:33+00:00
Amaluza,2022-12-18,1979.53,24019,2026-08-16T04:53:33+00:00
Amaluza,2022-12-19,1980.11,24019,2026-08-16T04:53:33+00:00
Amaluza,2022-12-20,1979.8,24019,2026-08-16T04:53:33+00:00
Amaluza,2022-12-21,1978.99,24019,2026-08-16T04:53:33+00:00
Amaluza,2022-12-22,1980.09,24019,2026-08-16T04:53:33+00:00
Amaluza,2022-12-23,1979.53,24019,2026-08-16T04:53:33+00:00
Amaluza,2022-12-24,1979.08,24019,2026-08-16T04:53:33+00:00
Amaluza,2022-12-25,1980.79,24019,2026-08-16T04:53:33+00:00
Amaluza,2022-12-26,1981.17,24019,2026-08-16T04:53:33+00:00
Amaluza,2022-12-27,1980.01,24019,2026-08-16T04:53:33+00:00
Amaluza,2022-12-28,1979.66,24019,2026-08-16T04:53:33+00:00
Amaluza,2022-12-29,1978.27,24019,2026-08-16T04:53:33+00:00
Amaluza,2022-12-30,1980.08,24019,2026-08-16T04:53:33+00:00
Amaluza,2023-01-01,1981.54,24019,2026-08-16T04:53:36+00:00
Amaluza,2023-01-02,1982.5,24019,2026-08-16T04:53:36+00:00
Amaluza,2023-01-03,1982.34,24019,2026-08-16T04:53:36+00:00
Amaluza,2023-01-04,1981.89,24019,2026-08-16T04:53:36+00:00
Amaluza,2023-01-05,1981.61,24019,2026-08-16T04:53:36+00:00
Amaluza,2023-01-06,1981.06,24019,2026-08-16T04:53:36+00:00
Amaluza,2023-01-07,1980.69,24019,2026-08-16T04:53:36+00:00
Amaluza,2023-01-08,1980.17,24019,2026-08-16T04:53:36+00:00
Amaluza,2023-01-09,1979.08,24019,2026-08-16T04:53:36+00:00
Amaluza,2023-01-10,1978.65,24019,2026-08-16T04:53:36+00:00
Amaluza,2023-01-11,1980.09,24019,2026-08-16T04:53:36+00:00
Amaluza,2023-01-12,1980.53,24019,2026-08-16T04:53:36+00:00
Amaluza,2023-01-13,1979.3,24019,2026-08-16T04:53:36+00:00
Amaluza,2023-01-14,1981.0,24019,2026-08-16T04:53:36+00:00
Amaluza,2023-01-15,1982.23,24019,2026-08-16T04:53:36+00:00
Amaluza,2023-01-16,1982.26,24019,2026-08-16T04:53:36+00:00
Amaluza,2023-01-17,1980.63,24019,2026-08-16T04:53:36+00:00
Amaluza,2023-01-18,1980.26,24019,2026-08-16T04:53:36+00:00
Amaluza,2023-01-19,1981.16,24019,2026-08-16T04:53:36+00:00
Amaluza,2023-01-20,1981.34,24019,2026-08-16T04:53:36+00:00
Amaluza,2023-01-21,1980.55,24019,2026-08-16T04:53:36+00:00
Amaluza,2023-01-22,1980.73,24019,2026-08-16T04:53:36+00:00
Amaluza,2023-01-23,1980.53,24019,2026-08-16T04:53:36+00:00
Amaluza,2023-01-24,1982.23,24019,2026-08-16T04:53:36+00:00
Amaluza,2023-01-25,1982.7,24019,2026-08-16T04:53:36+00:00
Amaluza,2023-01-26,1981.81,24019,2026-08-16T04:53:36+00:00
Amaluza,2023-01-27,1979.74,24019,2026-08-16T04:53:36+00:00
Amaluza,2023-01-28,1979.46,24019,2026-08-16T04:53:36+00:00
Amaluza,2023-01-29,1978.65,24019,2026-08-16T04:53:36+00:00
Amaluza,2023-01-30,1978.92,24019,2026-08-16T04:53:36+00:00
Amaluza,2023-02-01,1979.92,24019,2026-08-16T04:53:39+00:00
Amaluza,2023-02-02,1979.81,24019,2026-08-16T04:53:39+00:00
Amaluza,2023-02-03,1979.27,24019,2026-08-16T04:53:39+00:00
Amaluza,2023-02-04,1979.11,24019,2026-08-16T04:53:39+00:00
Amaluza,2023-02-05,1979.74,24019,2026-08-16T04:53:39+00:00
Amaluza,2023-02-06,1980.18,24019,2026-08-16T04:53:39+00:00
Amaluza,2023-02-07,1980.11,24019,2026-08-16T04:53:39+00:00
Amaluza,2023-02-08,1980.2,24019,2026-08-16T04:53:39+00:00
Amaluza,2023-02-09,1980.81,24019,2026-08-16T04:53:39+00:00
Amaluza,2023-02-10,1979.84,24019,2026-08-16T04:53:39+00:00
Amaluza,2023-02-11,1980.38,24019,2026-08-16T04:53:39+00:00
Amaluza,2023-02-12,1981.51,24019,2026-08-16T04:53:39+00:00
Amaluza,2023-02-13,1982.35,24019,2026-08-16T04:53:39+00:00
Amaluza,2023-02-14,1982.26,24019,2026-08-16T04:53:39+00:00
Amaluza,2023-02-15,1983.22,24019,2026-08-16T04:53:39+00:00
Amaluza,2023-02-16,1983.33,24019,2026-08-16T04:53:39+00:00
Amaluza,2023-02-17,1983.78,24019,2026-08-16T04:53:39+00:00
Amaluza,2023-02-18,1983.42,24019,2026-08-16T04:53:39+00:00
Amaluza,2023-02-19,1983.24,24019,2026-08-16T04:53:39+00:00
Amaluza,2023-02-20,1982.8,24019,2026-08-16T04:53:39+00:00
Amaluza,2023-02-21,1984.94,24019,2026-08-16T04:53:39+00:00
Amaluza,2023-02-22,1984.47,24019,2026-08-16T04:53:39+00:00
Amaluza,2023-02-23,1984.12,24019,2026-08-16T04:53:39+00:00
Amaluza,2023-02-24,1984.12,24019,2026-08-16T04:53:39+00:00
Amaluza,2023-02-25,1983.67,24019,2026-08-16T04:53:39+00:00
Amaluza,2023-02-26,1983.76,24019,2026-08-16T04:53:39+00:00
Amaluza,2023-02-27,1983.51,24019,2026-08-16T04:53:39+00:00
Amaluza,2023-03-01,1983.25,24019,2026-08-16T04:53:42+00:00
Amaluza,2023-03-02,1982.87,24019,2026-08-16T04:53:42+00:00
Amaluza,2023-03-03,1983.23,24019,2026-08-16T04:53:42+00:00
Amaluza,2023-03-04,1983.5,24019,2026-08-16T04:53:42+00:00
Amaluza,2023-03-05,1984.57,24019,2026-08-16T04:53:42+00:00
Amaluza,2023-03-06,1984.86,24019,2026-08-16T04:53:42+00:00
Amaluza,2023-03-07,1985.68,24019,2026-08-16T04:53:42+00:00
Amaluza,2023-03-08,1985.93,24019,2026-08-16T04:53:42+00:00
Amaluza,2023-03-09,1985.13,24019,2026-08-16T04:53:42+00:00
Amaluza,2023-03-10,1984.94,24019,2026-08-16T04:53:42+00:00
Amaluza,2023-03-11,1983.04,24019,2026-08-16T04:53:42+00:00
Amaluza,2023-03-12,1981.98,24019,2026-08-16T04:53:42+00:00
Amaluza,2023-03-13,1981.9,24019,2026-08-16T04:53:42+00:00
Amaluza,2023-03-14,1982.35,24019,2026-08-16T04:53:42+00:00
Amaluza,2023-03-15,1981.26,24019,2026-08-16T04:53:42+00:00
Amaluza,2023-03-16,1980.54,24019,2026-08-16T04:53:42+00:00
Amaluza,2023-03-17,1980.27,24019,2026-08-16T04:53:42+00:00
Amaluza,2023-03-18,1981.52,24019,2026-08-16T04:53:42+00:00
Amaluza,2023-03-19,1980.64,24019,2026-08-16T04:53:42+00:00
Amaluza,2023-03-20,1980.72,24019,2026-08-16T04:53:42+00:00
Amaluza,2023-03-21,1980.63,24019,2026-08-16T04:53:42+00:00
Amaluza,2023-03-22,1981.24,24019,2026-08-16T04:53:42+00:00
Amaluza,2023-03-23,1981.9,24019,2026-08-16T04:53:42+00:00
Amaluza,2023-03-24,1981.99,24019,2026-08-16T04:53:42+00:00
Amaluza,2023-03-25,1982.07,24019,2026-08-16T04:53:42+00:00
Amaluza,2023-03-26,1981.27,24019,2026-08-16T04:53:42+00:00
Amaluza,2023-03-27,1980.07,24019,2026-08-16T04:53:42+00:00
Amaluza,2023-03-28,1980.55,24019,2026-08-16T04:53:42+00:00
Amaluza,2023-03-29,1981.37,24019,2026-08-16T04:53:42+00:00
Amaluza,2023-03-30,1981.08,24019,2026-08-16T04:53:42+00:00
Amaluza,2023-04-01,1981.15,24019,2026-08-16T04:53:45+00:00
Amaluza,2023-04-02,1981.73,24019,2026-08-16T04:53:45+00:00
Amaluza,2023-04-03,1981.43,24019,2026-08-16T04:53:45+00:00
Amaluza,2023-04-04,1983.7,24019,2026-08-16T04:53:45+00:00
Amaluza,2023-04-05,1985.38,24019,2026-08-16T04:53:45+00:00
Amaluza,2023-04-06,1984.93,24019,2026-08-16T04:53:45+00:00
Amaluza,2023-04-07,1985.2,24019,2026-08-16T04:53:45+00:00
Amaluza,2023-04-08,1986.04,24019,2026-08-16T04:53:45+00:00
Amaluza,2023-04-09,1988.38,24019,2026-08-16T04:53:45+00:00
Amaluza,2023-04-10,1988.62,24019,2026-08-16T04:53:45+00:00
Amaluza,2023-04-11,1988.18,24019,2026-08-16T04:53:45+00:00
Amaluza,2023-04-12,1987.57,24019,2026-08-16T04:53:45+00:00
Amaluza,2023-04-13,1986.27,24019,2026-08-16T04:53:45+00:00
Amaluza,2023-04-14,1983.86,24019,2026-08-16T04:53:45+00:00
Amaluza,2023-04-15,1979.64,24019,2026-08-16T04:53:45+00:00
Amaluza,2023-04-16,1984.75,24019,2026-08-16T04:53:45+00:00
Amaluza,2023-04-17,1983.41,24019,2026-08-16T04:53:45+00:00
Amaluza,2023-04-18,1980.99,24019,2026-08-16T04:53:45+00:00
Amaluza,2023-04-19,1986.13,24019,2026-08-16T04:53:45+00:00
Amaluza,2023-04-20,1984.87,24019,2026-08-16T04:53:45+00:00
Amaluza,2023-04-21,1983.67,24019,2026-08-16T04:53:45+00:00
Amaluza,2023-04-22,1983.3,24019,2026-08-16T04:53:45+00:00
Amaluza,2023-04-23,1985.45,24019,2026-08-16T04:53:45+00:00
Amaluza,2023-04-24,1985.19,24019,2026-08-16T04:53:45+00:00
Amaluza,2023-04-25,1983.75,24019,2026-08-16T04:53:45+00:00
Amaluza,2023-04-26,1983.42,24019,2026-08-16T04:53:45+00:00
Amaluza,2023-04-27,1982.18,24019,2026-08-16T04:53:45+00:00
Amaluza,2023-04-28,1983.13,24019,2026-08-16T04:53:45+00:00
Amaluza,2023-04-29,1984.14,24019,2026-08-16T04:53:45+00:00
Amaluza,2023-05-01,1985.84,24019,2026-08-16T04:53:48+00:00
Amaluza,2023-05-02,1984.66,24019,2026-08-16T04:53:48+00:00
Amaluza,2023-05-03,1983.33,24019,2026-08-16T04:53:48+00:00
Amaluza,2023-05-04,1984.23,24019,2026-08-16T04:53:48+00:00
Amaluza,2023-05-05,1983.52,24019,2026-08-16T04:53:48+00:00
Amaluza,2023-05-06,1983.97,24019,2026-08-16T04:53:48+00:00
Amaluza,2023-05-07,1984.3,24019,2026-08-16T04:53:48+00:00
Amaluza,2023-05-08,1984.23,24019,2026-08-16T04:53:48+00:00
Amaluza,2023-05-09,1984.69,24019,2026-08-16T04:53:48+00:00
Amaluza,2023-05-10,1984.14,24019,2026-08-16T04:53:48+00:00
Amaluza,2023-05-11,1984.03,24019,2026-08-16T04:53:48+00:00
Amaluza,2023-05-12,1983.49,24019,2026-08-16T04:53:48+00:00
Amaluza,2023-05-13,1984.12,24019,2026-08-16T04:53:48+00:00
Amaluza,2023-05-14,1985.1,24019,2026-08-16T04:53:48+00:00
Amaluza,2023-05-15,1986.2,24019,2026-08-16T04:53:48+00:00
Amaluza,2023-05-16,1986.58,24019,2026-08-16T04:53:48+00:00
Amaluza,2023-05-17,1985.38,24019,2026-08-16T04:53:48+00:00
Amaluza,2023-05-18,1984.23,24019,2026-08-16T04:53:48+00:00
Amaluza,2023-05-19,1982.87,24019,2026-08-16T04:53:48+00:00
Amaluza,2023-05-20,1982.58,24019,2026-08-16T04:53:48+00:00
Amaluza,2023-05-21,1983.78,24019,2026-08-16T04:53:48+00:00
Amaluza,2023-05-22,1983.23,24019,2026-08-16T04:53:48+00:00
Amaluza,2023-05-23,1984.42,24019,2026-08-16T04:53:48+00:00
Amaluza,2023-05-24,1984.58,24019,2026-08-16T04:53:48+00:00
Amaluza,2023-05-25,1984.67,24019,2026-08-16T04:53:48+00:00
Amaluza,2023-05-26,1983.48,24019,2026-08-16T04:53:48+00:00
Amaluza,2023-05-27,1983.49,24019,2026-08-16T04:53:48+00:00
Amaluza,2023-05-28,1985.04,24019,2026-08-16T04:53:48+00:00
Amaluza,2023-05-29,1985.12,24019,2026-08-16T04:53:48+00:00
Amaluza,2023-05-30,1984.11,24019,2026-08-16T04:53:48+00:00
Amaluza,2023-06-01,1985.04,24019,2026-08-16T04:53:50+00:00
Amaluza,2023-06-02,1985.38,24019,2026-08-16T04:53:50+00:00
Amaluza,2023-06-03,1985.39,24019,2026-08-16T04:53:50+00:00
Amaluza,2023-06-04,1984.83,24019,2026-08-16T04:53:50+00:00
Amaluza,2023-06-05,1985.41,24019,2026-08-16T04:53:50+00:00
Amaluza,2023-06-06,1986.92,24019,2026-08-16T04:53:50+00:00
Amaluza,2023-06-07,1987.17,24019,2026-08-16T04:53:50+00:00
Amaluza,2023-06-08,1986.12,24019,2026-08-16T04:53:50+00:00
Amaluza,2023-06-09,1984.75,24019,2026-08-16T04:53:50+00:00
Amaluza,2023-06-10,1984.83,24019,2026-08-16T04:53:50+00:00
Amaluza,2023-06-11,1983.79,24019,2026-08-16T04:53:50+00:00
Amaluza,2023-06-12,1983.58,24019,2026-08-16T04:53:50+00:00
Amaluza,2023-06-13,1983.04,24019,2026-08-16T04:53:50+00:00
Amaluza,2023-06-14,1984.85,24019,2026-08-16T04:53:50+00:00
Amaluza,2023-06-15,1985.66,24019,2026-08-16T04:53:50+00:00
Amaluza,2023-06-16,1986.85,24019,2026-08-16T04:53:50+00:00
Amaluza,2023-06-17,1989.08,24019,2026-08-16T04:53:50+00:00
Amaluza,2023-06-18,1990.96,24019,2026-08-16T04:53:50+00:00
Amaluza,2023-06-19,1990.89,24019,2026-08-16T04:53:50+00:00
Amaluza,2023-06-20,1990.7,24019,2026-08-16T04:53:50+00:00
Amaluza,2023-06-21,1990.43,24019,2026-08-16T04:53:50+00:00
Amaluza,2023-06-22,1990.34,24019,2026-08-16T04:53:50+00:00
Amaluza,2023-06-23,1990.14,24019,2026-08-16T04:53:50+00:00
Amaluza,2023-06-24,1989.51,24019,2026-08-16T04:53:50+00:00
Amaluza,2023-06-25,1987.63,24019,2026-08-16T04:53:50+00:00
Amaluza,2023-06-26,1989.36,24019,2026-08-16T04:53:50+00:00
Amaluza,2023-06-27,1989.51,24019,2026-08-16T04:53:50+00:00
Amaluza,2023-06-28,1988.73,24019,2026-08-16T04:53:50+00:00
Amaluza,2023-06-29,1988.82,24019,2026-08-16T04:53:50+00:00
Amaluza,2023-07-01,1990.86,24019,2026-08-16T04:53:53+00:00
Amaluza,2023-07-02,1990.95,24019,2026-08-16T04:53:53+00:00
Amaluza,2023-07-03,1989.99,24019,2026-08-16T04:53:53+00:00
Amaluza,2023-07-04,1989.81,24019,2026-08-16T04:53:53+00:00
Amaluza,2023-07-05,1989.34,24019,2026-08-16T04:53:53+00:00
Amaluza,2023-07-06,1988.7,24019,2026-08-16T04:53:53+00:00
Amaluza,2023-07-07,1986.75,24019,2026-08-16T04:53:53+00:00
Amaluza,2023-07-08,1987.28,24019,2026-08-16T04:53:53+00:00
Amaluza,2023-07-09,1986.48,24019,2026-08-16T04:53:53+00:00
Amaluza,2023-07-10,1987.72,24019,2026-08-16T04:53:53+00:00
Amaluza,2023-07-11,1988.26,24019,2026-08-16T04:53:53+00:00
Amaluza,2023-07-12,1988.34,24019,2026-08-16T04:53:53+00:00
Amaluza,2023-07-13,1987.91,24019,2026-08-16T04:53:53+00:00
Amaluza,2023-07-14,1988.18,24019,2026-08-16T04:53:53+00:00
Amaluza,2023-07-15,1989.0,24019,2026-08-16T04:53:53+00:00
Amaluza,2023-07-16,1988.19,24019,2026-08-16T04:53:53+00:00
Amaluza,2023-07-17,1988.27,24019,2026-08-16T04:53:53+00:00
Amaluza,2023-07-18,1990.79,24019,2026-08-16T04:53:53+00:00
Amaluza,2023-07-19,1990.79,24019,2026-08-16T04:53:53+00:00
Amaluza,2023-07-20,1990.98,24019,2026-08-16T04:53:53+00:00
Amaluza,2023-07-21,1991.22,24019,2026-08-16T04:53:53+00:00
Amaluza,2023-07-22,1991.03,24019,2026-08-16T04:53:53+00:00
Amaluza,2023-07-23,1990.69,24019,2026-08-16T04:53:53+00:00
Amaluza,2023-07-24,1990.62,24019,2026-08-16T04:53:53+00:00
Amaluza,2023-07-25,1990.61,24019,2026-08-16T04:53:53+00:00
Amaluza,2023-07-26,1989.99,24019,2026-08-16T04:53:53+00:00
Amaluza,2023-07-27,1989.09,24019,2026-08-16T04:53:53+00:00
Amaluza,2023-07-28,1988.01,24019,2026-08-16T04:53:53+00:00
Amaluza,2023-07-29,1989.3,24019,2026-08-16T04:53:53+00:00
Amaluza,2023-07-30,1990.86,24019,2026-08-16T04:53:53+00:00
Amaluza,2023-08-01,1990.08,24019,2026-08-16T04:53:57+00:00
Amaluza,2023-08-02,1990.4,24019,2026-08-16T04:53:57+00:00
Amaluza,2023-08-03,1989.88,24019,2026-08-16T04:53:57+00:00
Amaluza,2023-08-04,1990.52,24019,2026-08-16T04:53:57+00:00
Amaluza,2023-08-05,1990.76,24019,2026-08-16T04:53:57+00:00
Amaluza,2023-08-06,1990.24,24019,2026-08-16T04:53:57+00:00
Amaluza,2023-08-07,1990.7,24019,2026-08-16T04:53:57+00:00
Amaluza,2023-08-08,1990.89,24019,2026-08-16T04:53:57+00:00
Amaluza,2023-08-09,1990.96,24019,2026-08-16T04:53:57+00:00
Amaluza,2023-08-10,1990.99,24019,2026-08-16T04:53:57+00:00
Amaluza,2023-08-11,1990.78,24019,2026-08-16T04:53:57+00:00
Amaluza,2023-08-12,1989.96,24019,2026-08-16T04:53:57+00:00
Amaluza,2023-08-13,1989.6,24019,2026-08-16T04:53:57+00:00
Amaluza,2023-08-14,1990.35,24019,2026-08-16T04:53:57+00:00
Amaluza,2023-08-15,1990.94,24019,2026-08-16T04:53:57+00:00
Amaluza,2023-08-16,1990.69,24019,2026-08-16T04:53:57+00:00
Amaluza,2023-08-17,1990.86,24019,2026-08-16T04:53:57+00:00
Amaluza,2023-08-18,1990.95,24019,2026-08-16T04:53:57+00:00
Amaluza,2023-08-19,1990.51,24019,2026-08-16T04:53:57+00:00
Amaluza,2023-08-20,1989.7,24019,2026-08-16T04:53:57+00:00
Amaluza,2023-08-21,1990.95,24019,2026-08-16T04:53:57+00:00
Amaluza,2023-08-22,1991.14,24019,2026-08-16T04:53:57+00:00
Amaluza,2023-08-23,1990.71,24019,2026-08-16T04:53:57+00:00
Amaluza,2023-08-24,1990.69,24019,2026-08-16T04:53:57+00:00
Amaluza,2023-08-25,1990.87,24019,2026-08-16T04:53:57+00:00
Amaluza,2023-08-26,1990.88,24019,2026-08-16T04:53:57+00:00
Amaluza,2023-08-27,1990.77,24019,2026-08-16T04:53:57+00:00
Amaluza,2023-08-28,1990.08,24019,2026-08-16T04:53:57+00:00
Amaluza,2023-08-29,1990.16,24019,2026-08-16T04:53:57+00:00
Amaluza,2023-08-30,1990.78,24019,2026-08-16T04:53:57+00:00
Amaluza,2023-09-01,1988.08,24019,2026-08-16T04:53:59+00:00
Amaluza,2023-09-02,1987.01,24019,2026-08-16T04:53:59+00:00
Amaluza,2023-09-03,1986.38,24019,2026-08-16T04:53:59+00:00
Amaluza,2023-09-04,1984.83,24019,2026-08-16T04:53:59+00:00
Amaluza,2023-09-05,1983.88,24019,2026-08-16T04:53:59+00:00
Amaluza,2023-09-06,1983.94,24019,2026-08-16T04:53:59+00:00
Amaluza,2023-09-07,1983.34,24019,2026-08-16T04:53:59+00:00
Amaluza,2023-09-08,1982.33,24019,2026-08-16T04:53:59+00:00
Amaluza,2023-09-09,1981.69,24019,2026-08-16T04:53:59+00:00
Amaluza,2023-09-10,1981.36,24019,2026-08-16T04:53:59+00:00
Amaluza,2023-09-11,1981.37,24019,2026-08-16T04:53:59+00:00
Amaluza,2023-09-12,1980.07,24019,2026-08-16T04:53:59+00:00
Amaluza,2023-09-13,1979.09,24019,2026-08-16T04:53:59+00:00
Amaluza,2023-09-14,1981.0,24019,2026-08-16T04:53:59+00:00
Amaluza,2023-09-15,1981.43,24019,2026-08-16T04:53:59+00:00
Amaluza,2023-09-16,1981.36,24019,2026-08-16T04:53:59+00:00
Amaluza,2023-09-17,1980.9,24019,2026-08-16T04:53:59+00:00
Amaluza,2023-09-18,1981.34,24019,2026-08-16T04:53:59+00:00
Amaluza,2023-09-19,1981.53,24019,2026-08-16T04:53:59+00:00
Amaluza,2023-09-20,1980.98,24019,2026-08-16T04:53:59+00:00
Amaluza,2023-09-21,1979.27,24019,2026-08-16T04:53:59+00:00
Amaluza,2023-09-22,1976.73,24019,2026-08-16T04:53:59+00:00
Amaluza,2023-09-23,1979.89,24019,2026-08-16T04:53:59+00:00
Amaluza,2023-09-24,1981.97,24019,2026-08-16T04:53:59+00:00
Amaluza,2023-09-25,1981.09,24019,2026-08-16T04:53:59+00:00
Amaluza,2023-09-26,1980.73,24019,2026-08-16T04:53:59+00:00
Amaluza,2023-09-27,1979.02,24019,2026-08-16T04:53:59+00:00
Amaluza,2023-09-28,1979.37,24019,2026-08-16T04:53:59+00:00
Amaluza,2023-09-29,1979.26,24019,2026-08-16T04:53:59+00:00
Amaluza,2023-10-01,1982.06,24019,2026-08-16T04:54:03+00:00
Amaluza,2023-10-02,1981.15,24019,2026-08-16T04:54:03+00:00
Amaluza,2023-10-03,1978.64,24019,2026-08-16T04:54:03+00:00
Amaluza,2023-10-04,1976.97,24019,2026-08-16T04:54:03+00:00
Amaluza,2023-10-05,1978.21,24019,2026-08-16T04:54:03+00:00
Amaluza,2023-10-06,1975.25,24019,2026-08-16T04:54:03+00:00
Amaluza,2023-10-07,1974.8,24019,2026-08-16T04:54:03+00:00
Amaluza,2023-10-08,1976.55,24019,2026-08-16T04:54:03+00:00
Amaluza,2023-10-09,1979.89,24019,2026-08-16T04:54:03+00:00
Amaluza,2023-10-10,1978.93,24019,2026-08-16T04:54:03+00:00
Amaluza,2023-10-11,1978.72,24019,2026-08-16T04:54:03+00:00
Amaluza,2023-10-12,1977.75,24019,2026-08-16T04:54:03+00:00
Amaluza,2023-10-13,1975.79,24019,2026-08-16T04:54:03+00:00
Amaluza,2023-10-14,1978.3,24019,2026-08-16T04:54:03+00:00
Amaluza,2023-10-15,1981.0,24019,2026-08-16T04:54:03+00:00
Amaluza,2023-10-16,1981.09,24019,2026-08-16T04:54:03+00:00
Amaluza,2023-10-17,1979.53,24019,2026-08-16T04:54:03+00:00
Amaluza,2023-10-18,1977.58,24019,2026-08-16T04:54:03+00:00
Amaluza,2023-10-19,1978.3,24019,2026-08-16T04:54:03+00:00
Amaluza,2023-10-20,1977.95,24019,2026-08-16T04:54:03+00:00
Amaluza,2023-10-21,1976.14,24019,2026-08-16T04:54:03+00:00
Amaluza,2023-10-22,1978.02,24019,2026-08-16T04:54:03+00:00
Amaluza,2023-10-23,1977.33,24019,2026-08-16T04:54:03+00:00
Amaluza,2023-10-24,1975.75,24019,2026-08-16T04:54:03+00:00
Amaluza,2023-10-25,1975.39,24019,2026-08-16T04:54:03+00:00
Amaluza,2023-10-26,1975.42,24019,2026-08-16T04:54:03+00:00
Amaluza,2023-10-27,1976.14,24019,2026-08-16T04:54:03+00:00
Amaluza,2023-10-28,1976.42,24019,2026-08-16T04:54:03+00:00
Amaluza,2023-10-29,1976.24,24019,2026-08-16T04:54:03+00:00
Amaluza,2023-10-30,1977.29,24019,2026-08-16T04:54:03+00:00
Amaluza,2023-11-01,1977.31,24019,2026-08-16T04:54:05+00:00
Amaluza,2023-11-02,1978.2,24019,2026-08-16T04:54:05+00:00
Amaluza,2023-11-03,1976.57,24019,2026-08-16T04:54:05+00:00
Amaluza,2023-11-04,1976.74,24019,2026-08-16T04:54:05+00:00
Amaluza,2023-11-05,1977.18,24019,2026-08-16T04:54:05+00:00
Amaluza,2023-11-06,1977.74,24019,2026-08-16T04:54:05+00:00
Amaluza,2023-11-07,1977.04,24019,2026-08-16T04:54:05+00:00
Amaluza,2023-11-08,1978.18,24019,2026-08-16T04:54:05+00:00
Amaluza,2023-11-09,1979.0,24019,2026-08-16T04:54:05+00:00
Amaluza,2023-11-10,1980.34,24019,2026-08-16T04:54:05+00:00
Amaluza,2023-11-11,1980.63,24019,2026-08-16T04:54:05+00:00
Amaluza,2023-11-12,1981.98,24019,2026-08-16T04:54:05+00:00
Amaluza,2023-11-13,1981.98,24019,2026-08-16T04:54:05+00:00
Amaluza,2023-11-14,1981.28,24019,2026-08-16T04:54:05+00:00
Amaluza,2023-11-15,1981.78,24019,2026-08-16T04:54:05+00:00
Amaluza,2023-11-16,1982.31,24019,2026-08-16T04:54:05+00:00
Amaluza,2023-11-17,1981.55,24019,2026-08-16T04:54:05+00:00
Amaluza,2023-11-18,1980.99,24019,2026-08-16T04:54:05+00:00
Amaluza,2023-11-19,1980.82,24019,2026-08-16T04:54:05+00:00
Amaluza,2023-11-20,1981.55,24019,2026-08-16T04:54:05+00:00
Amaluza,2023-11-21,1981.89,24019,2026-08-16T04:54:05+00:00
Amaluza,2023-11-22,1982.05,24019,2026-08-16T04:54:05+00:00
Amaluza,2023-11-23,1981.08,24019,2026-08-16T04:54:05+00:00
Amaluza,2023-11-24,1980.53,24019,2026-08-16T04:54:05+00:00
Amaluza,2023-11-25,1979.97,24019,2026-08-16T04:54:05+00:00
Amaluza,2023-11-26,1980.37,24019,2026-08-16T04:54:05+00:00
Amaluza,2023-11-27,1980.98,24019,2026-08-16T04:54:05+00:00
Amaluza,2023-11-28,1981.33,24019,2026-08-16T04:54:05+00:00
Amaluza,2023-11-29,1981.52,24019,2026-08-16T04:54:05+00:00
Amaluza,2023-12-01,1982.77,24019,2026-08-16T04:54:08+00:00
Amaluza,2023-12-02,1983.43,24019,2026-08-16T04:54:08+00:00
Amaluza,2023-12-03,1983.68,24019,2026-08-16T04:54:08+00:00
Amaluza,2023-12-04,1984.32,24019,2026-08-16T04:54:08+00:00
Amaluza,2023-12-05,1983.95,24019,2026-08-16T04:54:08+00:00
Amaluza,2023-12-06,1984.04,24019,2026-08-16T04:54:08+00:00
Amaluza,2023-12-07,1982.77,24019,2026-08-16T04:54:08+00:00
Amaluza,2023-12-08,1981.46,24019,2026-08-16T04:54:08+00:00
Amaluza,2023-12-09,1982.14,24019,2026-08-16T04:54:08+00:00
Amaluza,2023-12-10,1982.15,24019,2026-08-16T04:54:08+00:00
Amaluza,2023-12-11,1982.44,24019,2026-08-16T04:54:08+00:00
Amaluza,2023-12-12,1982.7,24019,2026-08-16T04:54:08+00:00
Amaluza,2023-12-13,1982.97,24019,2026-08-16T04:54:08+00:00
Amaluza,2023-12-14,1982.7,24019,2026-08-16T04:54:08+00:00
Amaluza,2023-12-15,1983.22,24019,2026-08-16T04:54:08+00:00
Amaluza,2023-12-16,1985.03,24019,2026-08-16T04:54:08+00:00
Amaluza,2023-12-17,1985.3,24019,2026-08-16T04:54:08+00:00
Amaluza,2023-12-18,1986.02,24019,2026-08-16T04:54:08+00:00
Amaluza,2023-12-19,1985.65,24019,2026-08-16T04:54:08+00:00
Amaluza,2023-12-20,1985.3,24019,2026-08-16T04:54:08+00:00
Amaluza,2023-12-21,1984.66,24019,2026-08-16T04:54:08+00:00
Amaluza,2023-12-22,1984.76,24019,2026-08-16T04:54:08+00:00
Amaluza,2023-12-23,1984.78,24019,2026-08-16T04:54:08+00:00
Amaluza,2023-12-24,1984.87,24019,2026-08-16T04:54:08+00:00
Amaluza,2023-12-25,1985.5,24019,2026-08-16T04:54:08+00:00
Amaluza,2023-12-26,1985.41,24019,2026-08-16T04:54:08+00:00
Amaluza,2023-12-27,1986.56,24019,2026-08-16T04:54:08+00:00
Amaluza,2023-12-28,1986.66,24019,2026-08-16T04:54:08+00:00
Amaluza,2023-12-29,1985.2,24019,2026-08-16T04:54:08+00:00
Amaluza,2023-12-30,1984.42,24019,2026-08-16T04:54:08+00:00
Amaluza,2024-01-01,1984.22,24019,2026-08-16T04:54:11+00:00
Amaluza,2024-01-02,1984.32,24019,2026-08-16T04:54:11+00:00
Amaluza,2024-01-03,1984.24,24019,2026-08-16T04:54:11+00:00
Amaluza,2024-01-04,1984.67,24019,2026-08-16T04:54:11+00:00
Amaluza,2024-01-05,1984.94,24019,2026-08-16T04:54:11+00:00
Amaluza,2024-01-06,1984.66,24019,2026-08-16T04:54:11+00:00
Amaluza,2024-01-07,1985.21,24019,2026-08-16T04:54:11+00:00
Amaluza,2024-01-08,1984.57,24019,2026-08-16T04:54:11+00:00
Amaluza,2024-01-09,1984.29,24019,2026-08-16T04:54:11+00:00
Amaluza,2024-01-10,1983.32,24019,2026-08-16T04:54:11+00:00
Amaluza,2024-01-11,1982.4,24019,2026-08-16T04:54:11+00:00
Amaluza,2024-01-12,1982.71,24019,2026-08-16T04:54:11+00:00
Amaluza,2024-01-13,1982.84,24019,2026-08-16T04:54:11+00:00
Amaluza,2024-01-14,1982.96,24019,2026-08-16T04:54:11+00:00
Amaluza,2024-01-15,1982.97,24019,2026-08-16T04:54:11+00:00
Amaluza,2024-01-16,1983.23,24019,2026-08-16T04:54:11+00:00
Amaluza,2024-01-17,1985.48,24019,2026-08-16T04:54:11+00:00
Amaluza,2024-01-18,1985.87,24019,2026-08-16T04:54:11+00:00
Amaluza,2024-01-19,1984.65,24019,2026-08-16T04:54:11+00:00
Amaluza,2024-01-20,1984.6,24019,2026-08-16T04:54:11+00:00
Amaluza,2024-01-21,1984.48,24019,2026-08-16T04:54:11+00:00
Amaluza,2024-01-22,1984.84,24019,2026-08-16T04:54:11+00:00
Amaluza,2024-01-23,1984.58,24019,2026-08-16T04:54:11+00:00
Amaluza,2024-01-24,1984.76,24019,2026-08-16T04:54:11+00:00
Amaluza,2024-01-25,1984.14,24019,2026-08-16T04:54:11+00:00
Amaluza,2024-01-26,1983.88,24019,2026-08-16T04:54:11+00:00
Amaluza,2024-01-27,1983.68,24019,2026-08-16T04:54:11+00:00
Amaluza,2024-01-28,1984.3,24019,2026-08-16T04:54:11+00:00
Amaluza,2024-01-29,1984.86,24019,2026-08-16T04:54:11+00:00
Amaluza,2024-01-30,1984.93,24019,2026-08-16T04:54:11+00:00
Amaluza,2024-02-01,1985.66,24019,2026-08-16T04:54:14+00:00
Amaluza,2024-02-02,1985.39,24019,2026-08-16T04:54:14+00:00
Amaluza,2024-02-03,1985.14,24019,2026-08-16T04:54:14+00:00
Amaluza,2024-02-04,1984.13,24019,2026-08-16T04:54:14+00:00
Amaluza,2024-02-05,1985.04,24019,2026-08-16T04:54:14+00:00
Amaluza,2024-02-06,1985.66,24019,2026-08-16T04:54:14+00:00
Amaluza,2024-02-07,1984.86,24019,2026-08-16T04:54:14+00:00
Amaluza,2024-02-08,1984.4,24019,2026-08-16T04:54:14+00:00
Amaluza,2024-02-09,1983.75,24019,2026-08-16T04:54:14+00:00
Amaluza,2024-02-10,1983.87,24019,2026-08-16T04:54:14+00:00
Amaluza,2024-02-11,1985.04,24019,2026-08-16T04:54:14+00:00
Amaluza,2024-02-12,1986.75,24019,2026-08-16T04:54:14+00:00
Amaluza,2024-02-13,1986.72,24019,2026-08-16T04:54:14+00:00
Amaluza,2024-02-14,1986.89,24019,2026-08-16T04:54:14+00:00
Amaluza,2024-02-15,1987.62,24019,2026-08-16T04:54:14+00:00
Amaluza,2024-02-16,1987.89,24019,2026-08-16T04:54:14+00:00
Amaluza,2024-02-17,1987.39,24019,2026-08-16T04:54:14+00:00
Amaluza,2024-02-18,1985.77,24019,2026-08-16T04:54:14+00:00
Amaluza,2024-02-19,1985.0,24019,2026-08-16T04:54:14+00:00
Amaluza,2024-02-20,1985.23,24019,2026-08-16T04:54:14+00:00
Amaluza,2024-02-21,1984.77,24019,2026-08-16T04:54:14+00:00
Amaluza,2024-02-22,1983.96,24019,2026-08-16T04:54:14+00:00
Amaluza,2024-02-23,1983.43,24019,2026-08-16T04:54:14+00:00
Amaluza,2024-02-24,1983.06,24019,2026-08-16T04:54:14+00:00
Amaluza,2024-02-25,1982.78,24019,2026-08-16T04:54:14+00:00
Amaluza,2024-02-26,1981.89,24019,2026-08-16T04:54:14+00:00
Amaluza,2024-02-27,1980.82,24019,2026-08-16T04:54:14+00:00
Amaluza,2024-02-28,1982.13,24019,2026-08-16T04:54:14+00:00
Amaluza,2024-03-01,1984.95,24019,2026-08-16T04:54:17+00:00
Amaluza,2024-03-02,1984.06,24019,2026-08-16T04:54:17+00:00
Amaluza,2024-03-03,1983.66,24019,2026-08-16T04:54:17+00:00
Amaluza,2024-03-04,1984.32,24019,2026-08-16T04:54:17+00:00
Amaluza,2024-03-05,1983.79,24019,2026-08-16T04:54:17+00:00
Amaluza,2024-03-06,1984.59,24019,2026-08-16T04:54:17+00:00
Amaluza,2024-03-07,1986.04,24019,2026-08-16T04:54:17+00:00
Amaluza,2024-03-08,1986.19,24019,2026-08-16T04:54:17+00:00
Amaluza,2024-03-09,1985.74,24019,2026-08-16T04:54:17+00:00
Amaluza,2024-03-10,1985.74,24019,2026-08-16T04:54:17+00:00
Amaluza,2024-03-11,1984.67,24019,2026-08-16T04:54:17+00:00
Amaluza,2024-03-12,1983.22,24019,2026-08-16T04:54:17+00:00
Amaluza,2024-03-13,1986.19,24019,2026-08-16T04:54:17+00:00
Amaluza,2024-03-14,1986.39,24019,2026-08-16T04:54:17+00:00
Amaluza,2024-03-15,1986.54,24019,2026-08-16T04:54:17+00:00
Amaluza,2024-03-16,1984.78,24019,2026-08-16T04:54:17+00:00
Amaluza,2024-03-17,1984.39,24019,2026-08-16T04:54:17+00:00
Amaluza,2024-03-18,1983.21,24019,2026-08-16T04:54:17+00:00
Amaluza,2024-03-19,1982.58,24019,2026-08-16T04:54:17+00:00
Amaluza,2024-03-20,1982.79,24019,2026-08-16T04:54:17+00:00
Amaluza,2024-03-21,1981.98,24019,2026-08-16T04:54:17+00:00
Amaluza,2024-03-22,1979.81,24019,2026-08-16T04:54:17+00:00
Amaluza,2024-03-23,1984.02,24019,2026-08-16T04:54:17+00:00
Amaluza,2024-03-24,1982.87,24019,2026-08-16T04:54:17+00:00
Amaluza,2024-03-25,1980.99,24019,2026-08-16T04:54:17+00:00
Amaluza,2024-03-26,1978.36,24019,2026-08-16T04:54:17+00:00
Amaluza,2024-03-27,1981.25,24019,2026-08-16T04:54:17+00:00
Amaluza,2024-03-28,1978.01,24019,2026-08-16T04:54:17+00:00
Amaluza,2024-03-29,1979.37,24019,2026-08-16T04:54:17+00:00
Amaluza,2024-03-30,1980.34,24019,2026-08-16T04:54:17+00:00
Amaluza,2024-04-01,1981.44,24019,2026-08-16T04:54:20+00:00
Amaluza,2024-04-02,1980.64,24019,2026-08-16T04:54:20+00:00
Amaluza,2024-04-03,1979.39,24019,2026-08-16T04:54:20+00:00
Amaluza,2024-04-04,1978.74,24019,2026-08-16T04:54:20+00:00
Amaluza,2024-04-05,1979.09,24019,2026-08-16T04:54:20+00:00
Amaluza,2024-04-06,1980.09,24019,2026-08-16T04:54:20+00:00
Amaluza,2024-04-07,1981.6,24019,2026-08-16T04:54:20+00:00
Amaluza,2024-04-08,1981.09,24019,2026-08-16T04:54:20+00:00
Amaluza,2024-04-09,1980.54,24019,2026-08-16T04:54:20+00:00
Amaluza,2024-04-10,1979.38,24019,2026-08-16T04:54:20+00:00
Amaluza,2024-04-11,1977.57,24019,2026-08-16T04:54:20+00:00
Amaluza,2024-04-12,1974.45,24019,2026-08-16T04:54:20+00:00
Amaluza,2024-04-13,1973.35,24019,2026-08-16T04:54:20+00:00
Amaluza,2024-04-14,1974.63,24019,2026-08-16T04:54:20+00:00
Amaluza,2024-04-15,1971.65,24019,2026-08-16T04:54:20+00:00
Amaluza,2024-04-16,1974.09,24019,2026-08-16T04:54:20+00:00
Amaluza,2024-04-17,1976.06,24019,2026-08-16T04:54:20+00:00
Amaluza,2024-04-18,1974.52,24019,2026-08-16T04:54:20+00:00
Amaluza,2024-04-19,1976.14,24019,2026-08-16T04:54:20+00:00
Amaluza,2024-04-20,1976.04,24019,2026-08-16T04:54:20+00:00
Amaluza,2024-04-21,1977.3,24019,2026-08-16T04:54:20+00:00
Amaluza,2024-04-22,1979.09,24019,2026-08-16T04:54:20+00:00
Amaluza,2024-04-23,1979.29,24019,2026-08-16T04:54:20+00:00
Amaluza,2024-04-24,1980.81,24019,2026-08-16T04:54:20+00:00
Amaluza,2024-04-25,1981.61,24019,2026-08-16T04:54:20+00:00
Amaluza,2024-04-26,1982.44,24019,2026-08-16T04:54:20+00:00
Amaluza,2024-04-27,1981.1,24019,2026-08-16T04:54:20+00:00
Amaluza,2024-04-28,1981.68,24019,2026-08-16T04:54:20+00:00
Amaluza,2024-04-29,1982.58,24019,2026-08-16T04:54:20+00:00
Amaluza,2024-05-01,1983.58,24019,2026-08-16T04:54:23+00:00
Amaluza,2024-05-02,1983.14,24019,2026-08-16T04:54:23+00:00
Amaluza,2024-05-03,1982.96,24019,2026-08-16T04:54:23+00:00
Amaluza,2024-05-04,1982.86,24019,2026-08-16T04:54:23+00:00
Amaluza,2024-05-05,1985.03,24019,2026-08-16T04:54:23+00:00
Amaluza,2024-05-06,1985.29,24019,2026-08-16T04:54:23+00:00
Amaluza,2024-05-07,1985.1,24019,2026-08-16T04:54:23+00:00
Amaluza,2024-05-08,1985.55,24019,2026-08-16T04:54:23+00:00
Amaluza,2024-05-09,1983.58,24019,2026-08-16T04:54:23+00:00
Amaluza,2024-05-10,1983.3,24019,2026-08-16T04:54:23+00:00
Amaluza,2024-05-11,1983.41,24019,2026-08-16T04:54:23+00:00
Amaluza,2024-05-12,1984.2,24019,2026-08-16T04:54:23+00:00
Amaluza,2024-05-13,1985.47,24019,2026-08-16T04:54:23+00:00
Amaluza,2024-05-14,1984.57,24019,2026-08-16T04:54:23+00:00
Amaluza,2024-05-15,1984.51,24019,2026-08-16T04:54:23+00:00
Amaluza,2024-05-16,1984.85,24019,2026-08-16T04:54:23+00:00
Amaluza,2024-05-17,1984.52,24019,2026-08-16T04:54:23+00:00
Amaluza,2024-05-18,1984.32,24019,2026-08-16T04:54:23+00:00
Amaluza,2024-05-19,1985.37,24019,2026-08-16T04:54:23+00:00
Amaluza,2024-05-20,1987.11,24019,2026-08-16T04:54:23+00:00
Amaluza,2024-05-21,1986.22,24019,2026-08-16T04:54:23+00:00
Amaluza,2024-05-22,1985.31,24019,2026-08-16T04:54:23+00:00
Amaluza,2024-05-23,1984.22,24019,2026-08-16T04:54:23+00:00
Amaluza,2024-05-24,1983.22,24019,2026-08-16T04:54:23+00:00
Amaluza,2024-05-25,1984.03,24019,2026-08-16T04:54:23+00:00
Amaluza,2024-05-26,1982.33,24019,2026-08-16T04:54:23+00:00
Amaluza,2024-05-27,1983.21,24019,2026-08-16T04:54:23+00:00
Amaluza,2024-05-28,1986.11,24019,2026-08-16T04:54:23+00:00
Amaluza,2024-05-29,1985.67,24019,2026-08-16T04:54:23+00:00
Amaluza,2024-05-30,1984.12,24019,2026-08-16T04:54:23+00:00
Amaluza,2024-06-01,1984.66,24019,2026-08-16T04:54:26+00:00
Amaluza,2024-06-02,1984.83,24019,2026-08-16T04:54:26+00:00
Amaluza,2024-06-03,1985.46,24019,2026-08-16T04:54:26+00:00
Amaluza,2024-06-04,1984.67,24019,2026-08-16T04:54:26+00:00
Amaluza,2024-06-05,1985.48,24019,2026-08-16T04:54:26+00:00
Amaluza,2024-06-06,1985.77,24019,2026-08-16T04:54:26+00:00
Amaluza,2024-06-07,1985.41,24019,2026-08-16T04:54:26+00:00
Amaluza,2024-06-08,1985.38,24019,2026-08-16T04:54:26+00:00
Amaluza,2024-06-09,1984.94,24019,2026-08-16T04:54:26+00:00
Amaluza,2024-06-10,1984.83,24019,2026-08-16T04:54:26+00:00
Amaluza,2024-06-11,1985.3,24019,2026-08-16T04:54:26+00:00
Amaluza,2024-06-12,1985.92,24019,2026-08-16T04:54:26+00:00
Amaluza,2024-06-13,1986.86,24019,2026-08-16T04:54:26+00:00
Amaluza,2024-06-14,1984.66,24019,2026-08-16T04:54:26+00:00
Amaluza,2024-06-15,1984.95,24019,2026-08-16T04:54:26+00:00
Amaluza,2024-06-16,1990.61,24019,2026-08-16T04:54:26+00:00
Amaluza,2024-06-17,1990.71,24019,2026-08-16T04:54:26+00:00
Amaluza,2024-06-18,1990.06,24019,2026-08-16T04:54:26+00:00
Amaluza,2024-06-19,1989.99,24019,2026-08-16T04:54:26+00:00
Amaluza,2024-06-20,1988.89,24019,2026-08-16T04:54:26+00:00
Amaluza,2024-06-21,1989.34,24019,2026-08-16T04:54:26+00:00
Amaluza,2024-06-22,1990.25,24019,2026-08-16T04:54:26+00:00
Amaluza,2024-06-23,1990.32,24019,2026-08-16T04:54:26+00:00
Amaluza,2024-06-24,1989.81,24019,2026-08-16T04:54:26+00:00
Amaluza,2024-06-25,1988.9,24019,2026-08-16T04:54:26+00:00
Amaluza,2024-06-26,1987.64,24019,2026-08-16T04:54:26+00:00
Amaluza,2024-06-27,1986.31,24019,2026-08-16T04:54:26+00:00
Amaluza,2024-06-28,1985.91,24019,2026-08-16T04:54:26+00:00
Amaluza,2024-06-29,1985.38,24019,2026-08-16T04:54:26+00:00
Amaluza,2024-07-01,1984.49,24019,2026-08-16T04:54:29+00:00
Amaluza,2024-07-02,1985.12,24019,2026-08-16T04:54:29+00:00
Amaluza,2024-07-03,1985.83,24019,2026-08-16T04:54:29+00:00
Amaluza,2024-07-04,1984.38,24019,2026-08-16T04:54:29+00:00
Amaluza,2024-07-05,1983.85,24019,2026-08-16T04:54:29+00:00
Amaluza,2024-07-06,1984.3,24019,2026-08-16T04:54:29+00:00
Amaluza,2024-07-07,1984.75,24019,2026-08-16T04:54:29+00:00
Amaluza,2024-07-08,1984.94,24019,2026-08-16T04:54:29+00:00
Amaluza,2024-07-09,1984.74,24019,2026-08-16T04:54:29+00:00
Amaluza,2024-07-10,1984.85,24019,2026-08-16T04:54:29+00:00
Amaluza,2024-07-11,1984.67,24019,2026-08-16T04:54:29+00:00
Amaluza,2024-07-12,1984.51,24019,2026-08-16T04:54:29+00:00
Amaluza,2024-07-13,1987.69,24019,2026-08-16T04:54:29+00:00
Amaluza,2024-07-14,1987.85,24019,2026-08-16T04:54:29+00:00
Amaluza,2024-07-15,1989.87,24019,2026-08-16T04:54:29+00:00
Amaluza,2024-07-16,1988.81,24019,2026-08-16T04:54:29+00:00
Amaluza,2024-07-17,1987.63,24019,2026-08-16T04:54:29+00:00
Amaluza,2024-07-18,1986.38,24019,2026-08-16T04:54:29+00:00
Amaluza,2024-07-19,1985.57,24019,2026-08-16T04:54:29+00:00
Amaluza,2024-07-20,1985.46,24019,2026-08-16T04:54:29+00:00
Amaluza,2024-07-21,1985.67,24019,2026-08-16T04:54:29+00:00
Amaluza,2024-07-22,1985.11,24019,2026-08-16T04:54:29+00:00
Amaluza,2024-07-23,1984.95,24019,2026-08-16T04:54:29+00:00
Amaluza,2024-07-24,1985.02,24019,2026-08-16T04:54:29+00:00
Amaluza,2024-07-25,1983.58,24019,2026-08-16T04:54:29+00:00
Amaluza,2024-07-26,1984.22,24019,2026-08-16T04:54:29+00:00
Amaluza,2024-07-27,1984.69,24019,2026-08-16T04:54:29+00:00
Amaluza,2024-07-28,1984.78,24019,2026-08-16T04:54:29+00:00
Amaluza,2024-07-29,1984.48,24019,2026-08-16T04:54:29+00:00
Amaluza,2024-07-30,1984.78,24019,2026-08-16T04:54:29+00:00
Amaluza,2024-08-01,1984.41,24019,2026-08-16T04:54:32+00:00
Amaluza,2024-08-02,1984.06,24019,2026-08-16T04:54:32+00:00
Amaluza,2024-08-03,1984.31,24019,2026-08-16T04:54:32+00:00
Amaluza,2024-08-04,1984.33,24019,2026-08-16T04:54:32+00:00
Amaluza,2024-08-05,1984.85,24019,2026-08-16T04:54:32+00:00
Amaluza,2024-08-06,1986.72,24019,2026-08-16T04:54:32+00:00
Amaluza,2024-08-07,1987.28,24019,2026-08-16T04:54:32+00:00
Amaluza,2024-08-08,1988.0,24019,2026-08-16T04:54:32+00:00
Amaluza,2024-08-09,1987.25,24019,2026-08-16T04:54:32+00:00
Amaluza,2024-08-10,1988.37,24019,2026-08-16T04:54:32+00:00
Amaluza,2024-08-11,1988.35,24019,2026-08-16T04:54:32+00:00
Amaluza,2024-08-12,1987.74,24019,2026-08-16T04:54:32+00:00
Amaluza,2024-08-13,1988.1,24019,2026-08-16T04:54:32+00:00
Amaluza,2024-08-14,1988.61,24019,2026-08-16T04:54:32+00:00
Amaluza,2024-08-15,1988.2,24019,2026-08-16T04:54:32+00:00
Amaluza,2024-08-16,1989.18,24019,2026-08-16T04:54:32+00:00
Amaluza,2024-08-17,1988.26,24019,2026-08-16T04:54:32+00:00
Amaluza,2024-08-18,1987.46,24019,2026-08-16T04:54:32+00:00
Amaluza,2024-08-19,1987.74,24019,2026-08-16T04:54:32+00:00
Amaluza,2024-08-20,1987.27,24019,2026-08-16T04:54:32+00:00
Amaluza,2024-08-21,1987.18,24019,2026-08-16T04:54:32+00:00
Amaluza,2024-08-22,1986.45,24019,2026-08-16T04:54:32+00:00
Amaluza,2024-08-23,1986.81,24019,2026-08-16T04:54:32+00:00
Amaluza,2024-08-24,1987.74,24019,2026-08-16T04:54:32+00:00
Amaluza,2024-08-25,1987.19,24019,2026-08-16T04:54:32+00:00
Amaluza,2024-08-26,1988.55,24019,2026-08-16T04:54:32+00:00
Amaluza,2024-08-27,1989.06,24019,2026-08-16T04:54:32+00:00
Amaluza,2024-08-28,1988.8,24019,2026-08-16T04:54:32+00:00
Amaluza,2024-08-29,1988.82,24019,2026-08-16T04:54:32+00:00
Amaluza,2024-08-30,1987.65,24019,2026-08-16T04:54:32+00:00
Amaluza,2024-09-01,1988.34,24019,2026-08-16T04:54:35+00:00
Amaluza,2024-09-02,1988.78,24019,2026-08-16T04:54:35+00:00
Amaluza,2024-09-03,1988.97,24019,2026-08-16T04:54:35+00:00
Amaluza,2024-09-04,1988.35,24019,2026-08-16T04:54:35+00:00
Amaluza,2024-09-05,1988.43,24019,2026-08-16T04:54:35+00:00
Amaluza,2024-09-06,1988.61,24019,2026-08-16T04:54:35+00:00
Amaluza,2024-09-07,1988.19,24019,2026-08-16T04:54:35+00:00
Amaluza,2024-09-08,1988.18,24019,2026-08-16T04:54:35+00:00
Amaluza,2024-09-09,1989.42,24019,2026-08-16T04:54:35+00:00
Amaluza,2024-09-10,1988.78,24019,2026-08-16T04:54:35+00:00
Amaluza,2024-09-11,1987.72,24019,2026-08-16T04:54:35+00:00
Amaluza,2024-09-12,1987.12,24019,2026-08-16T04:54:35+00:00
Amaluza,2024-09-13,1986.81,24019,2026-08-16T04:54:35+00:00
Amaluza,2024-09-14,1986.3,24019,2026-08-16T04:54:35+00:00
Amaluza,2024-09-15,1985.75,24019,2026-08-16T04:54:35+00:00
Amaluza,2024-09-16,1985.93,24019,2026-08-16T04:54:35+00:00
Amaluza,2024-09-17,1984.49,24019,2026-08-16T04:54:35+00:00
Amaluza,2024-09-18,1983.94,24019,2026-08-16T04:54:35+00:00
Amaluza,2024-09-19,1983.87,24019,2026-08-16T04:54:35+00:00
Amaluza,2024-09-20,1982.43,24019,2026-08-16T04:54:35+00:00
Amaluza,2024-09-21,1981.97,24019,2026-08-16T04:54:35+00:00
Amaluza,2024-09-22,1982.34,24019,2026-08-16T04:54:35+00:00
Amaluza,2024-09-23,1983.12,24019,2026-08-16T04:54:35+00:00
Amaluza,2024-09-24,1984.06,24019,2026-08-16T04:54:35+00:00
Amaluza,2024-09-25,1985.93,24019,2026-08-16T04:54:35+00:00
Amaluza,2024-09-26,1985.02,24019,2026-08-16T04:54:35+00:00
Amaluza,2024-09-27,1984.49,24019,2026-08-16T04:54:35+00:00
Amaluza,2024-09-28,1984.69,24019,2026-08-16T04:54:35+00:00
Amaluza,2024-09-29,1984.86,24019,2026-08-16T04:54:35+00:00
Amaluza,2024-10-01,1985.82,24019,2026-08-16T04:54:39+00:00
Amaluza,2024-10-02,1985.58,24019,2026-08-16T04:54:39+00:00
Amaluza,2024-10-03,1985.22,24019,2026-08-16T04:54:39+00:00
Amaluza,2024-10-04,1984.06,24019,2026-08-16T04:54:39+00:00
Amaluza,2024-10-05,1983.79,24019,2026-08-16T04:54:39+00:00
Amaluza,2024-10-06,1984.14,24019,2026-08-16T04:54:39+00:00
Amaluza,2024-10-07,1983.32,24019,2026-08-16T04:54:39+00:00
Amaluza,2024-10-08,1982.6,24019,2026-08-16T04:54:39+00:00
Amaluza,2024-10-09,1980.9,24019,2026-08-16T04:54:39+00:00
Amaluza,2024-10-10,1980.62,24019,2026-08-16T04:54:39+00:00
Amaluza,2024-10-11,1980.83,24019,2026-08-16T04:54:39+00:00
Amaluza,2024-10-12,1980.19,24019,2026-08-16T04:54:39+00:00
Amaluza,2024-10-13,1980.81,24019,2026-08-16T04:54:39+00:00
Amaluza,2024-10-14,1981.64,24019,2026-08-16T04:54:39+00:00
Amaluza,2024-10-15,1983.05,24019,2026-08-16T04:54:39+00:00
Amaluza,2024-10-16,1983.24,24019,2026-08-16T04:54:39+00:00
Amaluza,2024-10-17,1983.06,24019,2026-08-16T04:54:39+00:00
Amaluza,2024-10-18,1982.33,24019,2026-08-16T04:54:39+00:00
Amaluza,2024-10-19,1981.4,24019,2026-08-16T04:54:39+00:00
Amaluza,2024-10-20,1981.59,24019,2026-08-16T04:54:39+00:00
Amaluza,2024-10-21,1980.46,24019,2026-08-16T04:54:39+00:00
Amaluza,2024-10-22,1979.53,24019,2026-08-16T04:54:39+00:00
Amaluza,2024-10-23,1978.8,24019,2026-08-16T04:54:39+00:00
Amaluza,2024-10-24,1978.39,24019,2026-08-16T04:54:39+00:00
Amaluza,2024-10-25,1979.47,24019,2026-08-16T04:54:39+00:00
Amaluza,2024-10-26,1979.27,24019,2026-08-16T04:54:39+00:00
Amaluza,2024-10-27,1979.3,24019,2026-08-16T04:54:39+00:00
Amaluza,2024-10-28,1979.36,24019,2026-08-16T04:54:39+00:00
Amaluza,2024-10-29,1979.8,24019,2026-08-16T04:54:39+00:00
Amaluza,2024-10-30,1980.91,24019,2026-08-16T04:54:39+00:00
Amaluza,2024-11-01,1981.62,24019,2026-08-16T04:54:42+00:00
Amaluza,2024-11-02,1981.6,24019,2026-08-16T04:54:42+00:00
Amaluza,2024-11-03,1982.05,24019,2026-08-16T04:54:42+00:00
Amaluza,2024-11-04,1981.9,24019,2026-08-16T04:54:42+00:00
Amaluza,2024-11-05,1981.17,24019,2026-08-16T04:54:42+00:00
Amaluza,2024-11-06,1982.05,24019,2026-08-16T04:54:42+00:00
Amaluza,2024-11-07,1982.4,24019,2026-08-16T04:54:42+00:00
Amaluza,2024-11-08,1982.69,24019,2026-08-16T04:54:42+00:00
Amaluza,2024-11-09,1982.61,24019,2026-08-16T04:54:42+00:00
Amaluza,2024-11-10,1982.26,24019,2026-08-16T04:54:42+00:00
Amaluza,2024-11-11,1981.44,24019,2026-08-16T04:54:42+00:00
Amaluza,2024-11-12,1980.43,24019,2026-08-16T04:54:42+00:00
Amaluza,2024-11-13,1979.92,24019,2026-08-16T04:54:42+00:00
Amaluza,2024-11-14,1980.44,24019,2026-08-16T04:54:42+00:00
Amaluza,2024-11-15,1980.8,24019,2026-08-16T04:54:42+00:00
Amaluza,2024-11-16,1980.9,24019,2026-08-16T04:54:42+00:00
Amaluza,2024-11-17,1981.18,24019,2026-08-16T04:54:42+00:00
Amaluza,2024-11-18,1981.26,24019,2026-08-16T04:54:42+00:00
Amaluza,2024-11-19,1981.45,24019,2026-08-16T04:54:42+00:00
Amaluza,2024-11-20,1981.17,24019,2026-08-16T04:54:42+00:00
Amaluza,2024-11-21,1981.51,24019,2026-08-16T04:54:42+00:00
Amaluza,2024-11-22,1981.87,24019,2026-08-16T04:54:42+00:00
Amaluza,2024-11-23,1982.24,24019,2026-08-16T04:54:42+00:00
Amaluza,2024-11-24,1982.59,24019,2026-08-16T04:54:42+00:00
Amaluza,2024-11-25,1982.04,24019,2026-08-16T04:54:42+00:00
Amaluza,2024-11-26,1981.36,24019,2026-08-16T04:54:42+00:00
Amaluza,2024-11-27,1981.69,24019,2026-08-16T04:54:42+00:00
Amaluza,2024-11-28,1982.14,24019,2026-08-16T04:54:42+00:00
Amaluza,2024-11-29,1982.52,24019,2026-08-16T04:54:42+00:00
Amaluza,2024-12-01,1983.05,24019,2026-08-16T04:54:45+00:00
Amaluza,2024-12-02,1981.27,24019,2026-08-16T04:54:45+00:00
Amaluza,2024-12-03,1982.04,24019,2026-08-16T04:54:45+00:00
Amaluza,2024-12-04,1982.23,24019,2026-08-16T04:54:45+00:00
Amaluza,2024-12-05,1982.25,24019,2026-08-16T04:54:45+00:00
Amaluza,2024-12-06,1982.06,24019,2026-08-16T04:54:45+00:00
Amaluza,2024-12-07,1983.59,24019,2026-08-16T04:54:45+00:00
Amaluza,2024-12-08,1984.68,24019,2026-08-16T04:54:45+00:00
Amaluza,2024-12-09,1984.22,24019,2026-08-16T04:54:45+00:00
Amaluza,2024-12-10,1983.86,24019,2026-08-16T04:54:45+00:00
Amaluza,2024-12-11,1984.39,24019,2026-08-16T04:54:45+00:00
Amaluza,2024-12-12,1983.76,24019,2026-08-16T04:54:45+00:00
Amaluza,2024-12-13,1982.44,24019,2026-08-16T04:54:45+00:00
Amaluza,2024-12-14,1983.13,24019,2026-08-16T04:54:45+00:00
Amaluza,2024-12-15,1983.51,24019,2026-08-16T04:54:45+00:00
Amaluza,2024-12-16,1984.23,24019,2026-08-16T04:54:45+00:00
Amaluza,2024-12-17,1984.86,24019,2026-08-16T04:54:45+00:00
Amaluza,2024-12-18,1985.3,24019,2026-08-16T04:54:45+00:00
Amaluza,2024-12-19,1985.18,24019,2026-08-16T04:54:45+00:00
Amaluza,2024-12-20,1985.04,24019,2026-08-16T04:54:45+00:00
Amaluza,2024-12-21,1984.94,24019,2026-08-16T04:54:45+00:00
Amaluza,2024-12-22,1985.56,24019,2026-08-16T04:54:45+00:00
Amaluza,2024-12-23,1986.1,24019,2026-08-16T04:54:45+00:00
Amaluza,2024-12-24,1986.37,24019,2026-08-16T04:54:45+00:00
Amaluza,2024-12-25,1987.03,24019,2026-08-16T04:54:45+00:00
Amaluza,2024-12-26,1987.2,24019,2026-08-16T04:54:45+00:00
Amaluza,2024-12-27,1985.95,24019,2026-08-16T04:54:45+00:00
Amaluza,2024-12-28,1985.9,24019,2026-08-16T04:54:45+00:00
Amaluza,2024-12-29,1986.72,24019,2026-08-16T04:54:45+00:00
Amaluza,2024-12-30,1987.2,24019,2026-08-16T04:54:45+00:00
Amaluza,2025-01-01,1988.43,24019,2026-08-16T04:54:48+00:00
Amaluza,2025-01-02,1988.6,24019,2026-08-16T04:54:48+00:00
Amaluza,2025-01-03,1990.44,24019,2026-08-16T04:54:48+00:00
Amaluza,2025-01-04,1989.26,24019,2026-08-16T04:54:48+00:00
Amaluza,2025-01-05,1988.81,24019,2026-08-16T04:54:48+00:00
Amaluza,2025-01-06,1989.08,24019,2026-08-16T04:54:48+00:00
Amaluza,2025-01-07,1988.08,24019,2026-08-16T04:54:48+00:00
Amaluza,2025-01-08,1987.55,24019,2026-08-16T04:54:48+00:00
Amaluza,2025-01-09,1987.91,24019,2026-08-16T04:54:48+00:00
Amaluza,2025-01-10,1988.16,24019,2026-08-16T04:54:48+00:00
Amaluza,2025-01-11,1988.54,24019,2026-08-16T04:54:48+00:00
Amaluza,2025-01-12,1988.55,24019,2026-08-16T04:54:48+00:00
Amaluza,2025-01-13,1987.25,24019,2026-08-16T04:54:48+00:00
Amaluza,2025-01-14,1987.64,24019,2026-08-16T04:54:48+00:00
Amaluza,2025-01-15,1988.35,24019,2026-08-16T04:54:48+00:00
Amaluza,2025-01-16,1988.55,24019,2026-08-16T04:54:48+00:00
Amaluza,2025-01-17,1988.44,24019,2026-08-16T04:54:48+00:00
Amaluza,2025-01-18,1988.25,24019,2026-08-16T04:54:48+00:00
Amaluza,2025-01-19,1987.82,24019,2026-08-16T04:54:48+00:00
Amaluza,2025-01-20,1987.56,24019,2026-08-16T04:54:48+00:00
Amaluza,2025-01-21,1988.08,24019,2026-08-16T04:54:48+00:00
Amaluza,2025-01-22,1988.47,24019,2026-08-16T04:54:48+00:00
Amaluza,2025-01-23,1987.71,24019,2026-08-16T04:54:48+00:00
Amaluza,2025-01-24,1987.39,24019,2026-08-16T04:54:48+00:00
Amaluza,2025-01-25,1988.33,24019,2026-08-16T04:54:48+00:00
Amaluza,2025-01-26,1989.05,24019,2026-08-16T04:54:48+00:00
Amaluza,2025-01-27,1988.89,24019,2026-08-16T04:54:48+00:00
Amaluza,2025-01-28,1988.34,24019,2026-08-16T04:54:48+00:00
Amaluza,2025-01-29,1988.88,24019,2026-08-16T04:54:48+00:00
Amaluza,2025-01-30,1988.55,24019,2026-08-16T04:54:48+00:00
Amaluza,2025-02-01,1987.91,24019,2026-08-16T04:54:51+00:00
Amaluza,2025-02-02,1987.84,24019,2026-08-16T04:54:51+00:00
Amaluza,2025-02-03,1988.0,24019,2026-08-16T04:54:51+00:00
Amaluza,2025-02-04,1986.29,24019,2026-08-16T04:54:51+00:00
Amaluza,2025-02-05,1986.2,24019,2026-08-16T04:54:51+00:00
Amaluza,2025-02-06,1986.04,24019,2026-08-16T04:54:51+00:00
Amaluza,2025-02-07,1986.47,24019,2026-08-16T04:54:51+00:00
Amaluza,2025-02-08,1986.73,24019,2026-08-16T04:54:51+00:00
Amaluza,2025-02-09,1986.92,24019,2026-08-16T04:54:51+00:00
Amaluza,2025-02-10,1985.65,24019,2026-08-16T04:54:51+00:00
Amaluza,2025-02-11,1985.95,24019,2026-08-16T04:54:51+00:00
Amaluza,2025-02-12,1986.65,24019,2026-08-16T04:54:51+00:00
Amaluza,2025-02-13,1987.45,24019,2026-08-16T04:54:51+00:00
Amaluza,2025-02-14,1989.97,24019,2026-08-16T04:54:51+00:00
Amaluza,2025-02-15,1990.42,24019,2026-08-16T04:54:51+00:00
Amaluza,2025-02-16,1990.96,24019,2026-08-16T04:54:51+00:00
Amaluza,2025-02-17,1990.95,24019,2026-08-16T04:54:51+00:00
Amaluza,2025-02-18,1990.94,24019,2026-08-16T04:54:51+00:00
Amaluza,2025-02-19,1990.68,24019,2026-08-16T04:54:51+00:00
Amaluza,2025-02-20,1990.88,24019,2026-08-16T04:54:51+00:00
Amaluza,2025-02-21,1990.96,24019,2026-08-16T04:54:51+00:00
Amaluza,2025-02-22,1990.86,24019,2026-08-16T04:54:51+00:00
Amaluza,2025-02-23,1990.59,24019,2026-08-16T04:54:51+00:00
Amaluza,2025-02-24,1990.59,24019,2026-08-16T04:54:51+00:00
Amaluza,2025-02-25,1990.59,24019,2026-08-16T04:54:51+00:00
Amaluza,2025-02-26,1990.53,24019,2026-08-16T04:54:51+00:00
Amaluza,2025-02-27,1990.95,24019,2026-08-16T04:54:51+00:00
Amaluza,2025-03-01,1990.89,24019,2026-08-16T04:54:54+00:00
Amaluza,2025-03-02,1990.85,24019,2026-08-16T04:54:54+00:00
Amaluza,2025-03-03,1990.85,24019,2026-08-16T04:54:54+00:00
Amaluza,2025-03-04,1990.78,24019,2026-08-16T04:54:54+00:00
Amaluza,2025-03-05,1990.8,24019,2026-08-16T04:54:54+00:00
Amaluza,2025-03-06,1990.71,24019,2026-08-16T04:54:54+00:00
Amaluza,2025-03-07,1991.03,24019,2026-08-16T04:54:54+00:00
Amaluza,2025-03-08,1990.86,24019,2026-08-16T04:54:54+00:00
Amaluza,2025-03-09,1990.97,24019,2026-08-16T04:54:54+00:00
Amaluza,2025-03-10,1990.88,24019,2026-08-16T04:54:54+00:00
Amaluza,2025-03-11,1990.5,24019,2026-08-16T04:54:54+00:00
Amaluza,2025-03-12,1990.26,24019,2026-08-16T04:54:54+00:00
Amaluza,2025-03-13,1990.08,24019,2026-08-16T04:54:54+00:00
Amaluza,2025-03-14,1990.17,24019,2026-08-16T04:54:54+00:00
Amaluza,2025-03-15,1990.06,24019,2026-08-16T04:54:54+00:00
Amaluza,2025-03-16,1989.43,24019,2026-08-16T04:54:54+00:00
Amaluza,2025-03-17,1989.51,24019,2026-08-16T04:54:54+00:00
Amaluza,2025-03-18,1990.17,24019,2026-08-16T04:54:54+00:00
Amaluza,2025-03-19,1990.01,24019,2026-08-16T04:54:54+00:00
Amaluza,2025-03-20,1989.15,24019,2026-08-16T04:54:54+00:00
Amaluza,2025-03-21,1988.09,24019,2026-08-16T04:54:54+00:00
Amaluza,2025-03-22,1988.88,24019,2026-08-16T04:54:54+00:00
Amaluza,2025-03-23,1989.52,24019,2026-08-16T04:54:54+00:00
Amaluza,2025-03-24,1990.25,24019,2026-08-16T04:54:54+00:00
Amaluza,2025-03-25,1989.43,24019,2026-08-16T04:54:54+00:00
Amaluza,2025-03-26,1988.98,24019,2026-08-16T04:54:54+00:00
Amaluza,2025-03-27,1988.1,24019,2026-08-16T04:54:54+00:00
Amaluza,2025-03-28,1988.62,24019,2026-08-16T04:54:54+00:00
Amaluza,2025-03-29,1988.53,24019,2026-08-16T04:54:54+00:00
Amaluza,2025-03-30,1990.33,24019,2026-08-16T04:54:54+00:00
Amaluza,2025-04-01,1990.89,24019,2026-08-16T04:54:57+00:00
Amaluza,2025-04-02,1990.85,24019,2026-08-16T04:54:57+00:00
Amaluza,2025-04-03,1990.67,24019,2026-08-16T04:54:57+00:00
Amaluza,2025-04-04,1990.62,24019,2026-08-16T04:54:57+00:00
Amaluza,2025-04-05,1990.96,24019,2026-08-16T04:54:57+00:00
Amaluza,2025-04-06,1991.12,24019,2026-08-16T04:54:57+00:00
Amaluza,2025-04-07,1990.79,24019,2026-08-16T04:54:57+00:00
Amaluza,2025-04-08,1990.89,24019,2026-08-16T04:54:57+00:00
Amaluza,2025-04-09,1990.85,24019,2026-08-16T04:54:57+00:00
Amaluza,2025-04-10,1991.07,24019,2026-08-16T04:54:57+00:00
Amaluza,2025-04-11,1991.21,24019,2026-08-16T04:54:57+00:00
Amaluza,2025-04-12,1990.85,24019,2026-08-16T04:54:57+00:00
Amaluza,2025-04-13,1991.13,24019,2026-08-16T04:54:57+00:00
Amaluza,2025-04-14,1990.89,24019,2026-08-16T04:54:57+00:00
Amaluza,2025-04-15,1990.78,24019,2026-08-16T04:54:57+00:00
Amaluza,2025-04-16,1990.8,24019,2026-08-16T04:54:57+00:00
Amaluza,2025-04-17,1990.88,24019,2026-08-16T04:54:57+00:00
Amaluza,2025-04-18,1990.78,24019,2026-08-16T04:54:57+00:00
Amaluza,2025-04-19,1990.7,24019,2026-08-16T04:54:57+00:00
Amaluza,2025-04-20,1990.76,24019,2026-08-16T04:54:57+00:00
Amaluza,2025-04-21,1990.96,24019,2026-08-16T04:54:57+00:00
Amaluza,2025-04-22,1990.32,24019,2026-08-16T04:54:57+00:00
Amaluza,2025-04-23,1989.41,24019,2026-08-16T04:54:57+00:00
Amaluza,2025-04-24,1989.35,24019,2026-08-16T04:54:57+00:00
Amaluza,2025-04-25,1987.89,24019,2026-08-16T04:54:57+00:00
Amaluza,2025-04-26,1987.35,24019,2026-08-16T04:54:57+00:00
Amaluza,2025-04-27,1987.17,24019,2026-08-16T04:54:57+00:00
Amaluza,2025-04-28,1990.4,24019,2026-08-16T04:54:57+00:00
Amaluza,2025-04-29,1990.43,24019,2026-08-16T04:54:57+00:00
Amaluza,2025-05-01,1989.88,24019,2026-08-16T04:55:00+00:00
Amaluza,2025-05-02,1990.79,24019,2026-08-16T04:55:00+00:00
Amaluza,2025-05-03,1990.87,24019,2026-08-16T04:55:00+00:00
Amaluza,2025-05-04,1990.62,24019,2026-08-16T04:55:00+00:00
Amaluza,2025-05-05,1990.88,24019,2026-08-16T04:55:00+00:00
Amaluza,2025-05-06,1990.86,24019,2026-08-16T04:55:00+00:00
Amaluza,2025-05-07,1990.95,24019,2026-08-16T04:55:00+00:00
Amaluza,2025-05-08,1989.87,24019,2026-08-16T04:55:00+00:00
Amaluza,2025-05-09,1989.62,24019,2026-08-16T04:55:00+00:00
Amaluza,2025-05-10,1990.96,24019,2026-08-16T04:55:00+00:00
Amaluza,2025-05-11,1990.35,24019,2026-08-16T04:55:00+00:00
Amaluza,2025-05-12,1990.14,24019,2026-08-16T04:55:00+00:00
Amaluza,2025-05-13,1990.52,24019,2026-08-16T04:55:00+00:00
Amaluza,2025-05-14,1990.77,24019,2026-08-16T04:55:00+00:00
Amaluza,2025-05-15,1990.85,24019,2026-08-16T04:55:00+00:00
Amaluza,2025-05-16,1990.86,24019,2026-08-16T04:55:00+00:00
Amaluza,2025-05-17,1990.95,24019,2026-08-16T04:55:00+00:00
Amaluza,2025-05-18,1990.96,24019,2026-08-16T04:55:00+00:00
Amaluza,2025-05-19,1990.96,24019,2026-08-16T04:55:00+00:00
Amaluza,2025-05-20,1990.88,24019,2026-08-16T04:55:00+00:00
Amaluza,2025-05-21,1990.78,24019,2026-08-16T04:55:00+00:00
Amaluza,2025-05-22,1990.77,24019,2026-08-16T04:55:00+00:00
Amaluza,2025-05-23,1990.88,24019,2026-08-16T04:55:00+00:00
Amaluza,2025-05-24,1990.95,24019,2026-08-16T04:55:00+00:00
Amaluza,2025-05-25,1990.8,24019,2026-08-16T04:55:00+00:00
Amaluza,2025-05-26,1990.86,24019,2026-08-16T04:55:00+00:00
Amaluza,2025-05-27,1990.79,24019,2026-08-16T04:55:00+00:00
Amaluza,2025-05-28,1990.85,24019,2026-08-16T04:55:00+00:00
Amaluza,2025-05-29,1990.7,24019,2026-08-16T04:55:00+00:00
Amaluza,2025-05-30,1990.94,24019,2026-08-16T04:55:00+00:00
Amaluza,2025-06-01,1990.6,24019,2026-08-16T04:55:03+00:00
Amaluza,2025-06-02,1990.51,24019,2026-08-16T04:55:03+00:00
Amaluza,2025-06-03,1990.87,24019,2026-08-16T04:55:03+00:00
Amaluza,2025-06-04,1991.06,24019,2026-08-16T04:55:03+00:00
Amaluza,2025-06-05,1990.97,24019,2026-08-16T04:55:03+00:00
Amaluza,2025-06-06,1990.96,24019,2026-08-16T04:55:03+00:00
Amaluza,2025-06-07,1990.78,24019,2026-08-16T04:55:03+00:00
Amaluza,2025-06-08,1990.88,24019,2026-08-16T04:55:03+00:00
Amaluza,2025-06-09,1990.94,24019,2026-08-16T04:55:03+00:00
Amaluza,2025-06-10,1990.71,24019,2026-08-16T04:55:03+00:00
Amaluza,2025-06-11,1990.61,24019,2026-08-16T04:55:03+00:00
Amaluza,2025-06-12,1990.31,24019,2026-08-16T04:55:03+00:00
Amaluza,2025-06-13,1990.52,24019,2026-08-16T04:55:03+00:00
Amaluza,2025-06-14,1990.24,24019,2026-08-16T04:55:03+00:00
Amaluza,2025-06-15,1990.16,24019,2026-08-16T04:55:03+00:00
Amaluza,2025-06-16,1990.5,24019,2026-08-16T04:55:03+00:00
Amaluza,2025-06-17,1990.79,24019,2026-08-16T04:55:03+00:00
Amaluza,2025-06-18,1990.95,24019,2026-08-16T04:55:03+00:00
Amaluza,2025-06-19,1990.95,24019,2026-08-16T04:55:03+00:00
Amaluza,2025-06-20,1991.15,24019,2026-08-16T04:55:03+00:00
Amaluza,2025-06-21,1990.72,24019,2026-08-16T04:55:03+00:00
Amaluza,2025-06-22,1990.74,24019,2026-08-16T04:55:03+00:00
Amaluza,2025-06-23,1990.6,24019,2026-08-16T04:55:03+00:00
Amaluza,2025-06-24,1990.43,24019,2026-08-16T04:55:03+00:00
Amaluza,2025-06-25,1990.77,24019,2026-08-16T04:55:03+00:00
Amaluza,2025-06-26,1990.77,24019,2026-08-16T04:55:03+00:00
Amaluza,2025-06-27,1990.59,24019,2026-08-16T04:55:03+00:00
Amaluza,2025-06-28,1990.79,24019,2026-08-16T04:55:03+00:00
Amaluza,2025-06-29,1990.31,24019,2026-08-16T04:55:03+00:00
Amaluza,2025-07-01,1991.24,24019,2026-08-16T04:55:06+00:00
Amaluza,2025-07-02,1991.41,24019,2026-08-16T04:55:06+00:00
Amaluza,2025-07-03,1991.15,24019,2026-08-16T04:55:06+00:00
Amaluza,2025-07-04,1990.95,24019,2026-08-16T04:55:06+00:00
Amaluza,2025-07-05,1990.95,24019,2026-08-16T04:55:06+00:00
Amaluza,2025-07-06,1990.87,24019,2026-08-16T04:55:06+00:00
Amaluza,2025-07-07,1990.88,24019,2026-08-16T04:55:06+00:00
Amaluza,2025-07-08,1990.95,24019,2026-08-16T04:55:06+00:00
Amaluza,2025-07-09,1991.3,24019,2026-08-16T04:55:06+00:00
Amaluza,2025-07-10,1991.3,24019,2026-08-16T04:55:06+00:00
Amaluza,2025-07-11,1991.48,24019,2026-08-16T04:55:06+00:00
Amaluza,2025-07-12,1991.49,24019,2026-08-16T04:55:06+00:00
Amaluza,2025-07-13,1991.14,24019,2026-08-16T04:55:06+00:00
Amaluza,2025-07-14,1990.96,24019,2026-08-16T04:55:06+00:00
Amaluza,2025-07-15,1990.96,24019,2026-08-16T04:55:06+00:00
Amaluza,2025-07-16,1990.78,24019,2026-08-16T04:55:06+00:00
Amaluza,2025-07-17,1990.95,24019,2026-08-16T04:55:06+00:00
Amaluza,2025-07-18,1991.3,24019,2026-08-16T04:55:06+00:00
Amaluza,2025-07-19,1991.34,24019,2026-08-16T04:55:06+00:00
Amaluza,2025-07-20,1991.06,24019,2026-08-16T04:55:06+00:00
Amaluza,2025-07-21,1990.95,24019,2026-08-16T04:55:06+00:00
Amaluza,2025-07-22,1990.97,24019,2026-08-16T04:55:06+00:00
Amaluza,2025-07-23,1990.96,24019,2026-08-16T04:55:06+00:00
Amaluza,2025-07-24,1991.08,24019,2026-08-16T04:55:06+00:00
Amaluza,2025-07-25,1990.87,24019,2026-08-16T04:55:06+00:00
Amaluza,2025-07-26,1990.87,24019,2026-08-16T04:55:06+00:00
Amaluza,2025-07-27,1990.87,24019,2026-08-16T04:55:06+00:00
Amaluza,2025-07-28,1990.79,24019,2026-08-16T04:55:06+00:00
Amaluza,2025-07-29,1990.67,24019,2026-08-16T04:55:06+00:00
Amaluza,2025-07-30,1990.04,24019,2026-08-16T04:55:06+00:00
Amaluza,2025-08-01,1988.62,24019,2026-08-16T04:55:09+00:00
Amaluza,2025-08-02,1988.99,24019,2026-08-16T04:55:09+00:00
Amaluza,2025-08-03,1990.23,24019,2026-08-16T04:55:09+00:00
Amaluza,2025-08-04,1991.15,24019,2026-08-16T04:55:09+00:00
Amaluza,2025-08-05,1991.23,24019,2026-08-16T04:55:09+00:00
Amaluza,2025-08-06,1991.04,24019,2026-08-16T04:55:09+00:00
Amaluza,2025-08-07,1990.86,24019,2026-08-16T04:55:09+00:00
Amaluza,2025-08-08,1991.03,24019,2026-08-16T04:55:09+00:00
Amaluza,2025-08-09,1989.61,24019,2026-08-16T04:55:09+00:00
Amaluza,2025-08-10,1988.98,24019,2026-08-16T04:55:09+00:00
Amaluza,2025-08-11,1989.32,24019,2026-08-16T04:55:09+00:00
Amaluza,2025-08-12,1990.14,24019,2026-08-16T04:55:09+00:00
Amaluza,2025-08-13,1990.41,24019,2026-08-16T04:55:09+00:00
Amaluza,2025-08-14,1990.22,24019,2026-08-16T04:55:09+00:00
Amaluza,2025-08-15,1990.87,24019,2026-08-16T04:55:09+00:00
Amaluza,2025-08-16,1990.9,24019,2026-08-16T04:55:09+00:00
Amaluza,2025-08-17,1990.78,24019,2026-08-16T04:55:09+00:00
Amaluza,2025-08-18,1990.41,24019,2026-08-16T04:55:09+00:00
Amaluza,2025-08-19,1989.44,24019,2026-08-16T04:55:09+00:00
Amaluza,2025-08-20,1989.78,24019,2026-08-16T04:55:09+00:00
Amaluza,2025-08-21,1989.8,24019,2026-08-16T04:55:09+00:00
Amaluza,2025-08-22,1989.89,24019,2026-08-16T04:55:09+00:00
Amaluza,2025-08-23,1989.7,24019,2026-08-16T04:55:09+00:00
Amaluza,2025-08-24,1989.88,24019,2026-08-16T04:55:09+00:00
Amaluza,2025-08-25,1990.7,24019,2026-08-16T04:55:09+00:00
Amaluza,2025-08-26,1990.98,24019,2026-08-16T04:55:09+00:00
Amaluza,2025-08-27,1990.95,24019,2026-08-16T04:55:09+00:00
Amaluza,2025-08-28,1990.89,24019,2026-08-16T04:55:09+00:00
Amaluza,2025-08-29,1990.43,24019,2026-08-16T04:55:09+00:00
Amaluza,2025-08-30,1990.15,24019,2026-08-16T04:55:09+00:00
Amaluza,2025-09-01,1990.32,24019,2026-08-16T04:55:11+00:00
Amaluza,2025-09-02,1990.87,24019,2026-08-16T04:55:11+00:00
Amaluza,2025-09-03,1990.78,24019,2026-08-16T04:55:11+00:00
Amaluza,2025-09-04,1989.89,24019,2026-08-16T04:55:11+00:00
Amaluza,2025-09-05,1989.35,24019,2026-08-16T04:55:11+00:00
Amaluza,2025-09-06,1989.89,24019,2026-08-16T04:55:11+00:00
Amaluza,2025-09-07,1990.14,24019,2026-08-16T04:55:11+00:00
Amaluza,2025-09-08,1989.33,24019,2026-08-16T04:55:11+00:00
Amaluza,2025-09-09,1989.59,24019,2026-08-16T04:55:11+00:00
Amaluza,2025-09-10,1990.86,24019,2026-08-16T04:55:11+00:00
Amaluza,2025-09-11,1990.15,24019,2026-08-16T04:55:11+00:00
Amaluza,2025-09-12,1990.79,24019,2026-08-16T04:55:11+00:00
Amaluza,2025-09-13,1990.15,24019,2026-08-16T04:55:11+00:00
Amaluza,2025-09-14,1990.08,24019,2026-08-16T04:55:11+00:00
Amaluza,2025-09-15,1990.52,24019,2026-08-16T04:55:11+00:00
Amaluza,2025-09-16,1990.59,24019,2026-08-16T04:55:11+00:00
Amaluza,2025-09-17,1990.43,24019,2026-08-16T04:55:11+00:00
Amaluza,2025-09-18,1990.53,24019,2026-08-16T04:55:11+00:00
Amaluza,2025-09-19,1989.62,24019,2026-08-16T04:55:11+00:00
Amaluza,2025-09-20,1989.27,24019,2026-08-16T04:55:11+00:00
Amaluza,2025-09-21,1989.15,24019,2026-08-16T04:55:11+00:00
Amaluza,2025-09-22,1988.87,24019,2026-08-16T04:55:11+00:00
Amaluza,2025-09-23,1988.25,24019,2026-08-16T04:55:11+00:00
Amaluza,2025-09-24,1988.46,24019,2026-08-16T04:55:11+00:00
Amaluza,2025-09-25,1989.06,24019,2026-08-16T04:55:11+00:00
Amaluza,2025-09-26,1991.14,24019,2026-08-16T04:55:11+00:00
Amaluza,2025-09-27,1990.76,24019,2026-08-16T04:55:11+00:00
Amaluza,2025-09-28,1990.5,24019,2026-08-16T04:55:11+00:00
Amaluza,2025-09-29,1990.85,24019,2026-08-16T04:55:11+00:00
Amaluza,2025-10-01,1990.52,24019,2026-08-16T04:55:14+00:00
Amaluza,2025-10-02,1990.41,24019,2026-08-16T04:55:14+00:00
Amaluza,2025-10-03,1990.88,24019,2026-08-16T04:55:14+00:00
Amaluza,2025-10-04,1990.76,24019,2026-08-16T04:55:14+00:00
Amaluza,2025-10-05,1990.49,24019,2026-08-16T04:55:14+00:00
Amaluza,2025-10-06,1990.34,24019,2026-08-16T04:55:14+00:00
Amaluza,2025-10-07,1990.43,24019,2026-08-16T04:55:14+00:00
Amaluza,2025-10-08,1989.72,24019,2026-08-16T04:55:14+00:00
Amaluza,2025-10-09,1990.34,24019,2026-08-16T04:55:14+00:00
Amaluza,2025-10-10,1990.21,24019,2026-08-16T04:55:14+00:00
Amaluza,2025-10-11,1990.17,24019,2026-08-16T04:55:14+00:00
Amaluza,2025-10-12,1990.33,24019,2026-08-16T04:55:14+00:00
Amaluza,2025-10-13,1990.6,24019,2026-08-16T04:55:14+00:00
Amaluza,2025-10-14,1990.25,24019,2026-08-16T04:55:14+00:00
Amaluza,2025-10-15,1990.32,24019,2026-08-16T04:55:14+00:00
Amaluza,2025-10-16,1989.68,24019,2026-08-16T04:55:14+00:00
Amaluza,2025-10-17,1989.45,24019,2026-08-16T04:55:14+00:00
Amaluza,2025-10-18,1989.27,24019,2026-08-16T04:55:14+00:00
Amaluza,2025-10-19,1989.16,24019,2026-08-16T04:55:14+00:00
Amaluza,2025-10-20,1989.35,24019,2026-08-16T04:55:14+00:00
Amaluza,2025-10-21,1988.78,24019,2026-08-16T04:55:14+00:00
Amaluza,2025-10-22,1988.17,24019,2026-08-16T04:55:14+00:00
Amaluza,2025-10-23,1988.02,24019,2026-08-16T04:55:14+00:00
Amaluza,2025-10-24,1988.25,24019,2026-08-16T04:55:14+00:00
Amaluza,2025-10-25,1987.9,24019,2026-08-16T04:55:14+00:00
Amaluza,2025-10-26,1988.01,24019,2026-08-16T04:55:14+00:00
Amaluza,2025-10-27,1988.09,24019,2026-08-16T04:55:14+00:00
Amaluza,2025-10-28,1989.07,24019,2026-08-16T04:55:14+00:00
Amaluza,2025-10-29,1989.15,24019,2026-08-16T04:55:14+00:00
Amaluza,2025-10-30,1989.86,24019,2026-08-16T04:55:14+00:00
Amaluza,2025-11-01,1990.8,24019,2026-08-16T04:55:17+00:00
Amaluza,2025-11-02,1990.89,24019,2026-08-16T04:55:17+00:00
Amaluza,2025-11-03,1990.24,24019,2026-08-16T04:55:17+00:00
Amaluza,2025-11-04,1990.08,24019,2026-08-16T04:55:17+00:00
Amaluza,2025-11-05,1990.95,24019,2026-08-16T04:55:17+00:00
Amaluza,2025-11-06,1990.78,24019,2026-08-16T04:55:17+00:00
Amaluza,2025-11-07,1990.81,24019,2026-08-16T04:55:17+00:00
Amaluza,2025-11-08,1990.84,24019,2026-08-16T04:55:17+00:00
Amaluza,2025-11-09,1990.4,24019,2026-08-16T04:55:17+00:00
Amaluza,2025-11-10,1990.94,24019,2026-08-16T04:55:17+00:00
Amaluza,2025-11-11,1990.71,24019,2026-08-16T04:55:17+00:00
Amaluza,2025-11-12,1990.88,24019,2026-08-16T04:55:17+00:00
Amaluza,2025-11-13,1990.52,24019,2026-08-16T04:55:17+00:00
Amaluza,2025-11-14,1990.57,24019,2026-08-16T04:55:17+00:00
Amaluza,2025-11-15,1989.42,24019,2026-08-16T04:55:17+00:00
Amaluza,2025-11-16,1988.73,24019,2026-08-16T04:55:17+00:00
Amaluza,2025-11-17,1990.08,24019,2026-08-16T04:55:17+00:00
Amaluza,2025-11-18,1989.85,24019,2026-08-16T04:55:17+00:00
Amaluza,2025-11-19,1989.63,24019,2026-08-16T04:55:17+00:00
Amaluza,2025-11-20,1988.63,24019,2026-08-16T04:55:17+00:00
Amaluza,2025-11-21,1988.36,24019,2026-08-16T04:55:17+00:00
Amaluza,2025-11-22,1988.5,24019,2026-08-16T04:55:17+00:00
Amaluza,2025-11-23,1987.37,24019,2026-08-16T04:55:17+00:00
Amaluza,2025-11-24,1988.55,24019,2026-08-16T04:55:17+00:00
Amaluza,2025-11-25,1988.26,24019,2026-08-16T04:55:17+00:00
Amaluza,2025-11-26,1988.8,24019,2026-08-16T04:55:17+00:00
Amaluza,2025-11-27,1988.46,24019,2026-08-16T04:55:17+00:00
Amaluza,2025-11-28,1988.69,24019,2026-08-16T04:55:17+00:00
Amaluza,2025-11-29,1988.52,24019,2026-08-16T04:55:17+00:00
Amaluza,2025-12-01,1988.87,24019,2026-08-16T04:55:21+00:00
Amaluza,2025-12-02,1989.42,24019,2026-08-16T04:55:21+00:00
Amaluza,2025-12-03,1989.34,24019,2026-08-16T04:55:21+00:00
Amaluza,2025-12-04,1988.09,24019,2026-08-16T04:55:21+00:00
Amaluza,2025-12-05,1987.35,24019,2026-08-16T04:55:21+00:00
Amaluza,2025-12-06,1987.73,24019,2026-08-16T04:55:21+00:00
Amaluza,2025-12-07,1988.14,24019,2026-08-16T04:55:21+00:00
Amaluza,2025-12-08,1987.91,24019,2026-08-16T04:55:21+00:00
Amaluza,2025-12-09,1987.36,24019,2026-08-16T04:55:21+00:00
Amaluza,2025-12-10,1986.64,24019,2026-08-16T04:55:21+00:00
Amaluza,2025-12-11,1986.26,24019,2026-08-16T04:55:21+00:00
Amaluza,2025-12-12,1986.07,24019,2026-08-16T04:55:21+00:00
Amaluza,2025-12-13,1985.91,24019,2026-08-16T04:55:21+00:00
Amaluza,2025-12-14,1986.25,24019,2026-08-16T04:55:21+00:00
Amaluza,2025-12-15,1986.22,24019,2026-08-16T04:55:21+00:00
Amaluza,2025-12-16,1986.03,24019,2026-08-16T04:55:21+00:00
Amaluza,2025-12-17,1986.11,24019,2026-08-16T04:55:21+00:00
Amaluza,2025-12-18,1986.48,24019,2026-08-16T04:55:21+00:00
Amaluza,2025-12-19,1985.93,24019,2026-08-16T04:55:21+00:00
Amaluza,2025-12-20,1986.65,24019,2026-08-16T04:55:21+00:00
Amaluza,2025-12-21,1987.99,24019,2026-08-16T04:55:21+00:00
Amaluza,2025-12-22,1987.57,24019,2026-08-16T04:55:21+00:00
Amaluza,2025-12-23,1987.53,24019,2026-08-16T04:55:21+00:00
Amaluza,2025-12-24,1987.61,24019,2026-08-16T04:55:21+00:00
Amaluza,2025-12-25,1987.55,24019,2026-08-16T04:55:21+00:00
Amaluza,2025-12-26,1986.54,24019,2026-08-16T04:55:21+00:00
Amaluza,2025-12-27,1987.26,24019,2026-08-16T04:55:21+00:00
Amaluza,2025-12-28,1987.18,24019,2026-08-16T04:55:21+00:00
Amaluza,2025-12-29,1987.2,24019,2026-08-16T04:55:21+00:00
Amaluza,2025-12-30,1987.75,24019,2026-08-16T04:55:21+00:00
Amaluza,2026-01-01,1987.57,24019,2026-08-16T04:55:24+00:00
Amaluza,2026-01-02,1987.73,24019,2026-08-16T04:55:24+00:00
Amaluza,2026-01-03,1987.64,24019,2026-08-16T04:55:24+00:00
Amaluza,2026-01-04,1988.65,24019,2026-08-16T04:55:24+00:00
Amaluza,2026-01-05,1987.65,24019,2026-08-16T04:55:24+00:00
Amaluza,2026-01-06,1987.84,24019,2026-08-16T04:55:24+00:00
Amaluza,2026-01-07,1987.03,24019,2026-08-16T04:55:24+00:00
Amaluza,2026-01-08,1987.85,24019,2026-08-16T04:55:24+00:00
Amaluza,2026-01-09,1988.14,24019,2026-08-16T04:55:24+00:00
Amaluza,2026-01-10,1987.8,24019,2026-08-16T04:55:24+00:00
Amaluza,2026-01-11,1987.84,24019,2026-08-16T04:55:24+00:00
Amaluza,2026-01-12,1987.93,24019,2026-08-16T04:55:24+00:00
Amaluza,2026-01-13,1988.42,24019,2026-08-16T04:55:24+00:00
Amaluza,2026-01-14,1988.5,24019,2026-08-16T04:55:24+00:00
Amaluza,2026-01-15,1988.94,24019,2026-08-16T04:55:24+00:00
Amaluza,2026-01-16,1989.14,24019,2026-08-16T04:55:24+00:00
Amaluza,2026-01-17,1989.07,24019,2026-08-16T04:55:24+00:00
Amaluza,2026-01-18,1988.43,24019,2026-08-16T04:55:24+00:00
Amaluza,2026-01-19,1987.65,24019,2026-08-16T04:55:24+00:00
Amaluza,2026-01-20,1987.11,24019,2026-08-16T04:55:24+00:00
Amaluza,2026-01-21,1986.44,24019,2026-08-16T04:55:24+00:00
Amaluza,2026-01-22,1987.0,24019,2026-08-16T04:55:24+00:00
Amaluza,2026-01-23,1986.2,24019,2026-08-16T04:55:24+00:00
Amaluza,2026-01-24,1986.09,24019,2026-08-16T04:55:24+00:00
Amaluza,2026-01-25,1987.44,24019,2026-08-16T04:55:24+00:00
Amaluza,2026-01-26,1986.94,24019,2026-08-16T04:55:24+00:00
Amaluza,2026-01-27,1987.02,24019,2026-08-16T04:55:24+00:00
Amaluza,2026-01-28,1986.31,24019,2026-08-16T04:55:24+00:00
Amaluza,2026-01-29,1986.7,24019,2026-08-16T04:55:24+00:00
Amaluza,2026-01-30,1986.53,24019,2026-08-16T04:55:24+00:00
Amaluza,2026-02-01,1987.95,24019,2026-08-16T04:55:27+00:00
Amaluza,2026-02-02,1989.36,24019,2026-08-16T04:55:27+00:00
Amaluza,2026-02-03,1990.84,24019,2026-08-16T04:55:27+00:00
Amaluza,2026-02-04,1990.89,24019,2026-08-16T04:55:27+00:00
Amaluza,2026-02-05,1990.62,24019,2026-08-16T04:55:27+00:00
Amaluza,2026-02-06,1989.45,24019,2026-08-16T04:55:27+00:00
Amaluza,2026-02-07,1987.94,24019,2026-08-16T04:55:27+00:00
Amaluza,2026-02-08,1988.0,24019,2026-08-16T04:55:27+00:00
Amaluza,2026-02-09,1987.2,24019,2026-08-16T04:55:27+00:00
Amaluza,2026-02-10,1985.97,24019,2026-08-16T04:55:27+00:00
Amaluza,2026-02-11,1984.2,24019,2026-08-16T04:55:27+00:00
Amaluza,2026-02-12,1984.13,24019,2026-08-16T04:55:27+00:00
Amaluza,2026-02-13,1983.97,24019,2026-08-16T04:55:27+00:00
Amaluza,2026-02-14,1984.75,24019,2026-08-16T04:55:27+00:00
Amaluza,2026-02-15,1985.44,24019,2026-08-16T04:55:27+00:00
Amaluza,2026-02-16,1986.89,24019,2026-08-16T04:55:27+00:00
Amaluza,2026-02-17,1987.44,24019,2026-08-16T04:55:27+00:00
Amaluza,2026-02-18,1987.35,24019,2026-08-16T04:55:27+00:00
Amaluza,2026-02-19,1987.46,24019,2026-08-16T04:55:27+00:00
Amaluza,2026-02-20,1986.21,24019,2026-08-16T04:55:27+00:00
Amaluza,2026-02-21,1985.48,24019,2026-08-16T04:55:27+00:00
Amaluza,2026-02-22,1984.69,24019,2026-08-16T04:55:27+00:00
Amaluza,2026-02-23,1984.99,24019,2026-08-16T04:55:27+00:00
Amaluza,2026-02-24,1984.48,24019,2026-08-16T04:55:27+00:00
Amaluza,2026-02-25,1985.93,24019,2026-08-16T04:55:27+00:00
Amaluza,2026-02-26,1986.68,24019,2026-08-16T04:55:27+00:00
Amaluza,2026-02-27,1986.5,24019,2026-08-16T04:55:27+00:00
Amaluza,2026-03-01,1985.24,24019,2026-08-16T04:55:30+00:00
Amaluza,2026-03-02,1984.12,24019,2026-08-16T04:55:30+00:00
Amaluza,2026-03-03,1983.46,24019,2026-08-16T04:55:30+00:00
Amaluza,2026-03-04,1984.47,24019,2026-08-16T04:55:30+00:00
Amaluza,2026-03-05,1985.6,24019,2026-08-16T04:55:30+00:00
Amaluza,2026-03-06,1984.9,24019,2026-08-16T04:55:30+00:00
Amaluza,2026-03-07,1984.38,24019,2026-08-16T04:55:30+00:00
Amaluza,2026-03-08,1984.31,24019,2026-08-16T04:55:30+00:00
Amaluza,2026-03-09,1984.64,24019,2026-08-16T04:55:30+00:00
Amaluza,2026-03-10,1984.2,24019,2026-08-16T04:55:30+00:00
Amaluza,2026-03-11,1984.37,24019,2026-08-16T04:55:30+00:00
Amaluza,2026-03-12,1985.2,24019,2026-08-16T04:55:30+00:00
Amaluza,2026-03-13,1989.55,24019,2026-08-16T04:55:30+00:00
Amaluza,2026-03-14,1989.61,24019,2026-08-16T04:55:30+00:00
Amaluza,2026-03-15,1988.91,24019,2026-08-16T04:55:30+00:00
Amaluza,2026-03-16,1987.28,24019,2026-08-16T04:55:30+00:00
Amaluza,2026-03-17,1986.37,24019,2026-08-16T04:55:30+00:00
Amaluza,2026-03-18,1986.05,24019,2026-08-16T04:55:30+00:00
Amaluza,2026-03-19,1984.82,24019,2026-08-16T04:55:30+00:00
Amaluza,2026-03-20,1983.5,24019,2026-08-16T04:55:30+00:00
Amaluza,2026-03-21,1982.68,24019,2026-08-16T04:55:30+00:00
Amaluza,2026-03-22,1982.77,24019,2026-08-16T04:55:30+00:00
Amaluza,2026-03-23,1983.57,24019,2026-08-16T04:55:30+00:00
Amaluza,2026-03-24,1983.15,24019,2026-08-16T04:55:30+00:00
Amaluza,2026-03-25,1983.42,24019,2026-08-16T04:55:30+00:00
Amaluza,2026-03-26,1983.94,24019,2026-08-16T04:55:30+00:00
Amaluza,2026-03-27,1983.04,24019,2026-08-16T04:55:30+00:00
Amaluza,2026-03-28,1983.09,24019,2026-08-16T04:55:30+00:00
Amaluza,2026-03-29,1983.39,24019,2026-08-16T04:55:30+00:00
Amaluza,2026-03-30,1983.95,24019,2026-08-16T04:55:30+00:00
Amaluza,2026-04-01,1982.95,24019,2026-08-16T04:55:33+00:00
Amaluza,2026-04-02,1982.49,24019,2026-08-16T04:55:33+00:00
Amaluza,2026-04-03,1982.6,24019,2026-08-16T04:55:33+00:00
Amaluza,2026-04-04,1980.98,24019,2026-08-16T04:55:33+00:00
Amaluza,2026-04-05,1981.33,24019,2026-08-16T04:55:33+00:00
Amaluza,2026-04-06,1981.52,24019,2026-08-16T04:55:33+00:00
Amaluza,2026-04-07,1981.89,24019,2026-08-16T04:55:33+00:00
Amaluza,2026-04-08,1982.48,24019,2026-08-16T04:55:33+00:00
Amaluza,2026-04-09,1982.5,24019,2026-08-16T04:55:33+00:00
Amaluza,2026-04-10,1981.68,24019,2026-08-16T04:55:33+00:00
Amaluza,2026-04-11,1980.81,24019,2026-08-16T04:55:33+00:00
Amaluza,2026-04-12,1980.16,24019,2026-08-16T04:55:33+00:00
Amaluza,2026-04-13,1979.79,24019,2026-08-16T04:55:33+00:00
Amaluza,2026-04-14,1979.35,24019,2026-08-16T04:55:33+00:00
Amaluza,2026-04-15,1980.52,24019,2026-08-16T04:55:33+00:00
Amaluza,2026-04-16,1981.5,24019,2026-08-16T04:55:33+00:00
Amaluza,2026-04-17,1981.62,24019,2026-08-16T04:55:33+00:00
Amaluza,2026-04-18,1981.77,24019,2026-08-16T04:55:33+00:00
Amaluza,2026-04-19,1981.81,24019,2026-08-16T04:55:33+00:00
Amaluza,2026-04-20,1981.25,24019,2026-08-16T04:55:33+00:00
Amaluza,2026-04-21,1980.35,24019,2026-08-16T04:55:33+00:00
Amaluza,2026-04-22,1979.7,24019,2026-08-16T04:55:33+00:00
Amaluza,2026-04-23,1979.1,24019,2026-08-16T04:55:33+00:00
Amaluza,2026-04-24,1978.75,24019,2026-08-16T04:55:33+00:00
Amaluza,2026-04-25,1978.65,24019,2026-08-16T04:55:33+00:00
Amaluza,2026-04-26,1978.93,24019,2026-08-16T04:55:33+00:00
Amaluza,2026-04-27,1981.23,24019,2026-08-16T04:55:33+00:00
Amaluza,2026-04-28,1981.79,24019,2026-08-16T04:55:33+00:00
Amaluza,2026-04-29,1980.99,24019,2026-08-16T04:55:33+00:00
Amaluza,2026-05-01,1981.8,24019,2026-08-16T04:55:36+00:00
Amaluza,2026-05-02,1984.23,24019,2026-08-16T04:55:36+00:00
Amaluza,2026-05-03,1985.97,24019,2026-08-16T04:55:36+00:00
Amaluza,2026-05-04,1986.72,24019,2026-08-16T04:55:36+00:00
Amaluza,2026-05-05,1986.94,24019,2026-08-16T04:55:36+00:00
Amaluza,2026-05-06,1987.24,24019,2026-08-16T04:55:36+00:00
Amaluza,2026-05-07,1987.84,24019,2026-08-16T04:55:36+00:00
Amaluza,2026-05-08,1986.84,24019,2026-08-16T04:55:36+00:00
Amaluza,2026-05-09,1985.07,24019,2026-08-16T04:55:36+00:00
Amaluza,2026-05-10,1985.41,24019,2026-08-16T04:55:36+00:00
Amaluza,2026-05-11,1986.1,24019,2026-08-16T04:55:36+00:00
Amaluza,2026-05-12,1987.31,24019,2026-08-16T04:55:36+00:00
Amaluza,2026-05-13,1986.78,24019,2026-08-16T04:55:36+00:00
Amaluza,2026-05-14,1986.15,24019,2026-08-16T04:55:36+00:00
Amaluza,2026-05-15,1985.49,24019,2026-08-16T04:55:36+00:00
Amaluza,2026-05-16,1983.58,24019,2026-08-16T04:55:36+00:00
Amaluza,2026-05-17,1984.0,24019,2026-08-16T04:55:36+00:00
Amaluza,2026-05-18,1983.81,24019,2026-08-16T04:55:36+00:00
Amaluza,2026-05-19,1984.32,24019,2026-08-16T04:55:36+00:00
Amaluza,2026-05-20,1984.36,24019,2026-08-16T04:55:36+00:00
Amaluza,2026-05-21,1985.14,24019,2026-08-16T04:55:36+00:00
Amaluza,2026-05-22,1985.7,24019,2026-08-16T04:55:36+00:00
Amaluza,2026-05-23,1985.38,24019,2026-08-16T04:55:36+00:00
Amaluza,2026-05-24,1983.58,24019,2026-08-16T04:55:36+00:00
Amaluza,2026-05-25,1983.2,24019,2026-08-16T04:55:36+00:00
Amaluza,2026-05-26,1982.97,24019,2026-08-16T04:55:36+00:00
Amaluza,2026-05-27,1982.88,24019,2026-08-16T04:55:36+00:00
Amaluza,2026-05-28,1983.76,24019,2026-08-16T04:55:36+00:00
Amaluza,2026-05-29,1983.93,24019,2026-08-16T04:55:36+00:00
Amaluza,2026-05-30,1984.59,24019,2026-08-16T04:55:36+00:00
Amaluza,2026-06-01,1986.45,24019,2026-08-16T04:55:39+00:00
Amaluza,2026-06-02,1987.07,24019,2026-08-16T04:55:39+00:00
Amaluza,2026-06-03,1988.9,24019,2026-08-16T04:55:39+00:00
Amaluza,2026-06-04,1990.92,24019,2026-08-16T04:55:39+00:00
Amaluza,2026-06-05,1990.9,24019,2026-08-16T04:55:39+00:00
Amaluza,2026-06-06,1990.7,24019,2026-08-16T04:55:39+00:00
Amaluza,2026-06-07,1990.43,24019,2026-08-16T04:55:39+00:00
Amaluza,2026-06-08,1989.37,24019,2026-08-16T04:55:39+00:00
Amaluza,2026-06-09,1987.83,24019,2026-08-16T04:55:39+00:00
Amaluza,2026-06-10,1988.59,24019,2026-08-16T04:55:39+00:00
Amaluza,2026-06-11,1988.29,24019,2026-08-16T04:55:39+00:00
Amaluza,2026-06-12,1988.28,24019,2026-08-16T04:55:39+00:00
Amaluza,2026-06-13,1988.0,24019,2026-08-16T04:55:39+00:00
Amaluza,2026-06-14,1988.45,24019,2026-08-16T04:55:39+00:00
Amaluza,2026-06-15,1987.44,24019,2026-08-16T04:55:39+00:00
Amaluza,2026-06-16,1986.97,24019,2026-08-16T04:55:39+00:00
Amaluza,2026-06-17,1986.08,24019,2026-08-16T04:55:39+00:00
Amaluza,2026-06-18,1985.26,24019,2026-08-16T04:55:39+00:00
Amaluza,2026-06-19,1984.93,24019,2026-08-16T04:55:39+00:00
Amaluza,2026-06-20,1984.29,24019,2026-08-16T04:55:39+00:00
Amaluza,2026-06-21,1984.06,24019,2026-08-16T04:55:39+00:00
Amaluza,2026-06-22,1983.75,24019,2026-08-16T04:55:39+00:00
Amaluza,2026-06-23,1983.52,24019,2026-08-16T04:55:39+00:00
Amaluza,2026-06-24,1982.44,24019,2026-08-16T04:55:39+00:00
Amaluza,2026-06-25,1983.14,24019,2026-08-16T04:55:39+00:00
Amaluza,2026-06-26,1984.75,24019,2026-08-16T04:55:39+00:00
Amaluza,2026-06-27,1986.83,24019,2026-08-16T04:55:39+00:00
Amaluza,2026-06-28,1985.93,24019,2026-08-16T04:55:39+00:00
Amaluza,2026-06-29,1985.5,24019,2026-08-16T04:55:39+00:00
Amaluza,2026-07-01,1986.83,24019,2026-08-16T04:55:42+00:00
Amaluza,2026-07-02,1986.93,24019,2026-08-16T04:55:42+00:00
Amaluza,2026-07-03,1986.73,24019,2026-08-16T04:55:42+00:00
Amaluza,2026-07-04,1989.79,24019,2026-08-16T04:55:42+00:00
Amaluza,2026-07-05,1990.88,24019,2026-08-16T04:55:42+00:00
Amaluza,2026-07-06,1990.78,24019,2026-08-16T04:55:42+00:00
Amaluza,2026-07-07,1990.06,24019,2026-08-16T04:55:42+00:00
Amaluza,2026-07-08,1990.31,24019,2026-08-16T04:55:42+00:00
Amaluza,2026-07-09,1990.32,24019,2026-08-16T04:55:42+00:00
Amaluza,2026-07-10,1990.4,24019,2026-08-16T04:55:42+00:00
Amaluza,2026-07-11,1988.79,24019,2026-08-16T04:55:42+00:00
Amaluza,2026-07-12,1987.92,24019,2026-08-16T04:55:42+00:00
Amaluza,2026-07-13,1988.34,24019,2026-08-16T04:55:42+00:00
Amaluza,2026-07-14,1988.73,24019,2026-08-16T04:55:42+00:00
Amaluza,2026-07-15,1988.01,24019,2026-08-16T04:55:42+00:00
Amaluza,2026-07-16,1987.31,24019,2026-08-16T04:55:42+00:00
Amaluza,2026-07-17,1990.7,24019,2026-08-16T04:55:42+00:00
Amaluza,2026-07-18,1990.95,24019,2026-08-16T04:55:42+00:00
Amaluza,2026-07-19,1990.71,24019,2026-08-16T04:55:42+00:00
Amaluza,2026-07-20,1990.25,24019,2026-08-16T04:55:42+00:00
Amaluza,2026-07-21,1988.55,24019,2026-08-16T04:55:42+00:00
Amaluza,2026-07-22,1985.94,24019,2026-08-16T04:55:42+00:00
Amaluza,2026-07-23,1985.92,24019,2026-08-16T04:55:42+00:00
Amaluza,2026-07-24,1987.83,24019,2026-08-16T04:55:42+00:00
Amaluza,2026-07-25,1988.72,24019,2026-08-16T04:55:42+00:00
Amaluza,2026-07-26,1988.64,24019,2026-08-16T04:55:42+00:00
Amaluza,2026-07-27,1988.73,24019,2026-08-16T04:55:42+00:00
Amaluza,2026-07-28,1987.01,24019,2026-08-16T04:55:42+00:00
Amaluza,2026-07-29,1986.11,24019,2026-08-16T04:55:42+00:00
Amaluza,2026-07-30,1985.84,24019,2026-08-16T04:55:42+00:00
Amaluza,2026-08-01,1985.48,24019,2026-08-18T12:58:14+00:00
Amaluza,2026-08-02,1985.94,24019,2026-08-18T12:58:14+00:00
Amaluza,2026-08-03,1986.04,24019,2026-08-18T12:58:14+00:00
Amaluza,2026-08-04,1985.93,24019,2026-08-18T12:58:14+00:00
Amaluza,2026-08-05,1986.04,24019,2026-08-18T12:58:14+00:00
Amaluza,2026-08-06,1985.24,24019,2026-08-18T12:58:14+00:00
Amaluza,2026-08-07,1984.31,24019,2026-08-18T12:58:14+00:00
Amaluza,2026-08-08,1984.6,24019,2026-08-18T12:58:14+00:00
Amaluza,2026-08-09,1984.48,24019,2026-08-18T12:58:14+00:00
Amaluza,2026-08-10,1985.57,24019,2026-08-18T12:58:14+00:00
Amaluza,2026-08-11,1987.2,24019,2026-08-18T12:58:14+00:00
Amaluza,2026-08-12,1988.1,24019,2026-08-18T12:58:14+00:00
Amaluza,2026-08-13,1986.63,24019,2026-08-18T12:58:14+00:00
Amaluza,2026-08-14,1984.83,24019,2026-08-18T12:58:14+00:00
Amaluza,2026-08-15,1985.13,24019,2026-08-18T12:58:14+00:00
Amaluza,2026-08-16,1985.85,24019,2026-08-18T12:58:14+00:00
Amaluza,2026-08-17,1985.47,24019,2026-08-18T12:58:14+00:00
Mazar,2022-01-01,2151.97,30031,2026-08-16T04:52:59+00:00
Mazar,2022-01-02,2151.65,30031,2026-08-16T04:52:59+00:00
Mazar,2022-01-03,2151.06,30031,2026-08-16T04:52:59+00:00
Mazar,2022-01-04,2150.16,30031,2026-08-16T04:52:59+00:00
Mazar,2022-01-05,2149.23,30031,2026-08-16T04:52:59+00:00
Mazar,2022-01-06,2148.32,30031,2026-08-16T04:52:59+00:00
Mazar,2022-01-07,2147.36,30031,2026-08-16T04:52:59+00:00
Mazar,2022-01-08,2146.51,30031,2026-08-16T04:52:59+00:00
Mazar,2022-01-09,2145.45,30031,2026-08-16T04:52:59+00:00
Mazar,2022-01-10,2144.28,30031,2026-08-16T04:52:59+00:00
Mazar,2022-01-11,2143.55,30031,2026-08-16T04:52:59+00:00
Mazar,2022-01-12,2143.13,30031,2026-08-16T04:52:59+00:00
Mazar,2022-01-13,2142.38,30031,2026-08-16T04:52:59+00:00
Mazar,2022-01-14,2141.56,30031,2026-08-16T04:52:59+00:00
Mazar,2022-01-15,2140.98,30031,2026-08-16T04:52:59+00:00
Mazar,2022-01-16,2140.91,30031,2026-08-16T04:52:59+00:00
Mazar,2022-01-17,2140.48,30031,2026-08-16T04:52:59+00:00
Mazar,2022-01-18,2139.81,30031,2026-08-16T04:52:59+00:00
Mazar,2022-01-19,2139.38,30031,2026-08-16T04:52:59+00:00
Mazar,2022-01-20,2138.93,30031,2026-08-16T04:52:59+00:00
Mazar,2022-01-21,2138.66,30031,2026-08-16T04:52:59+00:00
Mazar,2022-01-22,2138.43,30031,2026-08-16T04:52:59+00:00
Mazar,2022-01-23,2138.08,30031,2026-08-16T04:52:59+00:00
Mazar,2022-01-24,2137.4,30031,2026-08-16T04:52:59+00:00
Mazar,2022-01-25,2137.33,30031,2026-08-16T04:52:59+00:00
Mazar,2022-01-26,2137.42,30031,2026-08-16T04:52:59+00:00
Mazar,2022-01-27,2137.25,30031,2026-08-16T04:52:59+00:00
Mazar,2022-01-28,2137.02,30031,2026-08-16T04:52:59+00:00
Mazar,2022-01-29,2137.13,30031,2026-08-16T04:52:59+00:00
Mazar,2022-01-30,2136.78,30031,2026-08-16T04:52:59+00:00
Mazar,2022-02-01,2136.12,30031,2026-08-16T04:53:02+00:00
Mazar,2022-02-02,2135.75,30031,2026-08-16T04:53:02+00:00
Mazar,2022-02-03,2135.32,30031,2026-08-16T04:53:02+00:00
Mazar,2022-02-04,2134.7,30031,2026-08-16T04:53:02+00:00
Mazar,2022-02-05,2134.18,30031,2026-08-16T04:53:02+00:00
Mazar,2022-02-06,2134.11,30031,2026-08-16T04:53:02+00:00
Mazar,2022-02-07,2133.76,30031,2026-08-16T04:53:02+00:00
Mazar,2022-02-08,2133.37,30031,2026-08-16T04:53:02+00:00
Mazar,2022-02-09,2132.94,30031,2026-08-16T04:53:02+00:00
Mazar,2022-02-10,2132.09,30031,2026-08-16T04:53:02+00:00
Mazar,2022-02-11,2131.58,30031,2026-08-16T04:53:02+00:00
Mazar,2022-02-12,2131.74,30031,2026-08-16T04:53:02+00:00
Mazar,2022-02-13,2131.94,30031,2026-08-16T04:53:02+00:00
Mazar,2022-02-14,2131.52,30031,2026-08-16T04:53:02+00:00
Mazar,2022-02-15,2131.31,30031,2026-08-16T04:53:02+00:00
Mazar,2022-02-16,2130.64,30031,2026-08-16T04:53:02+00:00
Mazar,2022-02-17,2129.82,30031,2026-08-16T04:53:02+00:00
Mazar,2022-02-18,2129.18,30031,2026-08-16T04:53:02+00:00
Mazar,2022-02-19,2128.42,30031,2026-08-16T04:53:02+00:00
Mazar,2022-02-20,2127.78,30031,2026-08-16T04:53:02+00:00
Mazar,2022-02-21,2127.08,30031,2026-08-16T04:53:02+00:00
Mazar,2022-02-22,2126.04,30031,2026-08-16T04:53:02+00:00
Mazar,2022-02-23,2125.58,30031,2026-08-16T04:53:02+00:00
Mazar,2022-02-24,2125.52,30031,2026-08-16T04:53:02+00:00
Mazar,2022-02-25,2125.73,30031,2026-08-16T04:53:02+00:00
Mazar,2022-02-26,2126.54,30031,2026-08-16T04:53:02+00:00
Mazar,2022-02-27,2126.87,30031,2026-08-16T04:53:02+00:00
Mazar,2022-03-01,2128.12,30031,2026-08-16T04:53:05+00:00
Mazar,2022-03-02,2130.32,30031,2026-08-16T04:53:05+00:00
Mazar,2022-03-03,2131.86,30031,2026-08-16T04:53:05+00:00
Mazar,2022-03-04,2132.65,30031,2026-08-16T04:53:05+00:00
Mazar,2022-03-05,2133.25,30031,2026-08-16T04:53:05+00:00
Mazar,2022-03-06,2134.47,30031,2026-08-16T04:53:05+00:00
Mazar,2022-03-07,2134.47,30031,2026-08-16T04:53:05+00:00
Mazar,2022-03-08,2134.06,30031,2026-08-16T04:53:05+00:00
Mazar,2022-03-09,2133.4,30031,2026-08-16T04:53:05+00:00
Mazar,2022-03-10,2132.24,30031,2026-08-16T04:53:05+00:00
Mazar,2022-03-11,2130.92,30031,2026-08-16T04:53:05+00:00
Mazar,2022-03-12,2130.01,30031,2026-08-16T04:53:05+00:00
Mazar,2022-03-13,2129.56,30031,2026-08-16T04:53:05+00:00
Mazar,2022-03-14,2130.21,30031,2026-08-16T04:53:05+00:00
Mazar,2022-03-15,2129.91,30031,2026-08-16T04:53:05+00:00
Mazar,2022-03-16,2128.82,30031,2026-08-16T04:53:05+00:00
Mazar,2022-03-17,2129.92,30031,2026-08-16T04:53:05+00:00
Mazar,2022-03-18,2129.85,30031,2026-08-16T04:53:05+00:00
Mazar,2022-03-19,2129.37,30031,2026-08-16T04:53:05+00:00
Mazar,2022-03-20,2130.48,30031,2026-08-16T04:53:05+00:00
Mazar,2022-03-21,2131.12,30031,2026-08-16T04:53:05+00:00
Mazar,2022-03-22,2131.2,30031,2026-08-16T04:53:05+00:00
Mazar,2022-03-23,2130.69,30031,2026-08-16T04:53:05+00:00
Mazar,2022-03-24,2129.9,30031,2026-08-16T04:53:05+00:00
Mazar,2022-03-25,2129.92,30031,2026-08-16T04:53:05+00:00
Mazar,2022-03-26,2128.93,30031,2026-08-16T04:53:05+00:00
Mazar,2022-03-27,2129.88,30031,2026-08-16T04:53:05+00:00
Mazar,2022-03-28,2130.2,30031,2026-08-16T04:53:05+00:00
Mazar,2022-03-29,2129.86,30031,2026-08-16T04:53:05+00:00
Mazar,2022-03-30,2129.93,30031,2026-08-16T04:53:05+00:00
Mazar,2022-04-01,2131.19,30031,2026-08-16T04:53:08+00:00
Mazar,2022-04-02,2131.36,30031,2026-08-16T04:53:08+00:00
Mazar,2022-04-03,2130.93,30031,2026-08-16T04:53:08+00:00
Mazar,2022-04-04,2130.96,30031,2026-08-16T04:53:08+00:00
Mazar,2022-04-05,2130.83,30031,2026-08-16T04:53:08+00:00
Mazar,2022-04-06,2130.76,30031,2026-08-16T04:53:08+00:00
Mazar,2022-04-07,2130.77,30031,2026-08-16T04:53:08+00:00
Mazar,2022-04-08,2127.93,30031,2026-08-16T04:53:08+00:00
Mazar,2022-04-09,2131.53,30031,2026-08-16T04:53:08+00:00
Mazar,2022-04-10,2132.99,30031,2026-08-16T04:53:08+00:00
Mazar,2022-04-11,2133.04,30031,2026-08-16T04:53:08+00:00
Mazar,2022-04-12,2132.86,30031,2026-08-16T04:53:08+00:00
Mazar,2022-04-13,2130.11,30031,2026-08-16T04:53:08+00:00
Mazar,2022-04-14,2130.28,30031,2026-08-16T04:53:08+00:00
Mazar,2022-04-15,2131.13,30031,2026-08-16T04:53:08+00:00
Mazar,2022-04-16,2131.28,30031,2026-08-16T04:53:08+00:00
Mazar,2022-04-17,2131.24,30031,2026-08-16T04:53:08+00:00
Mazar,2022-04-18,2131.61,30031,2026-08-16T04:53:08+00:00
Mazar,2022-04-19,2133.85,30031,2026-08-16T04:53:08+00:00
Mazar,2022-04-20,2136.46,30031,2026-08-16T04:53:08+00:00
Mazar,2022-04-21,2141.09,30031,2026-08-16T04:53:08+00:00
Mazar,2022-04-22,2143.18,30031,2026-08-16T04:53:08+00:00
Mazar,2022-04-23,2144.59,30031,2026-08-16T04:53:08+00:00
Mazar,2022-04-24,2145.76,30031,2026-08-16T04:53:08+00:00
Mazar,2022-04-25,2145.91,30031,2026-08-16T04:53:08+00:00
Mazar,2022-04-26,2145.4,30031,2026-08-16T04:53:08+00:00
Mazar,2022-04-27,2145.15,30031,2026-08-16T04:53:08+00:00
Mazar,2022-04-28,2145.24,30031,2026-08-16T04:53:08+00:00
Mazar,2022-04-29,2146.32,30031,2026-08-16T04:53:08+00:00
Mazar,2022-05-01,2148.6,30031,2026-08-16T04:53:11+00:00
Mazar,2022-05-02,2148.9,30031,2026-08-16T04:53:11+00:00
Mazar,2022-05-03,2148.28,30031,2026-08-16T04:53:11+00:00
Mazar,2022-05-04,2148.22,30031,2026-08-16T04:53:11+00:00
Mazar,2022-05-05,2148.62,30031,2026-08-16T04:53:11+00:00
Mazar,2022-05-06,2149.13,30031,2026-08-16T04:53:11+00:00
Mazar,2022-05-07,2149.88,30031,2026-08-16T04:53:11+00:00
Mazar,2022-05-08,2150.51,30031,2026-08-16T04:53:11+00:00
Mazar,2022-05-09,2150.5,30031,2026-08-16T04:53:11+00:00
Mazar,2022-05-10,2150.77,30031,2026-08-16T04:53:11+00:00
Mazar,2022-05-11,2150.99,30031,2026-08-16T04:53:11+00:00
Mazar,2022-05-12,2151.32,30031,2026-08-16T04:53:11+00:00
Mazar,2022-05-13,2152.18,30031,2026-08-16T04:53:11+00:00
Mazar,2022-05-14,2152.99,30031,2026-08-16T04:53:11+00:00
Mazar,2022-05-15,2153.68,30031,2026-08-16T04:53:11+00:00
Mazar,2022-05-16,2153.64,30031,2026-08-16T04:53:11+00:00
Mazar,2022-05-17,2154.15,30031,2026-08-16T04:53:11+00:00
Mazar,2022-05-18,2154.0,30031,2026-08-16T04:53:11+00:00
Mazar,2022-05-19,2153.63,30031,2026-08-16T04:53:11+00:00
Mazar,2022-05-20,2153.28,30031,2026-08-16T04:53:11+00:00
Mazar,2022-05-21,2153.33,30031,2026-08-16T04:53:11+00:00
Mazar,2022-05-22,2153.44,30031,2026-08-16T04:53:11+00:00
Mazar,2022-05-23,2153.45,30031,2026-08-16T04:53:11+00:00
Mazar,2022-05-24,2153.55,30031,2026-08-16T04:53:11+00:00
Mazar,2022-05-25,2153.64,30031,2026-08-16T04:53:11+00:00
Mazar,2022-05-26,2153.75,30031,2026-08-16T04:53:11+00:00
Mazar,2022-05-27,2153.57,30031,2026-08-16T04:53:11+00:00
Mazar,2022-05-28,2153.62,30031,2026-08-16T04:53:11+00:00
Mazar,2022-05-29,2153.56,30031,2026-08-16T04:53:11+00:00
Mazar,2022-05-30,2153.37,30031,2026-08-16T04:53:11+00:00
Mazar,2022-06-01,2153.19,30031,2026-08-16T04:53:14+00:00
Mazar,2022-06-02,2152.68,30031,2026-08-16T04:53:14+00:00
Mazar,2022-06-03,2152.33,30031,2026-08-16T04:53:14+00:00
Mazar,2022-06-04,2152.73,30031,2026-08-16T04:53:14+00:00
Mazar,2022-06-05,2152.77,30031,2026-08-16T04:53:14+00:00
Mazar,2022-06-06,2152.77,30031,2026-08-16T04:53:14+00:00
Mazar,2022-06-07,2152.49,30031,2026-08-16T04:53:14+00:00
Mazar,2022-06-08,2152.58,30031,2026-08-16T04:53:14+00:00
Mazar,2022-06-09,2152.8,30031,2026-08-16T04:53:14+00:00
Mazar,2022-06-10,2152.94,30031,2026-08-16T04:53:14+00:00
Mazar,2022-06-11,2153.16,30031,2026-08-16T04:53:14+00:00
Mazar,2022-06-12,2153.29,30031,2026-08-16T04:53:14+00:00
Mazar,2022-06-13,2153.44,30031,2026-08-16T04:53:14+00:00
Mazar,2022-06-14,2153.15,30031,2026-08-16T04:53:14+00:00
Mazar,2022-06-15,2152.74,30031,2026-08-16T04:53:14+00:00
Mazar,2022-06-16,2152.1,30031,2026-08-16T04:53:14+00:00
Mazar,2022-06-17,2151.33,30031,2026-08-16T04:53:14+00:00
Mazar,2022-06-18,2150.88,30031,2026-08-16T04:53:14+00:00
Mazar,2022-06-19,2151.08,30031,2026-08-16T04:53:14+00:00
Mazar,2022-06-20,2150.4,30031,2026-08-16T04:53:14+00:00
Mazar,2022-06-21,2149.88,30031,2026-08-16T04:53:14+00:00
Mazar,2022-06-22,2149.84,30031,2026-08-16T04:53:14+00:00
Mazar,2022-06-23,2150.43,30031,2026-08-16T04:53:14+00:00
Mazar,2022-06-24,2152.56,30031,2026-08-16T04:53:14+00:00
Mazar,2022-06-25,2155.02,30031,2026-08-16T04:53:14+00:00
Mazar,2022-06-26,2154.28,30031,2026-08-16T04:53:14+00:00
Mazar,2022-06-27,2153.71,30031,2026-08-16T04:53:14+00:00
Mazar,2022-06-28,2153.28,30031,2026-08-16T04:53:14+00:00
Mazar,2022-06-29,2153.15,30031,2026-08-16T04:53:14+00:00
Mazar,2022-07-01,2153.37,30031,2026-08-16T04:53:17+00:00
Mazar,2022-07-02,2153.57,30031,2026-08-16T04:53:17+00:00
Mazar,2022-07-03,2155.51,30031,2026-08-16T04:53:17+00:00
Mazar,2022-07-04,2155.49,30031,2026-08-16T04:53:17+00:00
Mazar,2022-07-05,2154.89,30031,2026-08-16T04:53:17+00:00
Mazar,2022-07-06,2154.78,30031,2026-08-16T04:53:17+00:00
Mazar,2022-07-07,2154.0,30031,2026-08-16T04:53:17+00:00
Mazar,2022-07-08,2153.59,30031,2026-08-16T04:53:17+00:00
Mazar,2022-07-09,2154.62,30031,2026-08-16T04:53:17+00:00
Mazar,2022-07-10,2154.0,30031,2026-08-16T04:53:17+00:00
Mazar,2022-07-11,2153.49,30031,2026-08-16T04:53:17+00:00
Mazar,2022-07-12,2153.39,30031,2026-08-16T04:53:17+00:00
Mazar,2022-07-13,2153.41,30031,2026-08-16T04:53:17+00:00
Mazar,2022-07-14,2153.19,30031,2026-08-16T04:53:17+00:00
Mazar,2022-07-15,2152.82,30031,2026-08-16T04:53:17+00:00
Mazar,2022-07-16,2153.06,30031,2026-08-16T04:53:17+00:00
Mazar,2022-07-17,2153.32,30031,2026-08-16T04:53:17+00:00
Mazar,2022-07-18,2153.33,30031,2026-08-16T04:53:17+00:00
Mazar,2022-07-19,2153.58,30031,2026-08-16T04:53:17+00:00
Mazar,2022-07-20,2153.69,30031,2026-08-16T04:53:17+00:00
Mazar,2022-07-21,2153.53,30031,2026-08-16T04:53:17+00:00
Mazar,2022-07-22,2153.58,30031,2026-08-16T04:53:17+00:00
Mazar,2022-07-23,2153.6,30031,2026-08-16T04:53:17+00:00
Mazar,2022-07-24,2153.63,30031,2026-08-16T04:53:17+00:00
Mazar,2022-07-25,2153.58,30031,2026-08-16T04:53:17+00:00
Mazar,2022-07-26,2154.07,30031,2026-08-16T04:53:17+00:00
Mazar,2022-07-27,2153.88,30031,2026-08-16T04:53:17+00:00
Mazar,2022-07-28,2153.69,30031,2026-08-16T04:53:17+00:00
Mazar,2022-07-29,2153.54,30031,2026-08-16T04:53:17+00:00
Mazar,2022-07-30,2153.52,30031,2026-08-16T04:53:17+00:00
Mazar,2022-08-01,2153.32,30031,2026-08-16T04:53:20+00:00
Mazar,2022-08-02,2153.44,30031,2026-08-16T04:53:20+00:00
Mazar,2022-08-03,2153.54,30031,2026-08-16T04:53:20+00:00
Mazar,2022-08-04,2153.75,30031,2026-08-16T04:53:20+00:00
Mazar,2022-08-05,2153.75,30031,2026-08-16T04:53:20+00:00
Mazar,2022-08-06,2153.81,30031,2026-08-16T04:53:20+00:00
Mazar,2022-08-07,2153.64,30031,2026-08-16T04:53:20+00:00
Mazar,2022-08-08,2153.49,30031,2026-08-16T04:53:20+00:00
Mazar,2022-08-09,2153.48,30031,2026-08-16T04:53:20+00:00
Mazar,2022-08-10,2154.15,30031,2026-08-16T04:53:20+00:00
Mazar,2022-08-11,2154.55,30031,2026-08-16T04:53:20+00:00
Mazar,2022-08-12,2153.48,30031,2026-08-16T04:53:20+00:00
Mazar,2022-08-13,2153.17,30031,2026-08-16T04:53:20+00:00
Mazar,2022-08-14,2153.43,30031,2026-08-16T04:53:20+00:00
Mazar,2022-08-15,2153.27,30031,2026-08-16T04:53:20+00:00
Mazar,2022-08-16,2153.09,30031,2026-08-16T04:53:20+00:00
Mazar,2022-08-17,2152.91,30031,2026-08-16T04:53:20+00:00
Mazar,2022-08-18,2152.61,30031,2026-08-16T04:53:20+00:00
Mazar,2022-08-19,2152.23,30031,2026-08-16T04:53:20+00:00
Mazar,2022-08-20,2152.81,30031,2026-08-16T04:53:20+00:00
Mazar,2022-08-21,2153.83,30031,2026-08-16T04:53:20+00:00
Mazar,2022-08-22,2153.35,30031,2026-08-16T04:53:20+00:00
Mazar,2022-08-23,2153.12,30031,2026-08-16T04:53:20+00:00
Mazar,2022-08-24,2152.83,30031,2026-08-16T04:53:20+00:00
Mazar,2022-08-25,2152.47,30031,2026-08-16T04:53:20+00:00
Mazar,2022-08-26,2152.05,30031,2026-08-16T04:53:20+00:00
Mazar,2022-08-27,2151.21,30031,2026-08-16T04:53:20+00:00
Mazar,2022-08-28,2150.54,30031,2026-08-16T04:53:20+00:00
Mazar,2022-08-29,2151.08,30031,2026-08-16T04:53:20+00:00
Mazar,2022-08-30,2153.78,30031,2026-08-16T04:53:20+00:00
Mazar,2022-09-01,2153.19,30031,2026-08-16T04:53:23+00:00
Mazar,2022-09-02,2152.79,30031,2026-08-16T04:53:23+00:00
Mazar,2022-09-03,2152.83,30031,2026-08-16T04:53:23+00:00
Mazar,2022-09-04,2153.15,30031,2026-08-16T04:53:23+00:00
Mazar,2022-09-05,2153.35,30031,2026-08-16T04:53:23+00:00
Mazar,2022-09-06,2153.16,30031,2026-08-16T04:53:23+00:00
Mazar,2022-09-07,2153.04,30031,2026-08-16T04:53:23+00:00
Mazar,2022-09-08,2152.62,30031,2026-08-16T04:53:23+00:00
Mazar,2022-09-09,2152.06,30031,2026-08-16T04:53:23+00:00
Mazar,2022-09-10,2152.27,30031,2026-08-16T04:53:23+00:00
Mazar,2022-09-11,2152.55,30031,2026-08-16T04:53:23+00:00
Mazar,2022-09-12,2152.41,30031,2026-08-16T04:53:23+00:00
Mazar,2022-09-13,2151.97,30031,2026-08-16T04:53:23+00:00
Mazar,2022-09-14,2151.21,30031,2026-08-16T04:53:23+00:00
Mazar,2022-09-15,2150.57,30031,2026-08-16T04:53:23+00:00
Mazar,2022-09-16,2150.76,30031,2026-08-16T04:53:23+00:00
Mazar,2022-09-17,2150.76,30031,2026-08-16T04:53:23+00:00
Mazar,2022-09-18,2150.76,30031,2026-08-16T04:53:23+00:00
Mazar,2022-09-19,2149.99,30031,2026-08-16T04:53:23+00:00
Mazar,2022-09-20,2149.29,30031,2026-08-16T04:53:23+00:00
Mazar,2022-09-21,2148.74,30031,2026-08-16T04:53:23+00:00
Mazar,2022-09-22,2148.23,30031,2026-08-16T04:53:23+00:00
Mazar,2022-09-23,2147.87,30031,2026-08-16T04:53:23+00:00
Mazar,2022-09-24,2147.38,30031,2026-08-16T04:53:23+00:00
Mazar,2022-09-25,2147.25,30031,2026-08-16T04:53:23+00:00
Mazar,2022-09-26,2146.98,30031,2026-08-16T04:53:23+00:00
Mazar,2022-09-27,2146.5,30031,2026-08-16T04:53:23+00:00
Mazar,2022-09-28,2146.0,30031,2026-08-16T04:53:23+00:00
Mazar,2022-09-29,2145.42,30031,2026-08-16T04:53:23+00:00
Mazar,2022-10-01,2144.57,30031,2026-08-16T04:53:25+00:00
Mazar,2022-10-02,2144.64,30031,2026-08-16T04:53:25+00:00
Mazar,2022-10-03,2144.38,30031,2026-08-16T04:53:25+00:00
Mazar,2022-10-04,2143.7,30031,2026-08-16T04:53:25+00:00
Mazar,2022-10-05,2143.1,30031,2026-08-16T04:53:25+00:00
Mazar,2022-10-06,2142.4,30031,2026-08-16T04:53:25+00:00
Mazar,2022-10-07,2141.35,30031,2026-08-16T04:53:25+00:00
Mazar,2022-10-08,2140.7,30031,2026-08-16T04:53:25+00:00
Mazar,2022-10-09,2140.76,30031,2026-08-16T04:53:25+00:00
Mazar,2022-10-10,2140.64,30031,2026-08-16T04:53:25+00:00
Mazar,2022-10-11,2140.19,30031,2026-08-16T04:53:25+00:00
Mazar,2022-10-12,2139.48,30031,2026-08-16T04:53:25+00:00
Mazar,2022-10-13,2138.9,30031,2026-08-16T04:53:25+00:00
Mazar,2022-10-14,2138.72,30031,2026-08-16T04:53:25+00:00
Mazar,2022-10-15,2139.74,30031,2026-08-16T04:53:25+00:00
Mazar,2022-10-16,2140.43,30031,2026-08-16T04:53:25+00:00
Mazar,2022-10-17,2140.54,30031,2026-08-16T04:53:25+00:00
Mazar,2022-10-18,2140.35,30031,2026-08-16T04:53:25+00:00
Mazar,2022-10-19,2140.67,30031,2026-08-16T04:53:25+00:00
Mazar,2022-10-20,2141.27,30031,2026-08-16T04:53:25+00:00
Mazar,2022-10-21,2142.77,30031,2026-08-16T04:53:25+00:00
Mazar,2022-10-22,2143.87,30031,2026-08-16T04:53:25+00:00
Mazar,2022-10-23,2144.87,30031,2026-08-16T04:53:25+00:00
Mazar,2022-10-24,2145.79,30031,2026-08-16T04:53:25+00:00
Mazar,2022-10-25,2146.16,30031,2026-08-16T04:53:25+00:00
Mazar,2022-10-26,2146.32,30031,2026-08-16T04:53:25+00:00
Mazar,2022-10-27,2146.15,30031,2026-08-16T04:53:25+00:00
Mazar,2022-10-28,2145.61,30031,2026-08-16T04:53:25+00:00
Mazar,2022-10-29,2144.83,30031,2026-08-16T04:53:25+00:00
Mazar,2022-10-30,2144.69,30031,2026-08-16T04:53:25+00:00
Mazar,2022-11-01,2144.06,30031,2026-08-16T04:53:29+00:00
Mazar,2022-11-02,2143.99,30031,2026-08-16T04:53:29+00:00
Mazar,2022-11-03,2144.46,30031,2026-08-16T04:53:29+00:00
Mazar,2022-11-04,2144.1,30031,2026-08-16T04:53:29+00:00
Mazar,2022-11-05,2143.64,30031,2026-08-16T04:53:29+00:00
Mazar,2022-11-06,2143.0,30031,2026-08-16T04:53:29+00:00
Mazar,2022-11-07,2142.55,30031,2026-08-16T04:53:29+00:00
Mazar,2022-11-08,2142.33,30031,2026-08-16T04:53:29+00:00
Mazar,2022-11-09,2141.88,30031,2026-08-16T04:53:29+00:00
Mazar,2022-11-10,2141.12,30031,2026-08-16T04:53:29+00:00
Mazar,2022-11-11,2140.53,30031,2026-08-16T04:53:29+00:00
Mazar,2022-11-12,2140.14,30031,2026-08-16T04:53:29+00:00
Mazar,2022-11-13,2140.22,30031,2026-08-16T04:53:29+00:00
Mazar,2022-11-14,2139.77,30031,2026-08-16T04:53:29+00:00
Mazar,2022-11-15,2140.05,30031,2026-08-16T04:53:29+00:00
Mazar,2022-11-16,2140.73,30031,2026-08-16T04:53:29+00:00
Mazar,2022-11-17,2142.17,30031,2026-08-16T04:53:29+00:00
Mazar,2022-11-18,2141.62,30031,2026-08-16T04:53:29+00:00
Mazar,2022-11-19,2141.27,30031,2026-08-16T04:53:29+00:00
Mazar,2022-11-20,2141.03,30031,2026-08-16T04:53:29+00:00
Mazar,2022-11-21,2141.08,30031,2026-08-16T04:53:29+00:00
Mazar,2022-11-22,2140.98,30031,2026-08-16T04:53:29+00:00
Mazar,2022-11-23,2140.47,30031,2026-08-16T04:53:29+00:00
Mazar,2022-11-24,2139.59,30031,2026-08-16T04:53:29+00:00
Mazar,2022-11-25,2139.22,30031,2026-08-16T04:53:29+00:00
Mazar,2022-11-26,2139.36,30031,2026-08-16T04:53:29+00:00
Mazar,2022-11-27,2139.2,30031,2026-08-16T04:53:29+00:00
Mazar,2022-11-28,2138.46,30031,2026-08-16T04:53:29+00:00
Mazar,2022-11-29,2137.39,30031,2026-08-16T04:53:29+00:00
Mazar,2022-12-01,2135.48,30031,2026-08-16T04:53:32+00:00
Mazar,2022-12-02,2134.56,30031,2026-08-16T04:53:32+00:00
Mazar,2022-12-03,2133.83,30031,2026-08-16T04:53:32+00:00
Mazar,2022-12-04,2133.6,30031,2026-08-16T04:53:32+00:00
Mazar,2022-12-05,2132.88,30031,2026-08-16T04:53:32+00:00
Mazar,2022-12-06,2132.03,30031,2026-08-16T04:53:32+00:00
Mazar,2022-12-07,2131.39,30031,2026-08-16T04:53:32+00:00
Mazar,2022-12-08,2130.9,30031,2026-08-16T04:53:32+00:00
Mazar,2022-12-09,2130.16,30031,2026-08-16T04:53:32+00:00
Mazar,2022-12-10,2129.63,30031,2026-08-16T04:53:32+00:00
Mazar,2022-12-11,2130.27,30031,2026-08-16T04:53:32+00:00
Mazar,2022-12-12,2129.93,30031,2026-08-16T04:53:32+00:00
Mazar,2022-12-13,2128.85,30031,2026-08-16T04:53:32+00:00
Mazar,2022-12-14,2128.07,30031,2026-08-16T04:53:32+00:00
Mazar,2022-12-15,2128.06,30031,2026-08-16T04:53:32+00:00
Mazar,2022-12-16,2128.05,30031,2026-08-16T04:53:32+00:00
Mazar,2022-12-17,2127.94,30031,2026-08-16T04:53:32+00:00
Mazar,2022-12-18,2128.04,30031,2026-08-16T04:53:32+00:00
Mazar,2022-12-19,2127.72,30031,2026-08-16T04:53:32+00:00
Mazar,2022-12-20,2127.01,30031,2026-08-16T04:53:32+00:00
Mazar,2022-12-21,2126.1,30031,2026-08-16T04:53:32+00:00
Mazar,2022-12-22,2124.48,30031,2026-08-16T04:53:32+00:00
Mazar,2022-12-23,2123.57,30031,2026-08-16T04:53:32+00:00
Mazar,2022-12-24,2123.11,30031,2026-08-16T04:53:32+00:00
Mazar,2022-12-25,2122.29,30031,2026-08-16T04:53:32+00:00
Mazar,2022-12-26,2122.64,30031,2026-08-16T04:53:32+00:00
Mazar,2022-12-27,2122.52,30031,2026-08-16T04:53:32+00:00
Mazar,2022-12-28,2121.91,30031,2026-08-16T04:53:32+00:00
Mazar,2022-12-29,2121.34,30031,2026-08-16T04:53:32+00:00
Mazar,2022-12-30,2120.11,30031,2026-08-16T04:53:32+00:00
Mazar,2023-01-01,2120.85,30031,2026-08-16T04:53:35+00:00
Mazar,2023-01-02,2121.35,30031,2026-08-16T04:53:35+00:00
Mazar,2023-01-03,2121.36,30031,2026-08-16T04:53:35+00:00
Mazar,2023-01-04,2121.05,30031,2026-08-16T04:53:35+00:00
Mazar,2023-01-05,2120.77,30031,2026-08-16T04:53:35+00:00
Mazar,2023-01-06,2120.33,30031,2026-08-16T04:53:35+00:00
Mazar,2023-01-07,2120.04,30031,2026-08-16T04:53:35+00:00
Mazar,2023-01-08,2120.17,30031,2026-08-16T04:53:35+00:00
Mazar,2023-01-09,2119.82,30031,2026-08-16T04:53:35+00:00
Mazar,2023-01-10,2119.64,30031,2026-08-16T04:53:35+00:00
Mazar,2023-01-11,2120.39,30031,2026-08-16T04:53:35+00:00
Mazar,2023-01-12,2121.55,30031,2026-08-16T04:53:35+00:00
Mazar,2023-01-13,2122.91,30031,2026-08-16T04:53:35+00:00
Mazar,2023-01-14,2122.78,30031,2026-08-16T04:53:35+00:00
Mazar,2023-01-15,2123.84,30031,2026-08-16T04:53:35+00:00
Mazar,2023-01-16,2124.71,30031,2026-08-16T04:53:35+00:00
Mazar,2023-01-17,2125.15,30031,2026-08-16T04:53:35+00:00
Mazar,2023-01-18,2125.47,30031,2026-08-16T04:53:35+00:00
Mazar,2023-01-19,2125.67,30031,2026-08-16T04:53:35+00:00
Mazar,2023-01-20,2126.97,30031,2026-08-16T04:53:35+00:00
Mazar,2023-01-21,2128.23,30031,2026-08-16T04:53:35+00:00
Mazar,2023-01-22,2128.82,30031,2026-08-16T04:53:35+00:00
Mazar,2023-01-23,2128.96,30031,2026-08-16T04:53:35+00:00
Mazar,2023-01-24,2129.37,30031,2026-08-16T04:53:35+00:00
Mazar,2023-01-25,2129.94,30031,2026-08-16T04:53:35+00:00
Mazar,2023-01-26,2130.19,30031,2026-08-16T04:53:35+00:00
Mazar,2023-01-27,2130.12,30031,2026-08-16T04:53:35+00:00
Mazar,2023-01-28,2130.0,30031,2026-08-16T04:53:35+00:00
Mazar,2023-01-29,2129.87,30031,2026-08-16T04:53:35+00:00
Mazar,2023-01-30,2129.09,30031,2026-08-16T04:53:35+00:00
Mazar,2023-02-01,2127.53,30031,2026-08-16T04:53:38+00:00
Mazar,2023-02-02,2127.06,30031,2026-08-16T04:53:38+00:00
Mazar,2023-02-03,2126.34,30031,2026-08-16T04:53:38+00:00
Mazar,2023-02-04,2125.74,30031,2026-08-16T04:53:38+00:00
Mazar,2023-02-05,2125.53,30031,2026-08-16T04:53:38+00:00
Mazar,2023-02-06,2125.93,30031,2026-08-16T04:53:38+00:00
Mazar,2023-02-07,2126.33,30031,2026-08-16T04:53:38+00:00
Mazar,2023-02-08,2126.39,30031,2026-08-16T04:53:38+00:00
Mazar,2023-02-09,2126.37,30031,2026-08-16T04:53:38+00:00
Mazar,2023-02-10,2126.22,30031,2026-08-16T04:53:38+00:00
Mazar,2023-02-11,2125.9,30031,2026-08-16T04:53:38+00:00
Mazar,2023-02-12,2125.91,30031,2026-08-16T04:53:38+00:00
Mazar,2023-02-13,2125.7,30031,2026-08-16T04:53:38+00:00
Mazar,2023-02-14,2125.63,30031,2026-08-16T04:53:38+00:00
Mazar,2023-02-15,2125.6,30031,2026-08-16T04:53:38+00:00
Mazar,2023-02-16,2125.86,30031,2026-08-16T04:53:38+00:00
Mazar,2023-02-17,2125.87,30031,2026-08-16T04:53:38+00:00
Mazar,2023-02-18,2126.37,30031,2026-08-16T04:53:38+00:00
Mazar,2023-02-19,2127.07,30031,2026-08-16T04:53:38+00:00
Mazar,2023-02-20,2127.54,30031,2026-08-16T04:53:38+00:00
Mazar,2023-02-21,2127.23,30031,2026-08-16T04:53:38+00:00
Mazar,2023-02-22,2128.14,30031,2026-08-16T04:53:38+00:00
Mazar,2023-02-23,2129.0,30031,2026-08-16T04:53:38+00:00
Mazar,2023-02-24,2129.49,30031,2026-08-16T04:53:38+00:00
Mazar,2023-02-25,2129.34,30031,2026-08-16T04:53:38+00:00
Mazar,2023-02-26,2129.27,30031,2026-08-16T04:53:38+00:00
Mazar,2023-02-27,2128.98,30031,2026-08-16T04:53:38+00:00
Mazar,2023-03-01,2129.75,30031,2026-08-16T04:53:41+00:00
Mazar,2023-03-02,2130.14,30031,2026-08-16T04:53:41+00:00
Mazar,2023-03-03,2130.02,30031,2026-08-16T04:53:41+00:00
Mazar,2023-03-04,2130.24,30031,2026-08-16T04:53:41+00:00
Mazar,2023-03-05,2130.59,30031,2026-08-16T04:53:41+00:00
Mazar,2023-03-06,2130.89,30031,2026-08-16T04:53:41+00:00
Mazar,2023-03-07,2130.88,30031,2026-08-16T04:53:41+00:00
Mazar,2023-03-08,2131.72,30031,2026-08-16T04:53:41+00:00
Mazar,2023-03-09,2132.98,30031,2026-08-16T04:53:41+00:00
Mazar,2023-03-10,2133.87,30031,2026-08-16T04:53:41+00:00
Mazar,2023-03-11,2134.96,30031,2026-08-16T04:53:41+00:00
Mazar,2023-03-12,2135.83,30031,2026-08-16T04:53:41+00:00
Mazar,2023-03-13,2135.85,30031,2026-08-16T04:53:41+00:00
Mazar,2023-03-14,2136.34,30031,2026-08-16T04:53:41+00:00
Mazar,2023-03-15,2137.02,30031,2026-08-16T04:53:41+00:00
Mazar,2023-03-16,2136.86,30031,2026-08-16T04:53:41+00:00
Mazar,2023-03-17,2136.43,30031,2026-08-16T04:53:41+00:00
Mazar,2023-03-18,2135.65,30031,2026-08-16T04:53:41+00:00
Mazar,2023-03-19,2134.91,30031,2026-08-16T04:53:41+00:00
Mazar,2023-03-20,2133.55,30031,2026-08-16T04:53:41+00:00
Mazar,2023-03-21,2132.11,30031,2026-08-16T04:53:41+00:00
Mazar,2023-03-22,2130.63,30031,2026-08-16T04:53:41+00:00
Mazar,2023-03-23,2129.08,30031,2026-08-16T04:53:41+00:00
Mazar,2023-03-24,2128.35,30031,2026-08-16T04:53:41+00:00
Mazar,2023-03-25,2128.29,30031,2026-08-16T04:53:41+00:00
Mazar,2023-03-26,2128.52,30031,2026-08-16T04:53:41+00:00
Mazar,2023-03-27,2128.71,30031,2026-08-16T04:53:41+00:00
Mazar,2023-03-28,2128.57,30031,2026-08-16T04:53:41+00:00
Mazar,2023-03-29,2128.31,30031,2026-08-16T04:53:41+00:00
Mazar,2023-03-30,2128.09,30031,2026-08-16T04:53:41+00:00
Mazar,2023-04-01,2128.9,30031,2026-08-16T04:53:44+00:00
Mazar,2023-04-02,2129.64,30031,2026-08-16T04:53:44+00:00
Mazar,2023-04-03,2130.29,30031,2026-08-16T04:53:44+00:00
Mazar,2023-04-04,2129.77,30031,2026-08-16T04:53:44+00:00
Mazar,2023-04-05,2129.48,30031,2026-08-16T04:53:44+00:00
Mazar,2023-04-06,2130.13,30031,2026-08-16T04:53:44+00:00
Mazar,2023-04-07,2130.62,30031,2026-08-16T04:53:44+00:00
Mazar,2023-04-08,2131.34,30031,2026-08-16T04:53:44+00:00
Mazar,2023-04-09,2131.84,30031,2026-08-16T04:53:44+00:00
Mazar,2023-04-10,2131.87,30031,2026-08-16T04:53:44+00:00
Mazar,2023-04-11,2132.48,30031,2026-08-16T04:53:44+00:00
Mazar,2023-04-12,2133.15,30031,2026-08-16T04:53:44+00:00
Mazar,2023-04-13,2133.35,30031,2026-08-16T04:53:44+00:00
Mazar,2023-04-14,2133.31,30031,2026-08-16T04:53:44+00:00
Mazar,2023-04-15,2133.87,30031,2026-08-16T04:53:44+00:00
Mazar,2023-04-16,2131.78,30031,2026-08-16T04:53:44+00:00
Mazar,2023-04-17,2132.19,30031,2026-08-16T04:53:44+00:00
Mazar,2023-04-18,2132.19,30031,2026-08-16T04:53:44+00:00
Mazar,2023-04-19,2129.11,30031,2026-08-16T04:53:44+00:00
Mazar,2023-04-20,2129.57,30031,2026-08-16T04:53:44+00:00
Mazar,2023-04-21,2129.66,30031,2026-08-16T04:53:44+00:00
Mazar,2023-04-22,2130.13,30031,2026-08-16T04:53:44+00:00
Mazar,2023-04-23,2130.89,30031,2026-08-16T04:53:44+00:00
Mazar,2023-04-24,2131.33,30031,2026-08-16T04:53:44+00:00
Mazar,2023-04-25,2132.19,30031,2026-08-16T04:53:44+00:00
Mazar,2023-04-26,2133.13,30031,2026-08-16T04:53:44+00:00
Mazar,2023-04-27,2134.87,30031,2026-08-16T04:53:44+00:00
Mazar,2023-04-28,2136.69,30031,2026-08-16T04:53:44+00:00
Mazar,2023-04-29,2138.12,30031,2026-08-16T04:53:44+00:00
Mazar,2023-05-01,2139.15,30031,2026-08-16T04:53:47+00:00
Mazar,2023-05-02,2139.65,30031,2026-08-16T04:53:47+00:00
Mazar,2023-05-03,2140.43,30031,2026-08-16T04:53:47+00:00
Mazar,2023-05-04,2140.38,30031,2026-08-16T04:53:47+00:00
Mazar,2023-05-05,2140.6,30031,2026-08-16T04:53:47+00:00
Mazar,2023-05-06,2139.74,30031,2026-08-16T04:53:47+00:00
Mazar,2023-05-07,2138.8,30031,2026-08-16T04:53:47+00:00
Mazar,2023-05-08,2138.02,30031,2026-08-16T04:53:47+00:00
Mazar,2023-05-09,2137.95,30031,2026-08-16T04:53:47+00:00
Mazar,2023-05-10,2139.0,30031,2026-08-16T04:53:47+00:00
Mazar,2023-05-11,2139.24,30031,2026-08-16T04:53:47+00:00
Mazar,2023-05-12,2139.39,30031,2026-08-16T04:53:47+00:00
Mazar,2023-05-13,2139.48,30031,2026-08-16T04:53:47+00:00
Mazar,2023-05-14,2140.74,30031,2026-08-16T04:53:47+00:00
Mazar,2023-05-15,2140.72,30031,2026-08-16T04:53:47+00:00
Mazar,2023-05-16,2140.34,30031,2026-08-16T04:53:47+00:00
Mazar,2023-05-17,2140.35,30031,2026-08-16T04:53:47+00:00
Mazar,2023-05-18,2139.94,30031,2026-08-16T04:53:47+00:00
Mazar,2023-05-19,2139.75,30031,2026-08-16T04:53:47+00:00
Mazar,2023-05-20,2139.99,30031,2026-08-16T04:53:47+00:00
Mazar,2023-05-21,2140.23,30031,2026-08-16T04:53:47+00:00
Mazar,2023-05-22,2139.8,30031,2026-08-16T04:53:47+00:00
Mazar,2023-05-23,2141.11,30031,2026-08-16T04:53:47+00:00
Mazar,2023-05-24,2141.31,30031,2026-08-16T04:53:47+00:00
Mazar,2023-05-25,2141.12,30031,2026-08-16T04:53:47+00:00
Mazar,2023-05-26,2141.56,30031,2026-08-16T04:53:47+00:00
Mazar,2023-05-27,2141.46,30031,2026-08-16T04:53:47+00:00
Mazar,2023-05-28,2142.12,30031,2026-08-16T04:53:47+00:00
Mazar,2023-05-29,2141.98,30031,2026-08-16T04:53:47+00:00
Mazar,2023-05-30,2141.85,30031,2026-08-16T04:53:47+00:00
Mazar,2023-06-01,2143.24,30031,2026-08-16T04:53:50+00:00
Mazar,2023-06-02,2143.45,30031,2026-08-16T04:53:50+00:00
Mazar,2023-06-03,2143.56,30031,2026-08-16T04:53:50+00:00
Mazar,2023-06-04,2143.95,30031,2026-08-16T04:53:50+00:00
Mazar,2023-06-05,2144.07,30031,2026-08-16T04:53:50+00:00
Mazar,2023-06-06,2144.77,30031,2026-08-16T04:53:50+00:00
Mazar,2023-06-07,2146.17,30031,2026-08-16T04:53:50+00:00
Mazar,2023-06-08,2147.36,30031,2026-08-16T04:53:50+00:00
Mazar,2023-06-09,2148.18,30031,2026-08-16T04:53:50+00:00
Mazar,2023-06-10,2148.78,30031,2026-08-16T04:53:50+00:00
Mazar,2023-06-11,2149.48,30031,2026-08-16T04:53:50+00:00
Mazar,2023-06-12,2149.46,30031,2026-08-16T04:53:50+00:00
Mazar,2023-06-13,2149.17,30031,2026-08-16T04:53:50+00:00
Mazar,2023-06-14,2149.13,30031,2026-08-16T04:53:50+00:00
Mazar,2023-06-15,2150.94,30031,2026-08-16T04:53:50+00:00
Mazar,2023-06-16,2153.0,30031,2026-08-16T04:53:50+00:00
Mazar,2023-06-17,2153.67,30031,2026-08-16T04:53:50+00:00
Mazar,2023-06-18,2153.68,30031,2026-08-16T04:53:50+00:00
Mazar,2023-06-19,2153.47,30031,2026-08-16T04:53:50+00:00
Mazar,2023-06-20,2153.11,30031,2026-08-16T04:53:50+00:00
Mazar,2023-06-21,2152.76,30031,2026-08-16T04:53:50+00:00
Mazar,2023-06-22,2152.27,30031,2026-08-16T04:53:50+00:00
Mazar,2023-06-23,2151.83,30031,2026-08-16T04:53:50+00:00
Mazar,2023-06-24,2152.39,30031,2026-08-16T04:53:50+00:00
Mazar,2023-06-25,2153.17,30031,2026-08-16T04:53:50+00:00
Mazar,2023-06-26,2153.15,30031,2026-08-16T04:53:50+00:00
Mazar,2023-06-27,2153.01,30031,2026-08-16T04:53:50+00:00
Mazar,2023-06-28,2152.78,30031,2026-08-16T04:53:50+00:00
Mazar,2023-06-29,2153.35,30031,2026-08-16T04:53:50+00:00
Mazar,2023-07-01,2153.79,30031,2026-08-16T04:53:52+00:00
Mazar,2023-07-02,2153.52,30031,2026-08-16T04:53:52+00:00
Mazar,2023-07-03,2153.38,30031,2026-08-16T04:53:52+00:00
Mazar,2023-07-04,2152.87,30031,2026-08-16T04:53:52+00:00
Mazar,2023-07-05,2152.26,30031,2026-08-16T04:53:52+00:00
Mazar,2023-07-06,2151.88,30031,2026-08-16T04:53:52+00:00
Mazar,2023-07-07,2152.11,30031,2026-08-16T04:53:52+00:00
Mazar,2023-07-08,2153.23,30031,2026-08-16T04:53:52+00:00
Mazar,2023-07-09,2153.64,30031,2026-08-16T04:53:52+00:00
Mazar,2023-07-10,2153.31,30031,2026-08-16T04:53:52+00:00
Mazar,2023-07-11,2153.12,30031,2026-08-16T04:53:52+00:00
Mazar,2023-07-12,2153.07,30031,2026-08-16T04:53:52+00:00
Mazar,2023-07-13,2152.71,30031,2026-08-16T04:53:52+00:00
Mazar,2023-07-14,2152.18,30031,2026-08-16T04:53:52+00:00
Mazar,2023-07-15,2152.02,30031,2026-08-16T04:53:52+00:00
Mazar,2023-07-16,2152.58,30031,2026-08-16T04:53:52+00:00
Mazar,2023-07-17,2153.0,30031,2026-08-16T04:53:52+00:00
Mazar,2023-07-18,2153.75,30031,2026-08-16T04:53:52+00:00
Mazar,2023-07-19,2153.36,30031,2026-08-16T04:53:52+00:00
Mazar,2023-07-20,2153.66,30031,2026-08-16T04:53:52+00:00
Mazar,2023-07-21,2153.89,30031,2026-08-16T04:53:52+00:00
Mazar,2023-07-22,2153.45,30031,2026-08-16T04:53:52+00:00
Mazar,2023-07-23,2153.23,30031,2026-08-16T04:53:52+00:00
Mazar,2023-07-24,2153.19,30031,2026-08-16T04:53:52+00:00
Mazar,2023-07-25,2153.01,30031,2026-08-16T04:53:52+00:00
Mazar,2023-07-26,2152.81,30031,2026-08-16T04:53:52+00:00
Mazar,2023-07-27,2152.77,30031,2026-08-16T04:53:52+00:00
Mazar,2023-07-28,2153.0,30031,2026-08-16T04:53:52+00:00
Mazar,2023-07-29,2153.54,30031,2026-08-16T04:53:52+00:00
Mazar,2023-07-30,2153.85,30031,2026-08-16T04:53:52+00:00
Mazar,2023-08-01,2153.12,30031,2026-08-16T04:53:55+00:00
Mazar,2023-08-02,2153.21,30031,2026-08-16T04:53:55+00:00
Mazar,2023-08-03,2153.1,30031,2026-08-16T04:53:55+00:00
Mazar,2023-08-04,2152.59,30031,2026-08-16T04:53:55+00:00
Mazar,2023-08-05,2152.42,30031,2026-08-16T04:53:55+00:00
Mazar,2023-08-06,2152.68,30031,2026-08-16T04:53:55+00:00
Mazar,2023-08-07,2152.39,30031,2026-08-16T04:53:55+00:00
Mazar,2023-08-08,2152.14,30031,2026-08-16T04:53:55+00:00
Mazar,2023-08-09,2152.95,30031,2026-08-16T04:53:55+00:00
Mazar,2023-08-10,2153.17,30031,2026-08-16T04:53:55+00:00
Mazar,2023-08-11,2153.1,30031,2026-08-16T04:53:55+00:00
Mazar,2023-08-12,2153.15,30031,2026-08-16T04:53:55+00:00
Mazar,2023-08-13,2153.19,30031,2026-08-16T04:53:55+00:00
Mazar,2023-08-14,2153.17,30031,2026-08-16T04:53:55+00:00
Mazar,2023-08-15,2153.71,30031,2026-08-16T04:53:55+00:00
Mazar,2023-08-16,2153.2,30031,2026-08-16T04:53:55+00:00
Mazar,2023-08-17,2152.56,30031,2026-08-16T04:53:55+00:00
Mazar,2023-08-18,2151.81,30031,2026-08-16T04:53:55+00:00
Mazar,2023-08-19,2151.67,30031,2026-08-16T04:53:55+00:00
Mazar,2023-08-20,2151.92,30031,2026-08-16T04:53:55+00:00
Mazar,2023-08-21,2153.1,30031,2026-08-16T04:53:55+00:00
Mazar,2023-08-22,2153.31,30031,2026-08-16T04:53:55+00:00
Mazar,2023-08-23,2153.1,30031,2026-08-16T04:53:55+00:00
Mazar,2023-08-24,2152.59,30031,2026-08-16T04:53:55+00:00
Mazar,2023-08-25,2151.95,30031,2026-08-16T04:53:55+00:00
Mazar,2023-08-26,2151.57,30031,2026-08-16T04:53:55+00:00
Mazar,2023-08-27,2151.35,30031,2026-08-16T04:53:55+00:00
Mazar,2023-08-28,2151.69,30031,2026-08-16T04:53:55+00:00
Mazar,2023-08-29,2151.52,30031,2026-08-16T04:53:55+00:00
Mazar,2023-08-30,2151.03,30031,2026-08-16T04:53:55+00:00
Mazar,2023-09-01,2150.49,30031,2026-08-16T04:53:58+00:00
Mazar,2023-09-02,2149.82,30031,2026-08-16T04:53:58+00:00
Mazar,2023-09-03,2149.02,30031,2026-08-16T04:53:58+00:00
Mazar,2023-09-04,2149.04,30031,2026-08-16T04:53:58+00:00
Mazar,2023-09-05,2149.45,30031,2026-08-16T04:53:58+00:00
Mazar,2023-09-06,2149.62,30031,2026-08-16T04:53:58+00:00
Mazar,2023-09-07,2149.33,30031,2026-08-16T04:53:58+00:00
Mazar,2023-09-08,2148.83,30031,2026-08-16T04:53:58+00:00
Mazar,2023-09-09,2148.63,30031,2026-08-16T04:53:58+00:00
Mazar,2023-09-10,2148.68,30031,2026-08-16T04:53:58+00:00
Mazar,2023-09-11,2148.59,30031,2026-08-16T04:53:58+00:00
Mazar,2023-09-12,2148.49,30031,2026-08-16T04:53:58+00:00
Mazar,2023-09-13,2147.85,30031,2026-08-16T04:53:58+00:00
Mazar,2023-09-14,2147.29,30031,2026-08-16T04:53:58+00:00
Mazar,2023-09-15,2148.15,30031,2026-08-16T04:53:58+00:00
Mazar,2023-09-16,2148.53,30031,2026-08-16T04:53:58+00:00
Mazar,2023-09-17,2148.58,30031,2026-08-16T04:53:58+00:00
Mazar,2023-09-18,2148.04,30031,2026-08-16T04:53:58+00:00
Mazar,2023-09-19,2147.73,30031,2026-08-16T04:53:58+00:00
Mazar,2023-09-20,2147.4,30031,2026-08-16T04:53:58+00:00
Mazar,2023-09-21,2146.85,30031,2026-08-16T04:53:58+00:00
Mazar,2023-09-22,2146.16,30031,2026-08-16T04:53:58+00:00
Mazar,2023-09-23,2144.98,30031,2026-08-16T04:53:58+00:00
Mazar,2023-09-24,2144.39,30031,2026-08-16T04:53:58+00:00
Mazar,2023-09-25,2143.84,30031,2026-08-16T04:53:58+00:00
Mazar,2023-09-26,2143.19,30031,2026-08-16T04:53:58+00:00
Mazar,2023-09-27,2142.39,30031,2026-08-16T04:53:58+00:00
Mazar,2023-09-28,2140.99,30031,2026-08-16T04:53:58+00:00
Mazar,2023-09-29,2139.88,30031,2026-08-16T04:53:58+00:00
Mazar,2023-10-01,2139.08,30031,2026-08-16T04:54:02+00:00
Mazar,2023-10-02,2138.14,30031,2026-08-16T04:54:02+00:00
Mazar,2023-10-03,2137.0,30031,2026-08-16T04:54:02+00:00
Mazar,2023-10-04,2135.6,30031,2026-08-16T04:54:02+00:00
Mazar,2023-10-05,2134.0,30031,2026-08-16T04:54:02+00:00
Mazar,2023-10-06,2132.85,30031,2026-08-16T04:54:02+00:00
Mazar,2023-10-07,2131.43,30031,2026-08-16T04:54:02+00:00
Mazar,2023-10-08,2130.42,30031,2026-08-16T04:54:02+00:00
Mazar,2023-10-09,2128.97,30031,2026-08-16T04:54:02+00:00
Mazar,2023-10-10,2128.51,30031,2026-08-16T04:54:02+00:00
Mazar,2023-10-11,2127.86,30031,2026-08-16T04:54:02+00:00
Mazar,2023-10-12,2126.66,30031,2026-08-16T04:54:02+00:00
Mazar,2023-10-13,2125.19,30031,2026-08-16T04:54:02+00:00
Mazar,2023-10-14,2125.07,30031,2026-08-16T04:54:02+00:00
Mazar,2023-10-15,2124.93,30031,2026-08-16T04:54:02+00:00
Mazar,2023-10-16,2124.28,30031,2026-08-16T04:54:02+00:00
Mazar,2023-10-17,2123.7,30031,2026-08-16T04:54:02+00:00
Mazar,2023-10-18,2122.86,30031,2026-08-16T04:54:02+00:00
Mazar,2023-10-19,2122.05,30031,2026-08-16T04:54:02+00:00
Mazar,2023-10-20,2121.99,30031,2026-08-16T04:54:02+00:00
Mazar,2023-10-21,2122.03,30031,2026-08-16T04:54:02+00:00
Mazar,2023-10-22,2121.59,30031,2026-08-16T04:54:02+00:00
Mazar,2023-10-23,2120.93,30031,2026-08-16T04:54:02+00:00
Mazar,2023-10-24,2119.78,30031,2026-08-16T04:54:02+00:00
Mazar,2023-10-25,2118.2,30031,2026-08-16T04:54:02+00:00
Mazar,2023-10-26,2116.72,30031,2026-08-16T04:54:02+00:00
Mazar,2023-10-27,2116.34,30031,2026-08-16T04:54:02+00:00
Mazar,2023-10-28,2116.5,30031,2026-08-16T04:54:02+00:00
Mazar,2023-10-29,2116.37,30031,2026-08-16T04:54:02+00:00
Mazar,2023-10-30,2115.78,30031,2026-08-16T04:54:02+00:00
Mazar,2023-11-01,2115.61,30031,2026-08-16T04:54:04+00:00
Mazar,2023-11-02,2115.37,30031,2026-08-16T04:54:04+00:00
Mazar,2023-11-03,2115.72,30031,2026-08-16T04:54:04+00:00
Mazar,2023-11-04,2115.98,30031,2026-08-16T04:54:04+00:00
Mazar,2023-11-05,2116.33,30031,2026-08-16T04:54:04+00:00
Mazar,2023-11-06,2116.75,30031,2026-08-16T04:54:04+00:00
Mazar,2023-11-07,2117.1,30031,2026-08-16T04:54:04+00:00
Mazar,2023-11-08,2116.53,30031,2026-08-16T04:54:04+00:00
Mazar,2023-11-09,2116.53,30031,2026-08-16T04:54:04+00:00
Mazar,2023-11-10,2117.63,30031,2026-08-16T04:54:04+00:00
Mazar,2023-11-11,2118.66,30031,2026-08-16T04:54:04+00:00
Mazar,2023-11-12,2119.11,30031,2026-08-16T04:54:04+00:00
Mazar,2023-11-13,2119.74,30031,2026-08-16T04:54:04+00:00
Mazar,2023-11-14,2120.29,30031,2026-08-16T04:54:04+00:00
Mazar,2023-11-15,2121.21,30031,2026-08-16T04:54:04+00:00
Mazar,2023-11-16,2122.16,30031,2026-08-16T04:54:04+00:00
Mazar,2023-11-17,2122.42,30031,2026-08-16T04:54:04+00:00
Mazar,2023-11-18,2122.34,30031,2026-08-16T04:54:04+00:00
Mazar,2023-11-19,2122.2,30031,2026-08-16T04:54:04+00:00
Mazar,2023-11-20,2121.87,30031,2026-08-16T04:54:04+00:00
Mazar,2023-11-21,2121.74,30031,2026-08-16T04:54:04+00:00
Mazar,2023-11-22,2120.97,30031,2026-08-16T04:54:04+00:00
Mazar,2023-11-23,2120.75,30031,2026-08-16T04:54:04+00:00
Mazar,2023-11-24,2121.48,30031,2026-08-16T04:54:04+00:00
Mazar,2023-11-25,2121.89,30031,2026-08-16T04:54:04+00:00
Mazar,2023-11-26,2122.28,30031,2026-08-16T04:54:04+00:00
Mazar,2023-11-27,2122.35,30031,2026-08-16T04:54:04+00:00
Mazar,2023-11-28,2123.1,30031,2026-08-16T04:54:04+00:00
Mazar,2023-11-29,2123.71,30031,2026-08-16T04:54:04+00:00
Mazar,2023-12-01,2124.33,30031,2026-08-16T04:54:07+00:00
Mazar,2023-12-02,2124.26,30031,2026-08-16T04:54:07+00:00
Mazar,2023-12-03,2124.25,30031,2026-08-16T04:54:07+00:00
Mazar,2023-12-04,2123.35,30031,2026-08-16T04:54:07+00:00
Mazar,2023-12-05,2123.28,30031,2026-08-16T04:54:07+00:00
Mazar,2023-12-06,2123.12,30031,2026-08-16T04:54:07+00:00
Mazar,2023-12-07,2123.03,30031,2026-08-16T04:54:07+00:00
Mazar,2023-12-08,2123.03,30031,2026-08-16T04:54:07+00:00
Mazar,2023-12-09,2123.27,30031,2026-08-16T04:54:07+00:00
Mazar,2023-12-10,2123.84,30031,2026-08-16T04:54:07+00:00
Mazar,2023-12-11,2123.95,30031,2026-08-16T04:54:07+00:00
Mazar,2023-12-12,2123.99,30031,2026-08-16T04:54:07+00:00
Mazar,2023-12-13,2124.08,30031,2026-08-16T04:54:07+00:00
Mazar,2023-12-14,2124.18,30031,2026-08-16T04:54:07+00:00
Mazar,2023-12-15,2124.26,30031,2026-08-16T04:54:07+00:00
Mazar,2023-12-16,2124.91,30031,2026-08-16T04:54:07+00:00
Mazar,2023-12-17,2126.01,30031,2026-08-16T04:54:07+00:00
Mazar,2023-12-18,2127.58,30031,2026-08-16T04:54:07+00:00
Mazar,2023-12-19,2128.39,30031,2026-08-16T04:54:07+00:00
Mazar,2023-12-20,2129.21,30031,2026-08-16T04:54:07+00:00
Mazar,2023-12-21,2129.97,30031,2026-08-16T04:54:07+00:00
Mazar,2023-12-22,2130.19,30031,2026-08-16T04:54:07+00:00
Mazar,2023-12-23,2130.75,30031,2026-08-16T04:54:07+00:00
Mazar,2023-12-24,2131.3,30031,2026-08-16T04:54:07+00:00
Mazar,2023-12-25,2131.71,30031,2026-08-16T04:54:07+00:00
Mazar,2023-12-26,2132.26,30031,2026-08-16T04:54:07+00:00
Mazar,2023-12-27,2134.08,30031,2026-08-16T04:54:07+00:00
Mazar,2023-12-28,2136.23,30031,2026-08-16T04:54:07+00:00
Mazar,2023-12-29,2138.78,30031,2026-08-16T04:54:07+00:00
Mazar,2023-12-30,2140.45,30031,2026-08-16T04:54:07+00:00
Mazar,2024-01-01,2143.26,30031,2026-08-16T04:54:10+00:00
Mazar,2024-01-02,2144.34,30031,2026-08-16T04:54:10+00:00
Mazar,2024-01-03,2145.15,30031,2026-08-16T04:54:10+00:00
Mazar,2024-01-04,2145.77,30031,2026-08-16T04:54:10+00:00
Mazar,2024-01-05,2146.39,30031,2026-08-16T04:54:10+00:00
Mazar,2024-01-06,2145.77,30031,2026-08-16T04:54:10+00:00
Mazar,2024-01-07,2144.87,30031,2026-08-16T04:54:10+00:00
Mazar,2024-01-08,2144.36,30031,2026-08-16T04:54:10+00:00
Mazar,2024-01-09,2143.81,30031,2026-08-16T04:54:10+00:00
Mazar,2024-01-10,2143.49,30031,2026-08-16T04:54:10+00:00
Mazar,2024-01-11,2142.93,30031,2026-08-16T04:54:10+00:00
Mazar,2024-01-12,2142.27,30031,2026-08-16T04:54:10+00:00
Mazar,2024-01-13,2142.03,30031,2026-08-16T04:54:10+00:00
Mazar,2024-01-14,2142.77,30031,2026-08-16T04:54:10+00:00
Mazar,2024-01-15,2143.0,30031,2026-08-16T04:54:10+00:00
Mazar,2024-01-16,2143.52,30031,2026-08-16T04:54:10+00:00
Mazar,2024-01-17,2144.5,30031,2026-08-16T04:54:10+00:00
Mazar,2024-01-18,2145.0,30031,2026-08-16T04:54:10+00:00
Mazar,2024-01-19,2144.94,30031,2026-08-16T04:54:10+00:00
Mazar,2024-01-20,2145.6,30031,2026-08-16T04:54:10+00:00
Mazar,2024-01-21,2146.28,30031,2026-08-16T04:54:10+00:00
Mazar,2024-01-22,2146.2,30031,2026-08-16T04:54:10+00:00
Mazar,2024-01-23,2145.69,30031,2026-08-16T04:54:10+00:00
Mazar,2024-01-24,2144.88,30031,2026-08-16T04:54:10+00:00
Mazar,2024-01-25,2144.02,30031,2026-08-16T04:54:10+00:00
Mazar,2024-01-26,2142.84,30031,2026-08-16T04:54:10+00:00
Mazar,2024-01-27,2141.65,30031,2026-08-16T04:54:10+00:00
Mazar,2024-01-28,2140.37,30031,2026-08-16T04:54:10+00:00
Mazar,2024-01-29,2139.35,30031,2026-08-16T04:54:10+00:00
Mazar,2024-01-30,2138.18,30031,2026-08-16T04:54:10+00:00
Mazar,2024-02-01,2135.59,30031,2026-08-16T04:54:13+00:00
Mazar,2024-02-02,2134.62,30031,2026-08-16T04:54:13+00:00
Mazar,2024-02-03,2133.55,30031,2026-08-16T04:54:13+00:00
Mazar,2024-02-04,2133.95,30031,2026-08-16T04:54:13+00:00
Mazar,2024-02-05,2134.44,30031,2026-08-16T04:54:13+00:00
Mazar,2024-02-06,2134.63,30031,2026-08-16T04:54:13+00:00
Mazar,2024-02-07,2134.19,30031,2026-08-16T04:54:13+00:00
Mazar,2024-02-08,2134.11,30031,2026-08-16T04:54:13+00:00
Mazar,2024-02-09,2133.78,30031,2026-08-16T04:54:13+00:00
Mazar,2024-02-10,2134.01,30031,2026-08-16T04:54:13+00:00
Mazar,2024-02-11,2133.9,30031,2026-08-16T04:54:13+00:00
Mazar,2024-02-12,2133.31,30031,2026-08-16T04:54:13+00:00
Mazar,2024-02-13,2133.05,30031,2026-08-16T04:54:13+00:00
Mazar,2024-02-14,2132.58,30031,2026-08-16T04:54:13+00:00
Mazar,2024-02-15,2132.95,30031,2026-08-16T04:54:13+00:00
Mazar,2024-02-16,2132.71,30031,2026-08-16T04:54:13+00:00
Mazar,2024-02-17,2133.83,30031,2026-08-16T04:54:13+00:00
Mazar,2024-02-18,2134.58,30031,2026-08-16T04:54:13+00:00
Mazar,2024-02-19,2134.26,30031,2026-08-16T04:54:13+00:00
Mazar,2024-02-20,2133.79,30031,2026-08-16T04:54:13+00:00
Mazar,2024-02-21,2133.35,30031,2026-08-16T04:54:13+00:00
Mazar,2024-02-22,2132.58,30031,2026-08-16T04:54:13+00:00
Mazar,2024-02-23,2131.65,30031,2026-08-16T04:54:13+00:00
Mazar,2024-02-24,2131.14,30031,2026-08-16T04:54:13+00:00
Mazar,2024-02-25,2130.65,30031,2026-08-16T04:54:13+00:00
Mazar,2024-02-26,2129.89,30031,2026-08-16T04:54:13+00:00
Mazar,2024-02-27,2129.15,30031,2026-08-16T04:54:13+00:00
Mazar,2024-02-28,2127.87,30031,2026-08-16T04:54:13+00:00
Mazar,2024-03-01,2127.49,30031,2026-08-16T04:54:16+00:00
Mazar,2024-03-02,2128.57,30031,2026-08-16T04:54:16+00:00
Mazar,2024-03-03,2129.42,30031,2026-08-16T04:54:16+00:00
Mazar,2024-03-04,2129.27,30031,2026-08-16T04:54:16+00:00
Mazar,2024-03-05,2129.69,30031,2026-08-16T04:54:16+00:00
Mazar,2024-03-06,2129.2,30031,2026-08-16T04:54:16+00:00
Mazar,2024-03-07,2128.68,30031,2026-08-16T04:54:16+00:00
Mazar,2024-03-08,2128.57,30031,2026-08-16T04:54:16+00:00
Mazar,2024-03-09,2129.06,30031,2026-08-16T04:54:16+00:00
Mazar,2024-03-10,2129.48,30031,2026-08-16T04:54:16+00:00
Mazar,2024-03-11,2129.62,30031,2026-08-16T04:54:16+00:00
Mazar,2024-03-12,2129.35,30031,2026-08-16T04:54:16+00:00
Mazar,2024-03-13,2128.41,30031,2026-08-16T04:54:16+00:00
Mazar,2024-03-14,2129.04,30031,2026-08-16T04:54:16+00:00
Mazar,2024-03-15,2129.18,30031,2026-08-16T04:54:16+00:00
Mazar,2024-03-16,2129.24,30031,2026-08-16T04:54:16+00:00
Mazar,2024-03-17,2129.24,30031,2026-08-16T04:54:16+00:00
Mazar,2024-03-18,2128.97,30031,2026-08-16T04:54:16+00:00
Mazar,2024-03-19,2128.68,30031,2026-08-16T04:54:16+00:00
Mazar,2024-03-20,2128.11,30031,2026-08-16T04:54:16+00:00
Mazar,2024-03-21,2127.5,30031,2026-08-16T04:54:16+00:00
Mazar,2024-03-22,2127.28,30031,2026-08-16T04:54:16+00:00
Mazar,2024-03-23,2124.68,30031,2026-08-16T04:54:16+00:00
Mazar,2024-03-24,2124.99,30031,2026-08-16T04:54:16+00:00
Mazar,2024-03-25,2124.49,30031,2026-08-16T04:54:16+00:00
Mazar,2024-03-26,2123.87,30031,2026-08-16T04:54:16+00:00
Mazar,2024-03-27,2120.11,30031,2026-08-16T04:54:16+00:00
Mazar,2024-03-28,2119.38,30031,2026-08-16T04:54:16+00:00
Mazar,2024-03-29,2118.53,30031,2026-08-16T04:54:16+00:00
Mazar,2024-03-30,2117.91,30031,2026-08-16T04:54:16+00:00
Mazar,2024-04-01,2116.73,30031,2026-08-16T04:54:19+00:00
Mazar,2024-04-02,2116.38,30031,2026-08-16T04:54:19+00:00
Mazar,2024-04-03,2116.7,30031,2026-08-16T04:54:19+00:00
Mazar,2024-04-04,2116.54,30031,2026-08-16T04:54:19+00:00
Mazar,2024-04-05,2116.31,30031,2026-08-16T04:54:19+00:00
Mazar,2024-04-06,2116.4,30031,2026-08-16T04:54:19+00:00
Mazar,2024-04-07,2116.23,30031,2026-08-16T04:54:19+00:00
Mazar,2024-04-08,2115.83,30031,2026-08-16T04:54:19+00:00
Mazar,2024-04-09,2115.46,30031,2026-08-16T04:54:19+00:00
Mazar,2024-04-10,2115.37,30031,2026-08-16T04:54:19+00:00
Mazar,2024-04-11,2114.5,30031,2026-08-16T04:54:19+00:00
Mazar,2024-04-12,2112.89,30031,2026-08-16T04:54:19+00:00
Mazar,2024-04-13,2111.3,30031,2026-08-16T04:54:19+00:00
Mazar,2024-04-14,2109.86,30031,2026-08-16T04:54:19+00:00
Mazar,2024-04-15,2108.97,30031,2026-08-16T04:54:19+00:00
Mazar,2024-04-16,2107.88,30031,2026-08-16T04:54:19+00:00
Mazar,2024-04-17,2106.66,30031,2026-08-16T04:54:19+00:00
Mazar,2024-04-18,2107.86,30031,2026-08-16T04:54:19+00:00
Mazar,2024-04-19,2108.87,30031,2026-08-16T04:54:19+00:00
Mazar,2024-04-20,2110.1,30031,2026-08-16T04:54:19+00:00
Mazar,2024-04-21,2110.88,30031,2026-08-16T04:54:19+00:00
Mazar,2024-04-22,2112.12,30031,2026-08-16T04:54:19+00:00
Mazar,2024-04-23,2112.97,30031,2026-08-16T04:54:19+00:00
Mazar,2024-04-24,2113.42,30031,2026-08-16T04:54:19+00:00
Mazar,2024-04-25,2114.27,30031,2026-08-16T04:54:19+00:00
Mazar,2024-04-26,2114.79,30031,2026-08-16T04:54:19+00:00
Mazar,2024-04-27,2115.06,30031,2026-08-16T04:54:19+00:00
Mazar,2024-04-28,2117.19,30031,2026-08-16T04:54:19+00:00
Mazar,2024-04-29,2117.77,30031,2026-08-16T04:54:19+00:00
Mazar,2024-05-01,2119.06,30031,2026-08-16T04:54:22+00:00
Mazar,2024-05-02,2119.48,30031,2026-08-16T04:54:22+00:00
Mazar,2024-05-03,2119.68,30031,2026-08-16T04:54:22+00:00
Mazar,2024-05-04,2120.73,30031,2026-08-16T04:54:22+00:00
Mazar,2024-05-05,2122.13,30031,2026-08-16T04:54:22+00:00
Mazar,2024-05-06,2123.34,30031,2026-08-16T04:54:22+00:00
Mazar,2024-05-07,2124.83,30031,2026-08-16T04:54:22+00:00
Mazar,2024-05-08,2125.83,30031,2026-08-16T04:54:22+00:00
Mazar,2024-05-09,2127.28,30031,2026-08-16T04:54:22+00:00
Mazar,2024-05-10,2127.64,30031,2026-08-16T04:54:22+00:00
Mazar,2024-05-11,2128.04,30031,2026-08-16T04:54:22+00:00
Mazar,2024-05-12,2128.26,30031,2026-08-16T04:54:22+00:00
Mazar,2024-05-13,2127.98,30031,2026-08-16T04:54:22+00:00
Mazar,2024-05-14,2128.15,30031,2026-08-16T04:54:22+00:00
Mazar,2024-05-15,2128.19,30031,2026-08-16T04:54:22+00:00
Mazar,2024-05-16,2128.16,30031,2026-08-16T04:54:22+00:00
Mazar,2024-05-17,2128.44,30031,2026-08-16T04:54:22+00:00
Mazar,2024-05-18,2128.63,30031,2026-08-16T04:54:22+00:00
Mazar,2024-05-19,2129.67,30031,2026-08-16T04:54:22+00:00
Mazar,2024-05-20,2131.99,30031,2026-08-16T04:54:22+00:00
Mazar,2024-05-21,2133.15,30031,2026-08-16T04:54:22+00:00
Mazar,2024-05-22,2134.4,30031,2026-08-16T04:54:22+00:00
Mazar,2024-05-23,2135.64,30031,2026-08-16T04:54:22+00:00
Mazar,2024-05-24,2135.48,30031,2026-08-16T04:54:22+00:00
Mazar,2024-05-25,2136.04,30031,2026-08-16T04:54:22+00:00
Mazar,2024-05-26,2136.85,30031,2026-08-16T04:54:22+00:00
Mazar,2024-05-27,2137.03,30031,2026-08-16T04:54:22+00:00
Mazar,2024-05-28,2138.67,30031,2026-08-16T04:54:22+00:00
Mazar,2024-05-29,2139.91,30031,2026-08-16T04:54:22+00:00
Mazar,2024-05-30,2140.68,30031,2026-08-16T04:54:22+00:00
Mazar,2024-06-01,2140.48,30031,2026-08-16T04:54:25+00:00
Mazar,2024-06-02,2140.36,30031,2026-08-16T04:54:25+00:00
Mazar,2024-06-03,2139.42,30031,2026-08-16T04:54:25+00:00
Mazar,2024-06-04,2139.08,30031,2026-08-16T04:54:25+00:00
Mazar,2024-06-05,2139.64,30031,2026-08-16T04:54:25+00:00
Mazar,2024-06-06,2141.14,30031,2026-08-16T04:54:25+00:00
Mazar,2024-06-07,2143.06,30031,2026-08-16T04:54:25+00:00
Mazar,2024-06-08,2144.71,30031,2026-08-16T04:54:25+00:00
Mazar,2024-06-09,2145.7,30031,2026-08-16T04:54:25+00:00
Mazar,2024-06-10,2146.38,30031,2026-08-16T04:54:25+00:00
Mazar,2024-06-11,2147.39,30031,2026-08-16T04:54:25+00:00
Mazar,2024-06-12,2148.31,30031,2026-08-16T04:54:25+00:00
Mazar,2024-06-13,2148.96,30031,2026-08-16T04:54:25+00:00
Mazar,2024-06-14,2149.6,30031,2026-08-16T04:54:25+00:00
Mazar,2024-06-15,2149.8,30031,2026-08-16T04:54:25+00:00
Mazar,2024-06-16,2152.55,30031,2026-08-16T04:54:25+00:00
Mazar,2024-06-17,2152.84,30031,2026-08-16T04:54:25+00:00
Mazar,2024-06-18,2152.88,30031,2026-08-16T04:54:25+00:00
Mazar,2024-06-19,2152.61,30031,2026-08-16T04:54:25+00:00
Mazar,2024-06-20,2152.81,30031,2026-08-16T04:54:25+00:00
Mazar,2024-06-21,2153.17,30031,2026-08-16T04:54:25+00:00
Mazar,2024-06-22,2152.87,30031,2026-08-16T04:54:25+00:00
Mazar,2024-06-23,2152.63,30031,2026-08-16T04:54:25+00:00
Mazar,2024-06-24,2152.35,30031,2026-08-16T04:54:25+00:00
Mazar,2024-06-25,2152.03,30031,2026-08-16T04:54:25+00:00
Mazar,2024-06-26,2151.68,30031,2026-08-16T04:54:25+00:00
Mazar,2024-06-27,2151.64,30031,2026-08-16T04:54:25+00:00
Mazar,2024-06-28,2151.31,30031,2026-08-16T04:54:25+00:00
Mazar,2024-06-29,2150.97,30031,2026-08-16T04:54:25+00:00
Mazar,2024-07-01,2150.58,30031,2026-08-16T04:54:28+00:00
Mazar,2024-07-02,2150.46,30031,2026-08-16T04:54:28+00:00
Mazar,2024-07-03,2150.15,30031,2026-08-16T04:54:28+00:00
Mazar,2024-07-04,2150.09,30031,2026-08-16T04:54:28+00:00
Mazar,2024-07-05,2149.69,30031,2026-08-16T04:54:28+00:00
Mazar,2024-07-06,2149.08,30031,2026-08-16T04:54:28+00:00
Mazar,2024-07-07,2149.47,30031,2026-08-16T04:54:28+00:00
Mazar,2024-07-08,2149.6,30031,2026-08-16T04:54:28+00:00
Mazar,2024-07-09,2149.58,30031,2026-08-16T04:54:28+00:00
Mazar,2024-07-10,2149.88,30031,2026-08-16T04:54:28+00:00
Mazar,2024-07-11,2150.03,30031,2026-08-16T04:54:28+00:00
Mazar,2024-07-12,2150.08,30031,2026-08-16T04:54:28+00:00
Mazar,2024-07-13,2151.46,30031,2026-08-16T04:54:28+00:00
Mazar,2024-07-14,2152.24,30031,2026-08-16T04:54:28+00:00
Mazar,2024-07-15,2152.11,30031,2026-08-16T04:54:28+00:00
Mazar,2024-07-16,2152.33,30031,2026-08-16T04:54:28+00:00
Mazar,2024-07-17,2152.34,30031,2026-08-16T04:54:28+00:00
Mazar,2024-07-18,2152.33,30031,2026-08-16T04:54:28+00:00
Mazar,2024-07-19,2152.35,30031,2026-08-16T04:54:28+00:00
Mazar,2024-07-20,2152.24,30031,2026-08-16T04:54:28+00:00
Mazar,2024-07-21,2152.18,30031,2026-08-16T04:54:28+00:00
Mazar,2024-07-22,2152.15,30031,2026-08-16T04:54:28+00:00
Mazar,2024-07-23,2152.16,30031,2026-08-16T04:54:28+00:00
Mazar,2024-07-24,2151.81,30031,2026-08-16T04:54:28+00:00
Mazar,2024-07-25,2152.06,30031,2026-08-16T04:54:28+00:00
Mazar,2024-07-26,2152.32,30031,2026-08-16T04:54:28+00:00
Mazar,2024-07-27,2152.41,30031,2026-08-16T04:54:28+00:00
Mazar,2024-07-28,2152.42,30031,2026-08-16T04:54:28+00:00
Mazar,2024-07-29,2152.31,30031,2026-08-16T04:54:28+00:00
Mazar,2024-07-30,2152.24,30031,2026-08-16T04:54:28+00:00
Mazar,2024-08-01,2151.96,30031,2026-08-16T04:54:31+00:00
Mazar,2024-08-02,2151.63,30031,2026-08-16T04:54:31+00:00
Mazar,2024-08-03,2151.31,30031,2026-08-16T04:54:31+00:00
Mazar,2024-08-04,2151.33,30031,2026-08-16T04:54:31+00:00
Mazar,2024-08-05,2150.77,30031,2026-08-16T04:54:31+00:00
Mazar,2024-08-06,2150.46,30031,2026-08-16T04:54:31+00:00
Mazar,2024-08-07,2150.23,30031,2026-08-16T04:54:31+00:00
Mazar,2024-08-08,2149.7,30031,2026-08-16T04:54:31+00:00
Mazar,2024-08-09,2149.7,30031,2026-08-16T04:54:31+00:00
Mazar,2024-08-10,2149.5,30031,2026-08-16T04:54:31+00:00
Mazar,2024-08-11,2149.66,30031,2026-08-16T04:54:31+00:00
Mazar,2024-08-12,2149.51,30031,2026-08-16T04:54:31+00:00
Mazar,2024-08-13,2149.33,30031,2026-08-16T04:54:31+00:00
Mazar,2024-08-14,2148.7,30031,2026-08-16T04:54:31+00:00
Mazar,2024-08-15,2148.06,30031,2026-08-16T04:54:31+00:00
Mazar,2024-08-16,2147.55,30031,2026-08-16T04:54:31+00:00
Mazar,2024-08-17,2147.66,30031,2026-08-16T04:54:31+00:00
Mazar,2024-08-18,2147.6,30031,2026-08-16T04:54:31+00:00
Mazar,2024-08-19,2146.69,30031,2026-08-16T04:54:31+00:00
Mazar,2024-08-20,2145.9,30031,2026-08-16T04:54:31+00:00
Mazar,2024-08-21,2145.12,30031,2026-08-16T04:54:31+00:00
Mazar,2024-08-22,2144.08,30031,2026-08-16T04:54:31+00:00
Mazar,2024-08-23,2142.83,30031,2026-08-16T04:54:31+00:00
Mazar,2024-08-24,2141.44,30031,2026-08-16T04:54:31+00:00
Mazar,2024-08-25,2141.09,30031,2026-08-16T04:54:31+00:00
Mazar,2024-08-26,2142.05,30031,2026-08-16T04:54:31+00:00
Mazar,2024-08-27,2142.0,30031,2026-08-16T04:54:31+00:00
Mazar,2024-08-28,2141.55,30031,2026-08-16T04:54:31+00:00
Mazar,2024-08-29,2140.82,30031,2026-08-16T04:54:31+00:00
Mazar,2024-08-30,2140.24,30031,2026-08-16T04:54:31+00:00
Mazar,2024-09-01,2138.83,30031,2026-08-16T04:54:34+00:00
Mazar,2024-09-02,2137.81,30031,2026-08-16T04:54:34+00:00
Mazar,2024-09-03,2136.69,30031,2026-08-16T04:54:34+00:00
Mazar,2024-09-04,2135.52,30031,2026-08-16T04:54:34+00:00
Mazar,2024-09-05,2134.0,30031,2026-08-16T04:54:34+00:00
Mazar,2024-09-06,2133.03,30031,2026-08-16T04:54:34+00:00
Mazar,2024-09-07,2132.5,30031,2026-08-16T04:54:34+00:00
Mazar,2024-09-08,2131.71,30031,2026-08-16T04:54:34+00:00
Mazar,2024-09-09,2130.9,30031,2026-08-16T04:54:34+00:00
Mazar,2024-09-10,2130.82,30031,2026-08-16T04:54:34+00:00
Mazar,2024-09-11,2129.64,30031,2026-08-16T04:54:34+00:00
Mazar,2024-09-12,2127.87,30031,2026-08-16T04:54:34+00:00
Mazar,2024-09-13,2126.07,30031,2026-08-16T04:54:34+00:00
Mazar,2024-09-14,2124.78,30031,2026-08-16T04:54:34+00:00
Mazar,2024-09-15,2123.67,30031,2026-08-16T04:54:34+00:00
Mazar,2024-09-16,2122.27,30031,2026-08-16T04:54:34+00:00
Mazar,2024-09-17,2121.6,30031,2026-08-16T04:54:34+00:00
Mazar,2024-09-18,2120.32,30031,2026-08-16T04:54:34+00:00
Mazar,2024-09-19,2119.42,30031,2026-08-16T04:54:34+00:00
Mazar,2024-09-20,2117.95,30031,2026-08-16T04:54:34+00:00
Mazar,2024-09-21,2116.46,30031,2026-08-16T04:54:34+00:00
Mazar,2024-09-22,2117.11,30031,2026-08-16T04:54:34+00:00
Mazar,2024-09-23,2117.63,30031,2026-08-16T04:54:34+00:00
Mazar,2024-09-24,2117.6,30031,2026-08-16T04:54:34+00:00
Mazar,2024-09-25,2116.78,30031,2026-08-16T04:54:34+00:00
Mazar,2024-09-26,2116.92,30031,2026-08-16T04:54:34+00:00
Mazar,2024-09-27,2116.85,30031,2026-08-16T04:54:34+00:00
Mazar,2024-09-28,2117.14,30031,2026-08-16T04:54:34+00:00
Mazar,2024-09-29,2117.58,30031,2026-08-16T04:54:34+00:00
Mazar,2024-10-01,2118.97,30031,2026-08-16T04:54:36+00:00
Mazar,2024-10-02,2119.42,30031,2026-08-16T04:54:36+00:00
Mazar,2024-10-03,2119.9,30031,2026-08-16T04:54:36+00:00
Mazar,2024-10-04,2118.8,30031,2026-08-16T04:54:36+00:00
Mazar,2024-10-05,2117.8,30031,2026-08-16T04:54:36+00:00
Mazar,2024-10-06,2116.74,30031,2026-08-16T04:54:36+00:00
Mazar,2024-10-07,2115.13,30031,2026-08-16T04:54:36+00:00
Mazar,2024-10-08,2113.11,30031,2026-08-16T04:54:36+00:00
Mazar,2024-10-09,2112.73,30031,2026-08-16T04:54:36+00:00
Mazar,2024-10-10,2112.6,30031,2026-08-16T04:54:36+00:00
Mazar,2024-10-11,2113.12,30031,2026-08-16T04:54:36+00:00
Mazar,2024-10-12,2113.68,30031,2026-08-16T04:54:36+00:00
Mazar,2024-10-13,2114.31,30031,2026-08-16T04:54:36+00:00
Mazar,2024-10-14,2115.24,30031,2026-08-16T04:54:36+00:00
Mazar,2024-10-15,2116.33,30031,2026-08-16T04:54:36+00:00
Mazar,2024-10-16,2116.67,30031,2026-08-16T04:54:36+00:00
Mazar,2024-10-17,2116.65,30031,2026-08-16T04:54:36+00:00
Mazar,2024-10-18,2116.44,30031,2026-08-16T04:54:36+00:00
Mazar,2024-10-19,2116.07,30031,2026-08-16T04:54:36+00:00
Mazar,2024-10-20,2115.25,30031,2026-08-16T04:54:36+00:00
Mazar,2024-10-21,2114.39,30031,2026-08-16T04:54:36+00:00
Mazar,2024-10-22,2113.35,30031,2026-08-16T04:54:36+00:00
Mazar,2024-10-23,2112.6,30031,2026-08-16T04:54:36+00:00
Mazar,2024-10-24,2111.57,30031,2026-08-16T04:54:36+00:00
Mazar,2024-10-25,2111.28,30031,2026-08-16T04:54:36+00:00
Mazar,2024-10-26,2111.62,30031,2026-08-16T04:54:36+00:00
Mazar,2024-10-27,2111.93,30031,2026-08-16T04:54:36+00:00
Mazar,2024-10-28,2112.79,30031,2026-08-16T04:54:36+00:00
Mazar,2024-10-29,2113.65,30031,2026-08-16T04:54:36+00:00
Mazar,2024-10-30,2114.44,30031,2026-08-16T04:54:36+00:00
Mazar,2024-11-01,2115.23,30031,2026-08-16T04:54:41+00:00
Mazar,2024-11-02,2115.42,30031,2026-08-16T04:54:41+00:00
Mazar,2024-11-03,2115.93,30031,2026-08-16T04:54:41+00:00
Mazar,2024-11-04,2115.99,30031,2026-08-16T04:54:41+00:00
Mazar,2024-11-05,2115.51,30031,2026-08-16T04:54:41+00:00
Mazar,2024-11-06,2114.24,30031,2026-08-16T04:54:41+00:00
Mazar,2024-11-07,2112.89,30031,2026-08-16T04:54:41+00:00
Mazar,2024-11-08,2111.46,30031,2026-08-16T04:54:41+00:00
Mazar,2024-11-09,2111.01,30031,2026-08-16T04:54:41+00:00
Mazar,2024-11-10,2111.28,30031,2026-08-16T04:54:41+00:00
Mazar,2024-11-11,2111.55,30031,2026-08-16T04:54:41+00:00
Mazar,2024-11-12,2111.56,30031,2026-08-16T04:54:41+00:00
Mazar,2024-11-13,2111.28,30031,2026-08-16T04:54:41+00:00
Mazar,2024-11-14,2110.82,30031,2026-08-16T04:54:41+00:00
Mazar,2024-11-15,2110.31,30031,2026-08-16T04:54:41+00:00
Mazar,2024-11-16,2110.55,30031,2026-08-16T04:54:41+00:00
Mazar,2024-11-17,2110.81,30031,2026-08-16T04:54:41+00:00
Mazar,2024-11-18,2111.04,30031,2026-08-16T04:54:41+00:00
Mazar,2024-11-19,2111.05,30031,2026-08-16T04:54:41+00:00
Mazar,2024-11-20,2111.07,30031,2026-08-16T04:54:41+00:00
Mazar,2024-11-21,2110.8,30031,2026-08-16T04:54:41+00:00
Mazar,2024-11-22,2111.03,30031,2026-08-16T04:54:41+00:00
Mazar,2024-11-23,2111.33,30031,2026-08-16T04:54:41+00:00
Mazar,2024-11-24,2111.68,30031,2026-08-16T04:54:41+00:00
Mazar,2024-11-25,2111.61,30031,2026-08-16T04:54:41+00:00
Mazar,2024-11-26,2111.34,30031,2026-08-16T04:54:41+00:00
Mazar,2024-11-27,2111.39,30031,2026-08-16T04:54:41+00:00
Mazar,2024-11-28,2111.55,30031,2026-08-16T04:54:41+00:00
Mazar,2024-11-29,2112.03,30031,2026-08-16T04:54:41+00:00
Mazar,2024-12-01,2112.83,30031,2026-08-16T04:54:44+00:00
Mazar,2024-12-02,2112.93,30031,2026-08-16T04:54:44+00:00
Mazar,2024-12-03,2111.62,30031,2026-08-16T04:54:44+00:00
Mazar,2024-12-04,2111.93,30031,2026-08-16T04:54:44+00:00
Mazar,2024-12-05,2112.36,30031,2026-08-16T04:54:44+00:00
Mazar,2024-12-06,2112.51,30031,2026-08-16T04:54:44+00:00
Mazar,2024-12-07,2113.02,30031,2026-08-16T04:54:44+00:00
Mazar,2024-12-08,2113.67,30031,2026-08-16T04:54:44+00:00
Mazar,2024-12-09,2114.26,30031,2026-08-16T04:54:44+00:00
Mazar,2024-12-10,2114.54,30031,2026-08-16T04:54:44+00:00
Mazar,2024-12-11,2115.35,30031,2026-08-16T04:54:44+00:00
Mazar,2024-12-12,2115.68,30031,2026-08-16T04:54:44+00:00
Mazar,2024-12-13,2115.79,30031,2026-08-16T04:54:44+00:00
Mazar,2024-12-14,2115.89,30031,2026-08-16T04:54:44+00:00
Mazar,2024-12-15,2116.3,30031,2026-08-16T04:54:44+00:00
Mazar,2024-12-16,2116.93,30031,2026-08-16T04:54:44+00:00
Mazar,2024-12-17,2117.29,30031,2026-08-16T04:54:44+00:00
Mazar,2024-12-18,2118.02,30031,2026-08-16T04:54:44+00:00
Mazar,2024-12-19,2118.75,30031,2026-08-16T04:54:44+00:00
Mazar,2024-12-20,2118.68,30031,2026-08-16T04:54:44+00:00
Mazar,2024-12-21,2118.15,30031,2026-08-16T04:54:44+00:00
Mazar,2024-12-22,2117.72,30031,2026-08-16T04:54:44+00:00
Mazar,2024-12-23,2118.02,30031,2026-08-16T04:54:44+00:00
Mazar,2024-12-24,2118.55,30031,2026-08-16T04:54:44+00:00
Mazar,2024-12-25,2119.13,30031,2026-08-16T04:54:44+00:00
Mazar,2024-12-26,2119.62,30031,2026-08-16T04:54:44+00:00
Mazar,2024-12-27,2121.63,30031,2026-08-16T04:54:44+00:00
Mazar,2024-12-28,2122.61,30031,2026-08-16T04:54:44+00:00
Mazar,2024-12-29,2123.72,30031,2026-08-16T04:54:44+00:00
Mazar,2024-12-30,2125.1,30031,2026-08-16T04:54:44+00:00
Mazar,2025-01-01,2128.03,30031,2026-08-16T04:54:47+00:00
Mazar,2025-01-02,2130.17,30031,2026-08-16T04:54:47+00:00
Mazar,2025-01-03,2131.59,30031,2026-08-16T04:54:47+00:00
Mazar,2025-01-04,2133.66,30031,2026-08-16T04:54:47+00:00
Mazar,2025-01-05,2135.85,30031,2026-08-16T04:54:47+00:00
Mazar,2025-01-06,2137.28,30031,2026-08-16T04:54:47+00:00
Mazar,2025-01-07,2138.4,30031,2026-08-16T04:54:47+00:00
Mazar,2025-01-08,2140.12,30031,2026-08-16T04:54:47+00:00
Mazar,2025-01-09,2141.58,30031,2026-08-16T04:54:47+00:00
Mazar,2025-01-10,2142.81,30031,2026-08-16T04:54:47+00:00
Mazar,2025-01-11,2143.8,30031,2026-08-16T04:54:47+00:00
Mazar,2025-01-12,2144.6,30031,2026-08-16T04:54:47+00:00
Mazar,2025-01-13,2145.05,30031,2026-08-16T04:54:47+00:00
Mazar,2025-01-14,2144.81,30031,2026-08-16T04:54:47+00:00
Mazar,2025-01-15,2144.48,30031,2026-08-16T04:54:47+00:00
Mazar,2025-01-16,2144.29,30031,2026-08-16T04:54:47+00:00
Mazar,2025-01-17,2144.51,30031,2026-08-16T04:54:47+00:00
Mazar,2025-01-18,2145.12,30031,2026-08-16T04:54:47+00:00
Mazar,2025-01-19,2145.7,30031,2026-08-16T04:54:47+00:00
Mazar,2025-01-20,2145.76,30031,2026-08-16T04:54:47+00:00
Mazar,2025-01-21,2145.64,30031,2026-08-16T04:54:47+00:00
Mazar,2025-01-22,2145.73,30031,2026-08-16T04:54:47+00:00
Mazar,2025-01-23,2146.24,30031,2026-08-16T04:54:47+00:00
Mazar,2025-01-24,2146.07,30031,2026-08-16T04:54:47+00:00
Mazar,2025-01-25,2145.89,30031,2026-08-16T04:54:47+00:00
Mazar,2025-01-26,2146.41,30031,2026-08-16T04:54:47+00:00
Mazar,2025-01-27,2146.93,30031,2026-08-16T04:54:47+00:00
Mazar,2025-01-28,2147.43,30031,2026-08-16T04:54:47+00:00
Mazar,2025-01-29,2148.3,30031,2026-08-16T04:54:47+00:00
Mazar,2025-01-30,2149.19,30031,2026-08-16T04:54:47+00:00
Mazar,2025-02-01,2150.44,30031,2026-08-16T04:54:50+00:00
Mazar,2025-02-02,2150.87,30031,2026-08-16T04:54:50+00:00
Mazar,2025-02-03,2150.86,30031,2026-08-16T04:54:50+00:00
Mazar,2025-02-04,2151.27,30031,2026-08-16T04:54:50+00:00
Mazar,2025-02-05,2151.25,30031,2026-08-16T04:54:50+00:00
Mazar,2025-02-06,2151.43,30031,2026-08-16T04:54:50+00:00
Mazar,2025-02-07,2151.57,30031,2026-08-16T04:54:50+00:00
Mazar,2025-02-08,2152.04,30031,2026-08-16T04:54:50+00:00
Mazar,2025-02-09,2152.74,30031,2026-08-16T04:54:50+00:00
Mazar,2025-02-10,2152.97,30031,2026-08-16T04:54:50+00:00
Mazar,2025-02-11,2153.0,30031,2026-08-16T04:54:50+00:00
Mazar,2025-02-12,2152.99,30031,2026-08-16T04:54:50+00:00
Mazar,2025-02-13,2153.07,30031,2026-08-16T04:54:50+00:00
Mazar,2025-02-14,2153.46,30031,2026-08-16T04:54:50+00:00
Mazar,2025-02-15,2153.97,30031,2026-08-16T04:54:50+00:00
Mazar,2025-02-16,2154.02,30031,2026-08-16T04:54:50+00:00
Mazar,2025-02-17,2154.05,30031,2026-08-16T04:54:50+00:00
Mazar,2025-02-18,2154.44,30031,2026-08-16T04:54:50+00:00
Mazar,2025-02-19,2154.19,30031,2026-08-16T04:54:50+00:00
Mazar,2025-02-20,2153.99,30031,2026-08-16T04:54:50+00:00
Mazar,2025-02-21,2153.71,30031,2026-08-16T04:54:50+00:00
Mazar,2025-02-22,2153.75,30031,2026-08-16T04:54:50+00:00
Mazar,2025-02-23,2153.74,30031,2026-08-16T04:54:50+00:00
Mazar,2025-02-24,2153.32,30031,2026-08-16T04:54:50+00:00
Mazar,2025-02-25,2153.29,30031,2026-08-16T04:54:50+00:00
Mazar,2025-02-26,2153.42,30031,2026-08-16T04:54:50+00:00
Mazar,2025-02-27,2153.32,30031,2026-08-16T04:54:50+00:00
Mazar,2025-03-01,2153.92,30031,2026-08-16T04:54:53+00:00
Mazar,2025-03-02,2154.25,30031,2026-08-16T04:54:53+00:00
Mazar,2025-03-03,2154.6,30031,2026-08-16T04:54:53+00:00
Mazar,2025-03-04,2154.17,30031,2026-08-16T04:54:53+00:00
Mazar,2025-03-05,2154.09,30031,2026-08-16T04:54:53+00:00
Mazar,2025-03-06,2154.0,30031,2026-08-16T04:54:53+00:00
Mazar,2025-03-07,2153.71,30031,2026-08-16T04:54:53+00:00
Mazar,2025-03-08,2153.4,30031,2026-08-16T04:54:53+00:00
Mazar,2025-03-09,2153.5,30031,2026-08-16T04:54:53+00:00
Mazar,2025-03-10,2153.16,30031,2026-08-16T04:54:53+00:00
Mazar,2025-03-11,2153.24,30031,2026-08-16T04:54:53+00:00
Mazar,2025-03-12,2153.08,30031,2026-08-16T04:54:53+00:00
Mazar,2025-03-13,2153.04,30031,2026-08-16T04:54:53+00:00
Mazar,2025-03-14,2153.18,30031,2026-08-16T04:54:53+00:00
Mazar,2025-03-15,2153.39,30031,2026-08-16T04:54:53+00:00
Mazar,2025-03-16,2153.63,30031,2026-08-16T04:54:53+00:00
Mazar,2025-03-17,2153.61,30031,2026-08-16T04:54:53+00:00
Mazar,2025-03-18,2153.31,30031,2026-08-16T04:54:53+00:00
Mazar,2025-03-19,2153.12,30031,2026-08-16T04:54:53+00:00
Mazar,2025-03-20,2153.05,30031,2026-08-16T04:54:53+00:00
Mazar,2025-03-21,2153.09,30031,2026-08-16T04:54:53+00:00
Mazar,2025-03-22,2153.28,30031,2026-08-16T04:54:53+00:00
Mazar,2025-03-23,2153.58,30031,2026-08-16T04:54:53+00:00
Mazar,2025-03-24,2153.12,30031,2026-08-16T04:54:53+00:00
Mazar,2025-03-25,2152.99,30031,2026-08-16T04:54:53+00:00
Mazar,2025-03-26,2152.82,30031,2026-08-16T04:54:53+00:00
Mazar,2025-03-27,2153.11,30031,2026-08-16T04:54:53+00:00
Mazar,2025-03-28,2153.14,30031,2026-08-16T04:54:53+00:00
Mazar,2025-03-29,2153.5,30031,2026-08-16T04:54:53+00:00
Mazar,2025-03-30,2153.88,30031,2026-08-16T04:54:53+00:00
Mazar,2025-04-01,2153.66,30031,2026-08-16T04:54:56+00:00
Mazar,2025-04-02,2153.91,30031,2026-08-16T04:54:56+00:00
Mazar,2025-04-03,2153.78,30031,2026-08-16T04:54:56+00:00
Mazar,2025-04-04,2153.76,30031,2026-08-16T04:54:56+00:00
Mazar,2025-04-05,2154.04,30031,2026-08-16T04:54:56+00:00
Mazar,2025-04-06,2154.44,30031,2026-08-16T04:54:56+00:00
Mazar,2025-04-07,2153.97,30031,2026-08-16T04:54:56+00:00
Mazar,2025-04-08,2153.6,30031,2026-08-16T04:54:56+00:00
Mazar,2025-04-09,2153.61,30031,2026-08-16T04:54:56+00:00
Mazar,2025-04-10,2153.94,30031,2026-08-16T04:54:56+00:00
Mazar,2025-04-11,2154.55,30031,2026-08-16T04:54:56+00:00
Mazar,2025-04-12,2154.34,30031,2026-08-16T04:54:56+00:00
Mazar,2025-04-13,2154.34,30031,2026-08-16T04:54:56+00:00
Mazar,2025-04-14,2153.95,30031,2026-08-16T04:54:56+00:00
Mazar,2025-04-15,2153.72,30031,2026-08-16T04:54:56+00:00
Mazar,2025-04-16,2153.54,30031,2026-08-16T04:54:56+00:00
Mazar,2025-04-17,2153.72,30031,2026-08-16T04:54:56+00:00
Mazar,2025-04-18,2153.94,30031,2026-08-16T04:54:56+00:00
Mazar,2025-04-19,2153.72,30031,2026-08-16T04:54:56+00:00
Mazar,2025-04-20,2153.57,30031,2026-08-16T04:54:56+00:00
Mazar,2025-04-21,2153.17,30031,2026-08-16T04:54:56+00:00
Mazar,2025-04-22,2152.94,30031,2026-08-16T04:54:56+00:00
Mazar,2025-04-23,2152.76,30031,2026-08-16T04:54:56+00:00
Mazar,2025-04-24,2152.5,30031,2026-08-16T04:54:56+00:00
Mazar,2025-04-25,2152.78,30031,2026-08-16T04:54:56+00:00
Mazar,2025-04-26,2153.23,30031,2026-08-16T04:54:56+00:00
Mazar,2025-04-27,2153.69,30031,2026-08-16T04:54:56+00:00
Mazar,2025-04-28,2153.8,30031,2026-08-16T04:54:56+00:00
Mazar,2025-04-29,2153.63,30031,2026-08-16T04:54:56+00:00
Mazar,2025-05-01,2153.9,30031,2026-08-16T04:54:59+00:00
Mazar,2025-05-02,2153.82,30031,2026-08-16T04:54:59+00:00
Mazar,2025-05-03,2153.56,30031,2026-08-16T04:54:59+00:00
Mazar,2025-05-04,2153.68,30031,2026-08-16T04:54:59+00:00
Mazar,2025-05-05,2153.58,30031,2026-08-16T04:54:59+00:00
Mazar,2025-05-06,2153.77,30031,2026-08-16T04:54:59+00:00
Mazar,2025-05-07,2153.52,30031,2026-08-16T04:54:59+00:00
Mazar,2025-05-08,2153.63,30031,2026-08-16T04:54:59+00:00
Mazar,2025-05-09,2153.46,30031,2026-08-16T04:54:59+00:00
Mazar,2025-05-10,2154.21,30031,2026-08-16T04:54:59+00:00
Mazar,2025-05-11,2154.54,30031,2026-08-16T04:54:59+00:00
Mazar,2025-05-12,2155.56,30031,2026-08-16T04:54:59+00:00
Mazar,2025-05-13,2154.71,30031,2026-08-16T04:54:59+00:00
Mazar,2025-05-14,2154.11,30031,2026-08-16T04:54:59+00:00
Mazar,2025-05-15,2153.89,30031,2026-08-16T04:54:59+00:00
Mazar,2025-05-16,2153.83,30031,2026-08-16T04:54:59+00:00
Mazar,2025-05-17,2153.86,30031,2026-08-16T04:54:59+00:00
Mazar,2025-05-18,2153.91,30031,2026-08-16T04:54:59+00:00
Mazar,2025-05-19,2154.5,30031,2026-08-16T04:54:59+00:00
Mazar,2025-05-20,2154.12,30031,2026-08-16T04:54:59+00:00
Mazar,2025-05-21,2154.02,30031,2026-08-16T04:54:59+00:00
Mazar,2025-05-22,2154.02,30031,2026-08-16T04:54:59+00:00
Mazar,2025-05-23,2153.94,30031,2026-08-16T04:54:59+00:00
Mazar,2025-05-24,2153.84,30031,2026-08-16T04:54:59+00:00
Mazar,2025-05-25,2153.83,30031,2026-08-16T04:54:59+00:00
Mazar,2025-05-26,2153.86,30031,2026-08-16T04:54:59+00:00
Mazar,2025-05-27,2153.77,30031,2026-08-16T04:54:59+00:00
Mazar,2025-05-28,2153.83,30031,2026-08-16T04:54:59+00:00
Mazar,2025-05-29,2153.74,30031,2026-08-16T04:54:59+00:00
Mazar,2025-05-30,2153.8,30031,2026-08-16T04:54:59+00:00
Mazar,2025-06-01,2153.79,30031,2026-08-16T04:55:02+00:00
Mazar,2025-06-02,2153.7,30031,2026-08-16T04:55:02+00:00
Mazar,2025-06-03,2153.71,30031,2026-08-16T04:55:02+00:00
Mazar,2025-06-04,2154.22,30031,2026-08-16T04:55:02+00:00
Mazar,2025-06-05,2154.14,30031,2026-08-16T04:55:02+00:00
Mazar,2025-06-06,2154.18,30031,2026-08-16T04:55:02+00:00
Mazar,2025-06-07,2153.82,30031,2026-08-16T04:55:02+00:00
Mazar,2025-06-08,2153.82,30031,2026-08-16T04:55:02+00:00
Mazar,2025-06-09,2153.99,30031,2026-08-16T04:55:02+00:00
Mazar,2025-06-10,2153.81,30031,2026-08-16T04:55:02+00:00
Mazar,2025-06-11,2153.72,30031,2026-08-16T04:55:02+00:00
Mazar,2025-06-12,2153.4,30031,2026-08-16T04:55:02+00:00
Mazar,2025-06-13,2153.08,30031,2026-08-16T04:55:02+00:00
Mazar,2025-06-14,2153.25,30031,2026-08-16T04:55:02+00:00
Mazar,2025-06-15,2153.36,30031,2026-08-16T04:55:02+00:00
Mazar,2025-06-16,2153.6,30031,2026-08-16T04:55:02+00:00
Mazar,2025-06-17,2153.64,30031,2026-08-16T04:55:02+00:00
Mazar,2025-06-18,2153.76,30031,2026-08-16T04:55:02+00:00
Mazar,2025-06-19,2153.53,30031,2026-08-16T04:55:02+00:00
Mazar,2025-06-20,2154.38,30031,2026-08-16T04:55:02+00:00
Mazar,2025-06-21,2153.84,30031,2026-08-16T04:55:02+00:00
Mazar,2025-06-22,2153.82,30031,2026-08-16T04:55:02+00:00
Mazar,2025-06-23,2153.32,30031,2026-08-16T04:55:02+00:00
Mazar,2025-06-24,2153.18,30031,2026-08-16T04:55:02+00:00
Mazar,2025-06-25,2153.52,30031,2026-08-16T04:55:02+00:00
Mazar,2025-06-26,2153.33,30031,2026-08-16T04:55:02+00:00
Mazar,2025-06-27,2153.76,30031,2026-08-16T04:55:02+00:00
Mazar,2025-06-28,2153.28,30031,2026-08-16T04:55:02+00:00
Mazar,2025-06-29,2153.41,30031,2026-08-16T04:55:02+00:00
Mazar,2025-07-01,2154.64,30031,2026-08-16T04:55:05+00:00
Mazar,2025-07-02,2155.33,30031,2026-08-16T04:55:05+00:00
Mazar,2025-07-03,2154.81,30031,2026-08-16T04:55:05+00:00
Mazar,2025-07-04,2154.0,30031,2026-08-16T04:55:05+00:00
Mazar,2025-07-05,2154.03,30031,2026-08-16T04:55:05+00:00
Mazar,2025-07-06,2153.9,30031,2026-08-16T04:55:05+00:00
Mazar,2025-07-07,2153.55,30031,2026-08-16T04:55:05+00:00
Mazar,2025-07-08,2153.53,30031,2026-08-16T04:55:05+00:00
Mazar,2025-07-09,2154.26,30031,2026-08-16T04:55:05+00:00
Mazar,2025-07-10,2154.61,30031,2026-08-16T04:55:05+00:00
Mazar,2025-07-11,2154.66,30031,2026-08-16T04:55:05+00:00
Mazar,2025-07-12,2155.32,30031,2026-08-16T04:55:05+00:00
Mazar,2025-07-13,2154.49,30031,2026-08-16T04:55:05+00:00
Mazar,2025-07-14,2153.92,30031,2026-08-16T04:55:05+00:00
Mazar,2025-07-15,2153.82,30031,2026-08-16T04:55:05+00:00
Mazar,2025-07-16,2153.69,30031,2026-08-16T04:55:05+00:00
Mazar,2025-07-17,2153.75,30031,2026-08-16T04:55:05+00:00
Mazar,2025-07-18,2154.7,30031,2026-08-16T04:55:05+00:00
Mazar,2025-07-19,2154.87,30031,2026-08-16T04:55:05+00:00
Mazar,2025-07-20,2154.26,30031,2026-08-16T04:55:05+00:00
Mazar,2025-07-21,2153.84,30031,2026-08-16T04:55:05+00:00
Mazar,2025-07-22,2153.65,30031,2026-08-16T04:55:05+00:00
Mazar,2025-07-23,2153.73,30031,2026-08-16T04:55:05+00:00
Mazar,2025-07-24,2154.18,30031,2026-08-16T04:55:05+00:00
Mazar,2025-07-25,2153.84,30031,2026-08-16T04:55:05+00:00
Mazar,2025-07-26,2153.83,30031,2026-08-16T04:55:05+00:00
Mazar,2025-07-27,2153.79,30031,2026-08-16T04:55:05+00:00
Mazar,2025-07-28,2153.59,30031,2026-08-16T04:55:05+00:00
Mazar,2025-07-29,2153.5,30031,2026-08-16T04:55:05+00:00
Mazar,2025-07-30,2153.51,30031,2026-08-16T04:55:05+00:00
Mazar,2025-08-01,2153.34,30031,2026-08-16T04:55:08+00:00
Mazar,2025-08-02,2153.18,30031,2026-08-16T04:55:08+00:00
Mazar,2025-08-03,2153.58,30031,2026-08-16T04:55:08+00:00
Mazar,2025-08-04,2153.65,30031,2026-08-16T04:55:08+00:00
Mazar,2025-08-05,2153.76,30031,2026-08-16T04:55:08+00:00
Mazar,2025-08-06,2153.6,30031,2026-08-16T04:55:08+00:00
Mazar,2025-08-07,2153.23,30031,2026-08-16T04:55:08+00:00
Mazar,2025-08-08,2152.83,30031,2026-08-16T04:55:08+00:00
Mazar,2025-08-09,2153.01,30031,2026-08-16T04:55:08+00:00
Mazar,2025-08-10,2153.11,30031,2026-08-16T04:55:08+00:00
Mazar,2025-08-11,2153.14,30031,2026-08-16T04:55:08+00:00
Mazar,2025-08-12,2153.32,30031,2026-08-16T04:55:08+00:00
Mazar,2025-08-13,2153.1,30031,2026-08-16T04:55:08+00:00
Mazar,2025-08-14,2152.93,30031,2026-08-16T04:55:08+00:00
Mazar,2025-08-15,2153.36,30031,2026-08-16T04:55:08+00:00
Mazar,2025-08-16,2153.58,30031,2026-08-16T04:55:08+00:00
Mazar,2025-08-17,2153.41,30031,2026-08-16T04:55:08+00:00
Mazar,2025-08-18,2153.14,30031,2026-08-16T04:55:08+00:00
Mazar,2025-08-19,2152.94,30031,2026-08-16T04:55:08+00:00
Mazar,2025-08-20,2152.95,30031,2026-08-16T04:55:08+00:00
Mazar,2025-08-21,2152.95,30031,2026-08-16T04:55:08+00:00
Mazar,2025-08-22,2152.78,30031,2026-08-16T04:55:08+00:00
Mazar,2025-08-23,2152.84,30031,2026-08-16T04:55:08+00:00
Mazar,2025-08-24,2153.0,30031,2026-08-16T04:55:08+00:00
Mazar,2025-08-25,2153.3,30031,2026-08-16T04:55:08+00:00
Mazar,2025-08-26,2153.54,30031,2026-08-16T04:55:08+00:00
Mazar,2025-08-27,2153.43,30031,2026-08-16T04:55:08+00:00
Mazar,2025-08-28,2152.96,30031,2026-08-16T04:55:08+00:00
Mazar,2025-08-29,2152.78,30031,2026-08-16T04:55:08+00:00
Mazar,2025-08-30,2152.78,30031,2026-08-16T04:55:08+00:00
Mazar,2025-09-01,2152.97,30031,2026-08-16T04:55:11+00:00
Mazar,2025-09-02,2153.4,30031,2026-08-16T04:55:11+00:00
Mazar,2025-09-03,2152.97,30031,2026-08-16T04:55:11+00:00
Mazar,2025-09-04,2152.85,30031,2026-08-16T04:55:11+00:00
Mazar,2025-09-05,2153.0,30031,2026-08-16T04:55:11+00:00
Mazar,2025-09-06,2152.97,30031,2026-08-16T04:55:11+00:00
Mazar,2025-09-07,2152.9,30031,2026-08-16T04:55:11+00:00
Mazar,2025-09-08,2152.99,30031,2026-08-16T04:55:11+00:00
Mazar,2025-09-09,2153.08,30031,2026-08-16T04:55:11+00:00
Mazar,2025-09-10,2153.39,30031,2026-08-16T04:55:11+00:00
Mazar,2025-09-11,2153.48,30031,2026-08-16T04:55:11+00:00
Mazar,2025-09-12,2153.2,30031,2026-08-16T04:55:11+00:00
Mazar,2025-09-13,2153.41,30031,2026-08-16T04:55:11+00:00
Mazar,2025-09-14,2153.62,30031,2026-08-16T04:55:11+00:00
Mazar,2025-09-15,2153.18,30031,2026-08-16T04:55:11+00:00
Mazar,2025-09-16,2153.1,30031,2026-08-16T04:55:11+00:00
Mazar,2025-09-17,2152.93,30031,2026-08-16T04:55:11+00:00
Mazar,2025-09-18,2152.59,30031,2026-08-16T04:55:11+00:00
Mazar,2025-09-19,2152.49,30031,2026-08-16T04:55:11+00:00
Mazar,2025-09-20,2152.21,30031,2026-08-16T04:55:11+00:00
Mazar,2025-09-21,2152.09,30031,2026-08-16T04:55:11+00:00
Mazar,2025-09-22,2152.2,30031,2026-08-16T04:55:11+00:00
Mazar,2025-09-23,2152.44,30031,2026-08-16T04:55:11+00:00
Mazar,2025-09-24,2152.64,30031,2026-08-16T04:55:11+00:00
Mazar,2025-09-25,2153.52,30031,2026-08-16T04:55:11+00:00
Mazar,2025-09-26,2154.06,30031,2026-08-16T04:55:11+00:00
Mazar,2025-09-27,2153.45,30031,2026-08-16T04:55:11+00:00
Mazar,2025-09-28,2153.49,30031,2026-08-16T04:55:11+00:00
Mazar,2025-09-29,2153.09,30031,2026-08-16T04:55:11+00:00
Mazar,2025-10-01,2153.0,30031,2026-08-16T04:55:13+00:00
Mazar,2025-10-02,2153.2,30031,2026-08-16T04:55:13+00:00
Mazar,2025-10-03,2153.55,30031,2026-08-16T04:55:13+00:00
Mazar,2025-10-04,2153.45,30031,2026-08-16T04:55:13+00:00
Mazar,2025-10-05,2153.23,30031,2026-08-16T04:55:13+00:00
Mazar,2025-10-06,2153.03,30031,2026-08-16T04:55:13+00:00
Mazar,2025-10-07,2152.63,30031,2026-08-16T04:55:13+00:00
Mazar,2025-10-08,2152.44,30031,2026-08-16T04:55:13+00:00
Mazar,2025-10-09,2152.39,30031,2026-08-16T04:55:13+00:00
Mazar,2025-10-10,2152.72,30031,2026-08-16T04:55:13+00:00
Mazar,2025-10-11,2153.32,30031,2026-08-16T04:55:13+00:00
Mazar,2025-10-12,2153.57,30031,2026-08-16T04:55:13+00:00
Mazar,2025-10-13,2153.32,30031,2026-08-16T04:55:13+00:00
Mazar,2025-10-14,2153.26,30031,2026-08-16T04:55:13+00:00
Mazar,2025-10-15,2152.89,30031,2026-08-16T04:55:13+00:00
Mazar,2025-10-16,2152.69,30031,2026-08-16T04:55:13+00:00
Mazar,2025-10-17,2152.46,30031,2026-08-16T04:55:13+00:00
Mazar,2025-10-18,2152.31,30031,2026-08-16T04:55:13+00:00
Mazar,2025-10-19,2152.55,30031,2026-08-16T04:55:13+00:00
Mazar,2025-10-20,2152.45,30031,2026-08-16T04:55:13+00:00
Mazar,2025-10-21,2152.38,30031,2026-08-16T04:55:13+00:00
Mazar,2025-10-22,2152.32,30031,2026-08-16T04:55:13+00:00
Mazar,2025-10-23,2152.12,30031,2026-08-16T04:55:13+00:00
Mazar,2025-10-24,2152.04,30031,2026-08-16T04:55:13+00:00
Mazar,2025-10-25,2152.13,30031,2026-08-16T04:55:13+00:00
Mazar,2025-10-26,2152.22,30031,2026-08-16T04:55:13+00:00
Mazar,2025-10-27,2152.62,30031,2026-08-16T04:55:13+00:00
Mazar,2025-10-28,2152.89,30031,2026-08-16T04:55:13+00:00
Mazar,2025-10-29,2153.81,30031,2026-08-16T04:55:13+00:00
Mazar,2025-10-30,2153.82,30031,2026-08-16T04:55:13+00:00
Mazar,2025-11-01,2153.81,30031,2026-08-16T04:55:16+00:00
Mazar,2025-11-02,2153.06,30031,2026-08-16T04:55:16+00:00
Mazar,2025-11-03,2153.14,30031,2026-08-16T04:55:16+00:00
Mazar,2025-11-04,2154.02,30031,2026-08-16T04:55:16+00:00
Mazar,2025-11-05,2154.25,30031,2026-08-16T04:55:16+00:00
Mazar,2025-11-06,2153.86,30031,2026-08-16T04:55:16+00:00
Mazar,2025-11-07,2153.46,30031,2026-08-16T04:55:16+00:00
Mazar,2025-11-08,2153.34,30031,2026-08-16T04:55:16+00:00
Mazar,2025-11-09,2153.41,30031,2026-08-16T04:55:16+00:00
Mazar,2025-11-10,2153.32,30031,2026-08-16T04:55:16+00:00
Mazar,2025-11-11,2153.44,30031,2026-08-16T04:55:16+00:00
Mazar,2025-11-12,2153.23,30031,2026-08-16T04:55:16+00:00
Mazar,2025-11-13,2153.09,30031,2026-08-16T04:55:16+00:00
Mazar,2025-11-14,2152.87,30031,2026-08-16T04:55:16+00:00
Mazar,2025-11-15,2153.13,30031,2026-08-16T04:55:16+00:00
Mazar,2025-11-16,2153.61,30031,2026-08-16T04:55:16+00:00
Mazar,2025-11-17,2153.07,30031,2026-08-16T04:55:16+00:00
Mazar,2025-11-18,2152.97,30031,2026-08-16T04:55:16+00:00
Mazar,2025-11-19,2152.96,30031,2026-08-16T04:55:16+00:00
Mazar,2025-11-20,2153.37,30031,2026-08-16T04:55:16+00:00
Mazar,2025-11-21,2153.3,30031,2026-08-16T04:55:16+00:00
Mazar,2025-11-22,2153.21,30031,2026-08-16T04:55:16+00:00
Mazar,2025-11-23,2153.49,30031,2026-08-16T04:55:16+00:00
Mazar,2025-11-24,2153.1,30031,2026-08-16T04:55:16+00:00
Mazar,2025-11-25,2153.19,30031,2026-08-16T04:55:16+00:00
Mazar,2025-11-26,2153.16,30031,2026-08-16T04:55:16+00:00
Mazar,2025-11-27,2153.16,30031,2026-08-16T04:55:16+00:00
Mazar,2025-11-28,2153.48,30031,2026-08-16T04:55:16+00:00
Mazar,2025-11-29,2153.46,30031,2026-08-16T04:55:16+00:00
Mazar,2025-12-01,2153.28,30031,2026-08-16T04:55:19+00:00
Mazar,2025-12-02,2152.76,30031,2026-08-16T04:55:19+00:00
Mazar,2025-12-03,2152.17,30031,2026-08-16T04:55:19+00:00
Mazar,2025-12-04,2151.95,30031,2026-08-16T04:55:19+00:00
Mazar,2025-12-05,2151.52,30031,2026-08-16T04:55:19+00:00
Mazar,2025-12-06,2151.23,30031,2026-08-16T04:55:19+00:00
Mazar,2025-12-07,2151.09,30031,2026-08-16T04:55:19+00:00
Mazar,2025-12-08,2150.68,30031,2026-08-16T04:55:19+00:00
Mazar,2025-12-09,2150.43,30031,2026-08-16T04:55:19+00:00
Mazar,2025-12-10,2150.27,30031,2026-08-16T04:55:19+00:00
Mazar,2025-12-11,2150.0,30031,2026-08-16T04:55:19+00:00
Mazar,2025-12-12,2149.74,30031,2026-08-16T04:55:19+00:00
Mazar,2025-12-13,2149.65,30031,2026-08-16T04:55:19+00:00
Mazar,2025-12-14,2149.38,30031,2026-08-16T04:55:19+00:00
Mazar,2025-12-15,2148.81,30031,2026-08-16T04:55:19+00:00
Mazar,2025-12-16,2148.33,30031,2026-08-16T04:55:19+00:00
Mazar,2025-12-17,2147.57,30031,2026-08-16T04:55:19+00:00
Mazar,2025-12-18,2146.86,30031,2026-08-16T04:55:19+00:00
Mazar,2025-12-19,2146.51,30031,2026-08-16T04:55:19+00:00
Mazar,2025-12-20,2146.18,30031,2026-08-16T04:55:19+00:00
Mazar,2025-12-21,2145.87,30031,2026-08-16T04:55:19+00:00
Mazar,2025-12-22,2145.15,30031,2026-08-16T04:55:19+00:00
Mazar,2025-12-23,2144.24,30031,2026-08-16T04:55:19+00:00
Mazar,2025-12-24,2143.47,30031,2026-08-16T04:55:19+00:00
Mazar,2025-12-25,2143.14,30031,2026-08-16T04:55:19+00:00
Mazar,2025-12-26,2142.37,30031,2026-08-16T04:55:19+00:00
Mazar,2025-12-27,2141.55,30031,2026-08-16T04:55:19+00:00
Mazar,2025-12-28,2141.11,30031,2026-08-16T04:55:19+00:00
Mazar,2025-12-29,2140.06,30031,2026-08-16T04:55:19+00:00
Mazar,2025-12-30,2139.2,30031,2026-08-16T04:55:19+00:00
Mazar,2026-01-01,2140.13,30031,2026-08-16T04:55:23+00:00
Mazar,2026-01-02,2140.48,30031,2026-08-16T04:55:23+00:00
Mazar,2026-01-03,2140.49,30031,2026-08-16T04:55:23+00:00
Mazar,2026-01-04,2140.18,30031,2026-08-16T04:55:23+00:00
Mazar,2026-01-05,2139.38,30031,2026-08-16T04:55:23+00:00
Mazar,2026-01-06,2138.63,30031,2026-08-16T04:55:23+00:00
Mazar,2026-01-07,2137.99,30031,2026-08-16T04:55:23+00:00
Mazar,2026-01-08,2136.77,30031,2026-08-16T04:55:23+00:00
Mazar,2026-01-09,2136.81,30031,2026-08-16T04:55:23+00:00
Mazar,2026-01-10,2137.14,30031,2026-08-16T04:55:23+00:00
Mazar,2026-01-11,2137.49,30031,2026-08-16T04:55:23+00:00
Mazar,2026-01-12,2138.14,30031,2026-08-16T04:55:23+00:00
Mazar,2026-01-13,2138.47,30031,2026-08-16T04:55:23+00:00
Mazar,2026-01-14,2139.47,30031,2026-08-16T04:55:23+00:00
Mazar,2026-01-15,2140.26,30031,2026-08-16T04:55:23+00:00
Mazar,2026-01-16,2140.96,30031,2026-08-16T04:55:23+00:00
Mazar,2026-01-17,2142.12,30031,2026-08-16T04:55:23+00:00
Mazar,2026-01-18,2143.0,30031,2026-08-16T04:55:23+00:00
Mazar,2026-01-19,2143.53,30031,2026-08-16T04:55:23+00:00
Mazar,2026-01-20,2143.66,30031,2026-08-16T04:55:23+00:00
Mazar,2026-01-21,2143.73,30031,2026-08-16T04:55:23+00:00
Mazar,2026-01-22,2143.96,30031,2026-08-16T04:55:23+00:00
Mazar,2026-01-23,2144.78,30031,2026-08-16T04:55:23+00:00
Mazar,2026-01-24,2145.2,30031,2026-08-16T04:55:23+00:00
Mazar,2026-01-25,2145.8,30031,2026-08-16T04:55:23+00:00
Mazar,2026-01-26,2146.58,30031,2026-08-16T04:55:23+00:00
Mazar,2026-01-27,2147.15,30031,2026-08-16T04:55:23+00:00
Mazar,2026-01-28,2149.33,30031,2026-08-16T04:55:23+00:00
Mazar,2026-01-29,2150.19,30031,2026-08-16T04:55:23+00:00
Mazar,2026-01-30,2150.85,30031,2026-08-16T04:55:23+00:00
Mazar,2026-02-01,2152.29,30031,2026-08-16T04:55:26+00:00
Mazar,2026-02-02,2154.19,30031,2026-08-16T04:55:26+00:00
Mazar,2026-02-03,2154.0,30031,2026-08-16T04:55:26+00:00
Mazar,2026-02-04,2153.7,30031,2026-08-16T04:55:26+00:00
Mazar,2026-02-05,2153.34,30031,2026-08-16T04:55:26+00:00
Mazar,2026-02-06,2153.01,30031,2026-08-16T04:55:26+00:00
Mazar,2026-02-07,2153.32,30031,2026-08-16T04:55:26+00:00
Mazar,2026-02-08,2153.28,30031,2026-08-16T04:55:26+00:00
Mazar,2026-02-09,2152.96,30031,2026-08-16T04:55:26+00:00
Mazar,2026-02-10,2152.68,30031,2026-08-16T04:55:26+00:00
Mazar,2026-02-11,2152.8,30031,2026-08-16T04:55:26+00:00
Mazar,2026-02-12,2152.51,30031,2026-08-16T04:55:26+00:00
Mazar,2026-02-13,2153.0,30031,2026-08-16T04:55:26+00:00
Mazar,2026-02-14,2152.97,30031,2026-08-16T04:55:26+00:00
Mazar,2026-02-15,2153.1,30031,2026-08-16T04:55:26+00:00
Mazar,2026-02-16,2152.9,30031,2026-08-16T04:55:26+00:00
Mazar,2026-02-17,2153.38,30031,2026-08-16T04:55:26+00:00
Mazar,2026-02-18,2153.2,30031,2026-08-16T04:55:26+00:00
Mazar,2026-02-19,2153.05,30031,2026-08-16T04:55:26+00:00
Mazar,2026-02-20,2153.14,30031,2026-08-16T04:55:26+00:00
Mazar,2026-02-21,2152.97,30031,2026-08-16T04:55:26+00:00
Mazar,2026-02-22,2152.92,30031,2026-08-16T04:55:26+00:00
Mazar,2026-02-23,2152.69,30031,2026-08-16T04:55:26+00:00
Mazar,2026-02-24,2153.09,30031,2026-08-16T04:55:26+00:00
Mazar,2026-02-25,2153.26,30031,2026-08-16T04:55:26+00:00
Mazar,2026-02-26,2153.2,30031,2026-08-16T04:55:26+00:00
Mazar,2026-02-27,2152.76,30031,2026-08-16T04:55:26+00:00
Mazar,2026-03-01,2152.76,30031,2026-08-16T04:55:29+00:00
Mazar,2026-03-02,2152.49,30031,2026-08-16T04:55:29+00:00
Mazar,2026-03-03,2152.16,30031,2026-08-16T04:55:29+00:00
Mazar,2026-03-04,2151.56,30031,2026-08-16T04:55:29+00:00
Mazar,2026-03-05,2151.28,30031,2026-08-16T04:55:29+00:00
Mazar,2026-03-06,2151.41,30031,2026-08-16T04:55:29+00:00
Mazar,2026-03-07,2151.63,30031,2026-08-16T04:55:29+00:00
Mazar,2026-03-08,2151.67,30031,2026-08-16T04:55:29+00:00
Mazar,2026-03-09,2151.79,30031,2026-08-16T04:55:29+00:00
Mazar,2026-03-10,2151.91,30031,2026-08-16T04:55:29+00:00
Mazar,2026-03-11,2152.88,30031,2026-08-16T04:55:29+00:00
Mazar,2026-03-12,2154.03,30031,2026-08-16T04:55:29+00:00
Mazar,2026-03-13,2153.75,30031,2026-08-16T04:55:29+00:00
Mazar,2026-03-14,2153.44,30031,2026-08-16T04:55:29+00:00
Mazar,2026-03-15,2153.13,30031,2026-08-16T04:55:29+00:00
Mazar,2026-03-16,2152.88,30031,2026-08-16T04:55:29+00:00
Mazar,2026-03-17,2152.59,30031,2026-08-16T04:55:29+00:00
Mazar,2026-03-18,2151.92,30031,2026-08-16T04:55:29+00:00
Mazar,2026-03-19,2151.48,30031,2026-08-16T04:55:29+00:00
Mazar,2026-03-20,2150.96,30031,2026-08-16T04:55:29+00:00
Mazar,2026-03-21,2150.45,30031,2026-08-16T04:55:29+00:00
Mazar,2026-03-22,2149.87,30031,2026-08-16T04:55:29+00:00
Mazar,2026-03-23,2148.89,30031,2026-08-16T04:55:29+00:00
Mazar,2026-03-24,2148.02,30031,2026-08-16T04:55:29+00:00
Mazar,2026-03-25,2146.96,30031,2026-08-16T04:55:29+00:00
Mazar,2026-03-26,2145.85,30031,2026-08-16T04:55:29+00:00
Mazar,2026-03-27,2144.86,30031,2026-08-16T04:55:29+00:00
Mazar,2026-03-28,2144.02,30031,2026-08-16T04:55:29+00:00
Mazar,2026-03-29,2143.34,30031,2026-08-16T04:55:29+00:00
Mazar,2026-03-30,2142.17,30031,2026-08-16T04:55:29+00:00
Mazar,2026-04-01,2139.71,30031,2026-08-16T04:55:32+00:00
Mazar,2026-04-02,2138.26,30031,2026-08-16T04:55:32+00:00
Mazar,2026-04-03,2137.37,30031,2026-08-16T04:55:32+00:00
Mazar,2026-04-04,2136.82,30031,2026-08-16T04:55:32+00:00
Mazar,2026-04-05,2136.75,30031,2026-08-16T04:55:32+00:00
Mazar,2026-04-06,2136.52,30031,2026-08-16T04:55:32+00:00
Mazar,2026-04-07,2136.16,30031,2026-08-16T04:55:32+00:00
Mazar,2026-04-08,2137.04,30031,2026-08-16T04:55:32+00:00
Mazar,2026-04-09,2137.73,30031,2026-08-16T04:55:32+00:00
Mazar,2026-04-10,2137.89,30031,2026-08-16T04:55:32+00:00
Mazar,2026-04-11,2138.59,30031,2026-08-16T04:55:32+00:00
Mazar,2026-04-12,2139.07,30031,2026-08-16T04:55:32+00:00
Mazar,2026-04-13,2138.57,30031,2026-08-16T04:55:32+00:00
Mazar,2026-04-14,2137.73,30031,2026-08-16T04:55:32+00:00
Mazar,2026-04-15,2136.89,30031,2026-08-16T04:55:32+00:00
Mazar,2026-04-16,2137.09,30031,2026-08-16T04:55:32+00:00
Mazar,2026-04-17,2137.76,30031,2026-08-16T04:55:32+00:00
Mazar,2026-04-18,2137.96,30031,2026-08-16T04:55:32+00:00
Mazar,2026-04-19,2138.29,30031,2026-08-16T04:55:32+00:00
Mazar,2026-04-20,2137.91,30031,2026-08-16T04:55:32+00:00
Mazar,2026-04-21,2136.94,30031,2026-08-16T04:55:32+00:00
Mazar,2026-04-22,2135.96,30031,2026-08-16T04:55:32+00:00
Mazar,2026-04-23,2135.1,30031,2026-08-16T04:55:32+00:00
Mazar,2026-04-24,2133.86,30031,2026-08-16T04:55:32+00:00
Mazar,2026-04-25,2133.05,30031,2026-08-16T04:55:32+00:00
Mazar,2026-04-26,2132.71,30031,2026-08-16T04:55:32+00:00
Mazar,2026-04-27,2132.08,30031,2026-08-16T04:55:32+00:00
Mazar,2026-04-28,2131.77,30031,2026-08-16T04:55:32+00:00
Mazar,2026-04-29,2131.47,30031,2026-08-16T04:55:32+00:00
Mazar,2026-05-01,2132.0,30031,2026-08-16T04:55:35+00:00
Mazar,2026-05-02,2133.76,30031,2026-08-16T04:55:35+00:00
Mazar,2026-05-03,2137.62,30031,2026-08-16T04:55:35+00:00
Mazar,2026-05-04,2141.26,30031,2026-08-16T04:55:35+00:00
Mazar,2026-05-05,2142.85,30031,2026-08-16T04:55:35+00:00
Mazar,2026-05-06,2144.23,30031,2026-08-16T04:55:35+00:00
Mazar,2026-05-07,2145.41,30031,2026-08-16T04:55:35+00:00
Mazar,2026-05-08,2145.84,30031,2026-08-16T04:55:35+00:00
Mazar,2026-05-09,2146.47,30031,2026-08-16T04:55:35+00:00
Mazar,2026-05-10,2147.12,30031,2026-08-16T04:55:35+00:00
Mazar,2026-05-11,2148.21,30031,2026-08-16T04:55:35+00:00
Mazar,2026-05-12,2150.68,30031,2026-08-16T04:55:35+00:00
Mazar,2026-05-13,2151.32,30031,2026-08-16T04:55:35+00:00
Mazar,2026-05-14,2151.41,30031,2026-08-16T04:55:35+00:00
Mazar,2026-05-15,2151.26,30031,2026-08-16T04:55:35+00:00
Mazar,2026-05-16,2151.31,30031,2026-08-16T04:55:35+00:00
Mazar,2026-05-17,2151.03,30031,2026-08-16T04:55:35+00:00
Mazar,2026-05-18,2150.64,30031,2026-08-16T04:55:35+00:00
Mazar,2026-05-19,2150.69,30031,2026-08-16T04:55:35+00:00
Mazar,2026-05-20,2150.59,30031,2026-08-16T04:55:35+00:00
Mazar,2026-05-21,2151.0,30031,2026-08-16T04:55:35+00:00
Mazar,2026-05-22,2151.53,30031,2026-08-16T04:55:35+00:00
Mazar,2026-05-23,2152.04,30031,2026-08-16T04:55:35+00:00
Mazar,2026-05-24,2152.8,30031,2026-08-16T04:55:35+00:00
Mazar,2026-05-25,2152.72,30031,2026-08-16T04:55:35+00:00
Mazar,2026-05-26,2152.68,30031,2026-08-16T04:55:35+00:00
Mazar,2026-05-27,2152.24,30031,2026-08-16T04:55:35+00:00
Mazar,2026-05-28,2151.54,30031,2026-08-16T04:55:35+00:00
Mazar,2026-05-29,2150.86,30031,2026-08-16T04:55:35+00:00
Mazar,2026-05-30,2150.55,30031,2026-08-16T04:55:35+00:00
Mazar,2026-06-01,2152.58,30031,2026-08-16T04:55:38+00:00
Mazar,2026-06-02,2153.42,30031,2026-08-16T04:55:38+00:00
Mazar,2026-06-03,2153.83,30031,2026-08-16T04:55:38+00:00
Mazar,2026-06-04,2153.64,30031,2026-08-16T04:55:38+00:00
Mazar,2026-06-05,2153.61,30031,2026-08-16T04:55:38+00:00
Mazar,2026-06-06,2153.47,30031,2026-08-16T04:55:38+00:00
Mazar,2026-06-07,2153.45,30031,2026-08-16T04:55:38+00:00
Mazar,2026-06-08,2153.1,30031,2026-08-16T04:55:38+00:00
Mazar,2026-06-09,2153.43,30031,2026-08-16T04:55:38+00:00
Mazar,2026-06-10,2153.41,30031,2026-08-16T04:55:38+00:00
Mazar,2026-06-11,2152.97,30031,2026-08-16T04:55:38+00:00
Mazar,2026-06-12,2152.4,30031,2026-08-16T04:55:38+00:00
Mazar,2026-06-13,2152.3,30031,2026-08-16T04:55:38+00:00
Mazar,2026-06-14,2152.16,30031,2026-08-16T04:55:38+00:00
Mazar,2026-06-15,2152.29,30031,2026-08-16T04:55:38+00:00
Mazar,2026-06-16,2151.84,30031,2026-08-16T04:55:38+00:00
Mazar,2026-06-17,2151.43,30031,2026-08-16T04:55:38+00:00
Mazar,2026-06-18,2151.1,30031,2026-08-16T04:55:38+00:00
Mazar,2026-06-19,2150.51,30031,2026-08-16T04:55:38+00:00
Mazar,2026-06-20,2150.42,30031,2026-08-16T04:55:38+00:00
Mazar,2026-06-21,2150.91,30031,2026-08-16T04:55:38+00:00
Mazar,2026-06-22,2150.71,30031,2026-08-16T04:55:38+00:00
Mazar,2026-06-23,2150.07,30031,2026-08-16T04:55:38+00:00
Mazar,2026-06-24,2149.54,30031,2026-08-16T04:55:38+00:00
Mazar,2026-06-25,2148.65,30031,2026-08-16T04:55:38+00:00
Mazar,2026-06-26,2148.34,30031,2026-08-16T04:55:38+00:00
Mazar,2026-06-27,2149.37,30031,2026-08-16T04:55:38+00:00
Mazar,2026-06-28,2151.04,30031,2026-08-16T04:55:38+00:00
Mazar,2026-06-29,2150.67,30031,2026-08-16T04:55:38+00:00
Mazar,2026-07-01,2150.91,30031,2026-08-16T04:55:41+00:00
Mazar,2026-07-02,2152.29,30031,2026-08-16T04:55:41+00:00
Mazar,2026-07-03,2153.56,30031,2026-08-16T04:55:41+00:00
Mazar,2026-07-04,2153.96,30031,2026-08-16T04:55:41+00:00
Mazar,2026-07-05,2153.72,30031,2026-08-16T04:55:41+00:00
Mazar,2026-07-06,2153.09,30031,2026-08-16T04:55:41+00:00
Mazar,2026-07-07,2153.26,30031,2026-08-16T04:55:41+00:00
Mazar,2026-07-08,2153.18,30031,2026-08-16T04:55:41+00:00
Mazar,2026-07-09,2152.79,30031,2026-08-16T04:55:41+00:00
Mazar,2026-07-10,2152.59,30031,2026-08-16T04:55:41+00:00
Mazar,2026-07-11,2152.79,30031,2026-08-16T04:55:41+00:00
Mazar,2026-07-12,2152.77,30031,2026-08-16T04:55:41+00:00
Mazar,2026-07-13,2152.36,30031,2026-08-16T04:55:41+00:00
Mazar,2026-07-14,2152.42,30031,2026-08-16T04:55:41+00:00
Mazar,2026-07-15,2152.61,30031,2026-08-16T04:55:41+00:00
Mazar,2026-07-16,2152.83,30031,2026-08-16T04:55:41+00:00
Mazar,2026-07-17,2154.05,30031,2026-08-16T04:55:41+00:00
Mazar,2026-07-18,2153.91,30031,2026-08-16T04:55:41+00:00
Mazar,2026-07-19,2153.68,30031,2026-08-16T04:55:41+00:00
Mazar,2026-07-20,2153.44,30031,2026-08-16T04:55:41+00:00
Mazar,2026-07-21,2153.18,30031,2026-08-16T04:55:41+00:00
Mazar,2026-07-22,2153.03,30031,2026-08-16T04:55:41+00:00
Mazar,2026-07-23,2153.56,30031,2026-08-16T04:55:41+00:00
Mazar,2026-07-24,2153.83,30031,2026-08-16T04:55:41+00:00
Mazar,2026-07-25,2153.53,30031,2026-08-16T04:55:41+00:00
Mazar,2026-07-26,2153.32,30031,2026-08-16T04:55:41+00:00
Mazar,2026-07-27,2152.75,30031,2026-08-16T04:55:41+00:00
Mazar,2026-07-28,2152.8,30031,2026-08-16T04:55:41+00:00
Mazar,2026-07-29,2152.62,30031,2026-08-16T04:55:41+00:00
Mazar,2026-07-30,2152.59,30031,2026-08-16T04:55:41+00:00
Mazar,2026-08-01,2152.68,30031,2026-08-18T12:58:14+00:00
Mazar,2026-08-02,2152.72,30031,2026-08-18T12:58:14+00:00
Mazar,2026-08-03,2152.59,30031,2026-08-18T12:58:14+00:00
Mazar,2026-08-04,2152.39,30031,2026-08-18T12:58:14+00:00
Mazar,2026-08-05,2152.28,30031,2026-08-18T12:58:14+00:00
Mazar,2026-08-06,2152.16,30031,2026-08-18T12:58:14+00:00
Mazar,2026-08-07,2151.62,30031,2026-08-18T12:58:14+00:00
Mazar,2026-08-08,2150.89,30031,2026-08-18T12:58:14+00:00
Mazar,2026-08-09,2150.56,30031,2026-08-18T12:58:14+00:00
Mazar,2026-08-10,2150.17,30031,2026-08-18T12:58:14+00:00
Mazar,2026-08-11,2150.82,30031,2026-08-18T12:58:14+00:00
Mazar,2026-08-12,2151.3,30031,2026-08-18T12:58:14+00:00
Mazar,2026-08-13,2151.26,30031,2026-08-18T12:58:14+00:00
Mazar,2026-08-14,2150.78,30031,2026-08-18T12:58:14+00:00
Mazar,2026-08-15,2150.65,30031,2026-08-18T12:58:14+00:00
Mazar,2026-08-16,2150.83,30031,2026-08-18T12:58:14+00:00
Mazar,2026-08-17,2150.75,30031,2026-08-18T12:58:14+00:00
Sopladora,2022-01-01,1316.19,90919,2026-08-16T04:53:01+00:00
Sopladora,2022-01-02,1315.69,90919,2026-08-16T04:53:01+00:00
Sopladora,2022-01-03,1315.81,90919,2026-08-16T04:53:01+00:00
Sopladora,2022-01-04,1315.75,90919,2026-08-16T04:53:01+00:00
Sopladora,2022-01-05,1315.93,90919,2026-08-16T04:53:01+00:00
Sopladora,2022-01-06,1315.98,90919,2026-08-16T04:53:01+00:00
Sopladora,2022-01-07,1315.9,90919,2026-08-16T04:53:01+00:00
Sopladora,2022-01-08,1316.15,90919,2026-08-16T04:53:01+00:00
Sopladora,2022-01-09,1315.73,90919,2026-08-16T04:53:01+00:00
Sopladora,2022-01-10,1315.87,90919,2026-08-16T04:53:01+00:00
Sopladora,2022-01-11,1315.97,90919,2026-08-16T04:53:01+00:00
Sopladora,2022-01-12,1316.18,90919,2026-08-16T04:53:01+00:00
Sopladora,2022-01-13,1315.58,90919,2026-08-16T04:53:01+00:00
Sopladora,2022-01-14,1315.85,90919,2026-08-16T04:53:01+00:00
Sopladora,2022-01-15,1315.2,90919,2026-08-16T04:53:01+00:00
Sopladora,2022-01-16,1315.85,90919,2026-08-16T04:53:01+00:00
Sopladora,2022-01-17,1315.29,90919,2026-08-16T04:53:01+00:00
Sopladora,2022-01-18,1315.0,90919,2026-08-16T04:53:01+00:00
Sopladora,2022-01-19,1315.85,90919,2026-08-16T04:53:01+00:00
Sopladora,2022-01-20,1315.93,90919,2026-08-16T04:53:01+00:00
Sopladora,2022-01-21,1315.81,90919,2026-08-16T04:53:01+00:00
Sopladora,2022-01-22,1315.75,90919,2026-08-16T04:53:01+00:00
Sopladora,2022-01-23,1315.8,90919,2026-08-16T04:53:01+00:00
Sopladora,2022-01-24,1315.78,90919,2026-08-16T04:53:01+00:00
Sopladora,2022-01-25,1316.22,90919,2026-08-16T04:53:01+00:00
Sopladora,2022-01-26,1315.35,90919,2026-08-16T04:53:01+00:00
Sopladora,2022-01-27,1314.82,90919,2026-08-16T04:53:01+00:00
Sopladora,2022-01-28,1314.83,90919,2026-08-16T04:53:01+00:00
Sopladora,2022-01-29,1315.51,90919,2026-08-16T04:53:01+00:00
Sopladora,2022-01-30,1315.76,90919,2026-08-16T04:53:01+00:00
Sopladora,2022-02-01,1315.57,90919,2026-08-16T04:53:04+00:00
Sopladora,2022-02-02,1315.66,90919,2026-08-16T04:53:04+00:00
Sopladora,2022-02-03,1315.74,90919,2026-08-16T04:53:04+00:00
Sopladora,2022-02-04,1315.92,90919,2026-08-16T04:53:04+00:00
Sopladora,2022-02-05,1315.45,90919,2026-08-16T04:53:04+00:00
Sopladora,2022-02-06,1315.99,90919,2026-08-16T04:53:04+00:00
Sopladora,2022-02-07,1315.75,90919,2026-08-16T04:53:04+00:00
Sopladora,2022-02-08,1314.68,90919,2026-08-16T04:53:04+00:00
Sopladora,2022-02-09,1315.45,90919,2026-08-16T04:53:04+00:00
Sopladora,2022-02-10,1315.91,90919,2026-08-16T04:53:04+00:00
Sopladora,2022-02-11,1315.24,90919,2026-08-16T04:53:04+00:00
Sopladora,2022-02-12,1315.95,90919,2026-08-16T04:53:04+00:00
Sopladora,2022-02-13,1315.25,90919,2026-08-16T04:53:04+00:00
Sopladora,2022-02-14,1315.82,90919,2026-08-16T04:53:04+00:00
Sopladora,2022-02-15,1314.96,90919,2026-08-16T04:53:04+00:00
Sopladora,2022-02-16,1315.97,90919,2026-08-16T04:53:04+00:00
Sopladora,2022-02-17,1316.16,90919,2026-08-16T04:53:04+00:00
Sopladora,2022-02-18,1316.22,90919,2026-08-16T04:53:04+00:00
Sopladora,2022-02-19,1315.69,90919,2026-08-16T04:53:04+00:00
Sopladora,2022-02-20,1315.51,90919,2026-08-16T04:53:04+00:00
Sopladora,2022-02-21,1315.51,90919,2026-08-16T04:53:04+00:00
Sopladora,2022-02-22,1315.28,90919,2026-08-16T04:53:04+00:00
Sopladora,2022-02-23,1316.01,90919,2026-08-16T04:53:04+00:00
Sopladora,2022-02-24,1315.65,90919,2026-08-16T04:53:04+00:00
Sopladora,2022-02-25,1315.81,90919,2026-08-16T04:53:04+00:00
Sopladora,2022-02-26,1315.1,90919,2026-08-16T04:53:04+00:00
Sopladora,2022-02-27,1315.78,90919,2026-08-16T04:53:04+00:00
Sopladora,2022-03-01,1314.95,90919,2026-08-16T04:53:07+00:00
Sopladora,2022-03-02,1315.01,90919,2026-08-16T04:53:07+00:00
Sopladora,2022-03-03,1315.78,90919,2026-08-16T04:53:07+00:00
Sopladora,2022-03-04,1315.48,90919,2026-08-16T04:53:07+00:00
Sopladora,2022-03-05,1315.69,90919,2026-08-16T04:53:07+00:00
Sopladora,2022-03-06,1315.51,90919,2026-08-16T04:53:07+00:00
Sopladora,2022-03-07,1315.83,90919,2026-08-16T04:53:07+00:00
Sopladora,2022-03-08,1314.83,90919,2026-08-16T04:53:07+00:00
Sopladora,2022-03-09,1315.83,90919,2026-08-16T04:53:07+00:00
Sopladora,2022-03-10,1315.33,90919,2026-08-16T04:53:07+00:00
Sopladora,2022-03-11,1315.89,90919,2026-08-16T04:53:07+00:00
Sopladora,2022-03-12,1315.69,90919,2026-08-16T04:53:07+00:00
Sopladora,2022-03-13,1315.77,90919,2026-08-16T04:53:07+00:00
Sopladora,2022-03-14,1315.66,90919,2026-08-16T04:53:07+00:00
Sopladora,2022-03-15,1315.76,90919,2026-08-16T04:53:07+00:00
Sopladora,2022-03-16,1316.08,90919,2026-08-16T04:53:07+00:00
Sopladora,2022-03-17,1315.68,90919,2026-08-16T04:53:07+00:00
Sopladora,2022-03-18,1315.97,90919,2026-08-16T04:53:07+00:00
Sopladora,2022-03-19,1316.37,90919,2026-08-16T04:53:07+00:00
Sopladora,2022-03-20,1315.33,90919,2026-08-16T04:53:07+00:00
Sopladora,2022-03-21,1316.26,90919,2026-08-16T04:53:07+00:00
Sopladora,2022-03-22,1314.64,90919,2026-08-16T04:53:07+00:00
Sopladora,2022-03-23,1315.35,90919,2026-08-16T04:53:07+00:00
Sopladora,2022-03-24,1315.31,90919,2026-08-16T04:53:07+00:00
Sopladora,2022-03-25,1315.37,90919,2026-08-16T04:53:07+00:00
Sopladora,2022-03-26,1316.22,90919,2026-08-16T04:53:07+00:00
Sopladora,2022-03-27,1315.92,90919,2026-08-16T04:53:07+00:00
Sopladora,2022-03-28,1315.34,90919,2026-08-16T04:53:07+00:00
Sopladora,2022-03-29,1315.45,90919,2026-08-16T04:53:07+00:00
Sopladora,2022-03-30,1315.81,90919,2026-08-16T04:53:07+00:00
Sopladora,2022-04-01,1316.13,90919,2026-08-16T04:53:10+00:00
Sopladora,2022-04-02,1316.5,90919,2026-08-16T04:53:10+00:00
Sopladora,2022-04-03,1316.55,90919,2026-08-16T04:53:10+00:00
Sopladora,2022-04-04,1315.11,90919,2026-08-16T04:53:10+00:00
Sopladora,2022-04-05,1316.59,90919,2026-08-16T04:53:10+00:00
Sopladora,2022-04-06,1315.91,90919,2026-08-16T04:53:10+00:00
Sopladora,2022-04-07,1316.09,90919,2026-08-16T04:53:10+00:00
Sopladora,2022-04-08,1315.19,90919,2026-08-16T04:53:10+00:00
Sopladora,2022-04-09,1315.12,90919,2026-08-16T04:53:10+00:00
Sopladora,2022-04-10,1315.36,90919,2026-08-16T04:53:10+00:00
Sopladora,2022-04-11,1314.66,90919,2026-08-16T04:53:10+00:00
Sopladora,2022-04-12,1315.83,90919,2026-08-16T04:53:10+00:00
Sopladora,2022-04-13,1316.44,90919,2026-08-16T04:53:10+00:00
Sopladora,2022-04-14,1316.2,90919,2026-08-16T04:53:10+00:00
Sopladora,2022-04-15,1314.87,90919,2026-08-16T04:53:10+00:00
Sopladora,2022-04-16,1315.99,90919,2026-08-16T04:53:10+00:00
Sopladora,2022-04-17,1315.9,90919,2026-08-16T04:53:10+00:00
Sopladora,2022-04-18,1315.96,90919,2026-08-16T04:53:10+00:00
Sopladora,2022-04-19,1315.66,90919,2026-08-16T04:53:10+00:00
Sopladora,2022-04-20,1316.22,90919,2026-08-16T04:53:10+00:00
Sopladora,2022-04-21,1316.31,90919,2026-08-16T04:53:10+00:00
Sopladora,2022-04-22,1316.09,90919,2026-08-16T04:53:10+00:00
Sopladora,2022-04-23,1316.16,90919,2026-08-16T04:53:10+00:00
Sopladora,2022-04-24,1316.09,90919,2026-08-16T04:53:10+00:00
Sopladora,2022-04-25,1316.2,90919,2026-08-16T04:53:10+00:00
Sopladora,2022-04-26,1316.09,90919,2026-08-16T04:53:10+00:00
Sopladora,2022-04-27,1316.19,90919,2026-08-16T04:53:10+00:00
Sopladora,2022-04-28,1316.4,90919,2026-08-16T04:53:10+00:00
Sopladora,2022-04-29,1315.14,90919,2026-08-16T04:53:10+00:00
Sopladora,2022-05-01,1316.26,90919,2026-08-16T04:53:13+00:00
Sopladora,2022-05-02,1316.1,90919,2026-08-16T04:53:13+00:00
Sopladora,2022-05-03,1314.53,90919,2026-08-16T04:53:13+00:00
Sopladora,2022-05-04,1315.19,90919,2026-08-16T04:53:13+00:00
Sopladora,2022-05-05,1316.14,90919,2026-08-16T04:53:13+00:00
Sopladora,2022-05-06,1315.1,90919,2026-08-16T04:53:13+00:00
Sopladora,2022-05-07,1316.23,90919,2026-08-16T04:53:13+00:00
Sopladora,2022-05-08,1316.35,90919,2026-08-16T04:53:13+00:00
Sopladora,2022-05-09,1316.53,90919,2026-08-16T04:53:13+00:00
Sopladora,2022-05-10,1316.2,90919,2026-08-16T04:53:13+00:00
Sopladora,2022-05-11,1316.62,90919,2026-08-16T04:53:13+00:00
Sopladora,2022-05-12,1316.35,90919,2026-08-16T04:53:13+00:00
Sopladora,2022-05-13,1316.42,90919,2026-08-16T04:53:13+00:00
Sopladora,2022-05-14,1316.59,90919,2026-08-16T04:53:13+00:00
Sopladora,2022-05-15,1316.45,90919,2026-08-16T04:53:13+00:00
Sopladora,2022-05-16,1316.28,90919,2026-08-16T04:53:13+00:00
Sopladora,2022-05-17,1316.11,90919,2026-08-16T04:53:13+00:00
Sopladora,2022-05-18,1316.28,90919,2026-08-16T04:53:13+00:00
Sopladora,2022-05-19,1316.16,90919,2026-08-16T04:53:13+00:00
Sopladora,2022-05-20,1316.8,90919,2026-08-16T04:53:13+00:00
Sopladora,2022-05-21,1316.57,90919,2026-08-16T04:53:13+00:00
Sopladora,2022-05-22,1316.42,90919,2026-08-16T04:53:13+00:00
Sopladora,2022-05-23,1316.71,90919,2026-08-16T04:53:13+00:00
Sopladora,2022-05-24,1316.8,90919,2026-08-16T04:53:13+00:00
Sopladora,2022-05-25,1316.34,90919,2026-08-16T04:53:13+00:00
Sopladora,2022-05-26,1316.28,90919,2026-08-16T04:53:13+00:00
Sopladora,2022-05-27,1316.46,90919,2026-08-16T04:53:13+00:00
Sopladora,2022-05-28,1316.68,90919,2026-08-16T04:53:13+00:00
Sopladora,2022-05-29,1316.59,90919,2026-08-16T04:53:13+00:00
Sopladora,2022-05-30,1316.27,90919,2026-08-16T04:53:13+00:00
Sopladora,2022-06-01,1316.15,90919,2026-08-16T04:53:16+00:00
Sopladora,2022-06-02,1316.68,90919,2026-08-16T04:53:16+00:00
Sopladora,2022-06-03,1316.86,90919,2026-08-16T04:53:16+00:00
Sopladora,2022-06-04,1316.73,90919,2026-08-16T04:53:16+00:00
Sopladora,2022-06-05,1316.56,90919,2026-08-16T04:53:16+00:00
Sopladora,2022-06-06,1316.3,90919,2026-08-16T04:53:16+00:00
Sopladora,2022-06-07,1316.38,90919,2026-08-16T04:53:16+00:00
Sopladora,2022-06-08,1316.65,90919,2026-08-16T04:53:16+00:00
Sopladora,2022-06-09,1316.02,90919,2026-08-16T04:53:16+00:00
Sopladora,2022-06-10,1316.62,90919,2026-08-16T04:53:16+00:00
Sopladora,2022-06-11,1316.61,90919,2026-08-16T04:53:16+00:00
Sopladora,2022-06-12,1316.35,90919,2026-08-16T04:53:16+00:00
Sopladora,2022-06-13,1316.51,90919,2026-08-16T04:53:16+00:00
Sopladora,2022-06-14,1316.69,90919,2026-08-16T04:53:16+00:00
Sopladora,2022-06-15,1317.0,90919,2026-08-16T04:53:16+00:00
Sopladora,2022-06-16,1315.8,90919,2026-08-16T04:53:16+00:00
Sopladora,2022-06-17,1315.66,90919,2026-08-16T04:53:16+00:00
Sopladora,2022-06-18,1316.51,90919,2026-08-16T04:53:16+00:00
Sopladora,2022-06-19,1316.27,90919,2026-08-16T04:53:16+00:00
Sopladora,2022-06-20,1316.67,90919,2026-08-16T04:53:16+00:00
Sopladora,2022-06-21,1316.32,90919,2026-08-16T04:53:16+00:00
Sopladora,2022-06-22,1315.99,90919,2026-08-16T04:53:16+00:00
Sopladora,2022-06-23,1316.14,90919,2026-08-16T04:53:16+00:00
Sopladora,2022-06-24,1316.16,90919,2026-08-16T04:53:16+00:00
Sopladora,2022-06-25,1316.65,90919,2026-08-16T04:53:16+00:00
Sopladora,2022-06-26,1316.62,90919,2026-08-16T04:53:16+00:00
Sopladora,2022-06-27,1316.15,90919,2026-08-16T04:53:16+00:00
Sopladora,2022-06-28,1315.99,90919,2026-08-16T04:53:16+00:00
Sopladora,2022-06-29,1316.35,90919,2026-08-16T04:53:16+00:00
Sopladora,2022-07-01,1316.25,90919,2026-08-16T04:53:19+00:00
Sopladora,2022-07-02,1316.62,90919,2026-08-16T04:53:19+00:00
Sopladora,2022-07-03,1315.99,90919,2026-08-16T04:53:19+00:00
Sopladora,2022-07-04,1316.04,90919,2026-08-16T04:53:19+00:00
Sopladora,2022-07-05,1315.89,90919,2026-08-16T04:53:19+00:00
Sopladora,2022-07-06,1315.1,90919,2026-08-16T04:53:19+00:00
Sopladora,2022-07-07,1316.73,90919,2026-08-16T04:53:19+00:00
Sopladora,2022-07-08,1316.56,90919,2026-08-16T04:53:19+00:00
Sopladora,2022-07-09,1316.67,90919,2026-08-16T04:53:19+00:00
Sopladora,2022-07-10,1316.33,90919,2026-08-16T04:53:19+00:00
Sopladora,2022-07-11,1316.62,90919,2026-08-16T04:53:19+00:00
Sopladora,2022-07-12,1316.06,90919,2026-08-16T04:53:19+00:00
Sopladora,2022-07-13,1316.42,90919,2026-08-16T04:53:19+00:00
Sopladora,2022-07-14,1316.18,90919,2026-08-16T04:53:19+00:00
Sopladora,2022-07-15,1316.18,90919,2026-08-16T04:53:19+00:00
Sopladora,2022-07-16,1316.14,90919,2026-08-16T04:53:19+00:00
Sopladora,2022-07-17,1316.18,90919,2026-08-16T04:53:19+00:00
Sopladora,2022-07-18,1316.67,90919,2026-08-16T04:53:19+00:00
Sopladora,2022-07-19,1316.51,90919,2026-08-16T04:53:19+00:00
Sopladora,2022-07-20,1316.03,90919,2026-08-16T04:53:19+00:00
Sopladora,2022-07-21,1316.79,90919,2026-08-16T04:53:19+00:00
Sopladora,2022-07-22,1316.2,90919,2026-08-16T04:53:19+00:00
Sopladora,2022-07-23,1316.2,90919,2026-08-16T04:53:19+00:00
Sopladora,2022-07-24,1316.32,90919,2026-08-16T04:53:19+00:00
Sopladora,2022-07-25,1315.76,90919,2026-08-16T04:53:19+00:00
Sopladora,2022-07-26,1315.99,90919,2026-08-16T04:53:19+00:00
Sopladora,2022-07-27,1316.23,90919,2026-08-16T04:53:19+00:00
Sopladora,2022-07-28,1316.16,90919,2026-08-16T04:53:19+00:00
Sopladora,2022-07-29,1316.53,90919,2026-08-16T04:53:19+00:00
Sopladora,2022-07-30,1316.6,90919,2026-08-16T04:53:19+00:00
Sopladora,2022-08-01,1316.42,90919,2026-08-16T04:53:22+00:00
Sopladora,2022-08-02,1316.46,90919,2026-08-16T04:53:22+00:00
Sopladora,2022-08-03,1316.65,90919,2026-08-16T04:53:22+00:00
Sopladora,2022-08-04,1316.13,90919,2026-08-16T04:53:22+00:00
Sopladora,2022-08-05,1316.44,90919,2026-08-16T04:53:22+00:00
Sopladora,2022-08-06,1316.34,90919,2026-08-16T04:53:22+00:00
Sopladora,2022-08-07,1316.37,90919,2026-08-16T04:53:22+00:00
Sopladora,2022-08-08,1316.22,90919,2026-08-16T04:53:22+00:00
Sopladora,2022-08-09,1316.58,90919,2026-08-16T04:53:22+00:00
Sopladora,2022-08-10,1316.44,90919,2026-08-16T04:53:22+00:00
Sopladora,2022-08-11,1316.67,90919,2026-08-16T04:53:22+00:00
Sopladora,2022-08-12,1317.01,90919,2026-08-16T04:53:22+00:00
Sopladora,2022-08-13,1316.62,90919,2026-08-16T04:53:22+00:00
Sopladora,2022-08-14,1316.63,90919,2026-08-16T04:53:22+00:00
Sopladora,2022-08-15,1316.58,90919,2026-08-16T04:53:22+00:00
Sopladora,2022-08-16,1316.35,90919,2026-08-16T04:53:22+00:00
Sopladora,2022-08-17,1316.14,90919,2026-08-16T04:53:22+00:00
Sopladora,2022-08-18,1316.34,90919,2026-08-16T04:53:22+00:00
Sopladora,2022-08-19,1316.13,90919,2026-08-16T04:53:22+00:00
Sopladora,2022-08-20,1316.03,90919,2026-08-16T04:53:22+00:00
Sopladora,2022-08-21,1316.42,90919,2026-08-16T04:53:22+00:00
Sopladora,2022-08-22,1316.32,90919,2026-08-16T04:53:22+00:00
Sopladora,2022-08-23,1315.8,90919,2026-08-16T04:53:22+00:00
Sopladora,2022-08-24,1315.7,90919,2026-08-16T04:53:22+00:00
Sopladora,2022-08-25,1316.1,90919,2026-08-16T04:53:22+00:00
Sopladora,2022-08-26,1316.27,90919,2026-08-16T04:53:22+00:00
Sopladora,2022-08-27,1315.22,90919,2026-08-16T04:53:22+00:00
Sopladora,2022-08-28,1315.87,90919,2026-08-16T04:53:22+00:00
Sopladora,2022-08-29,1314.63,90919,2026-08-16T04:53:22+00:00
Sopladora,2022-08-30,1314.99,90919,2026-08-16T04:53:22+00:00
Sopladora,2022-09-01,1315.2,90919,2026-08-16T04:53:25+00:00
Sopladora,2022-09-02,1315.17,90919,2026-08-16T04:53:25+00:00
Sopladora,2022-09-03,1316.29,90919,2026-08-16T04:53:25+00:00
Sopladora,2022-09-04,1316.55,90919,2026-08-16T04:53:25+00:00
Sopladora,2022-09-05,1316.01,90919,2026-08-16T04:53:25+00:00
Sopladora,2022-09-06,1314.74,90919,2026-08-16T04:53:25+00:00
Sopladora,2022-09-07,1316.14,90919,2026-08-16T04:53:25+00:00
Sopladora,2022-09-08,1314.69,90919,2026-08-16T04:53:25+00:00
Sopladora,2022-09-09,1316.05,90919,2026-08-16T04:53:25+00:00
Sopladora,2022-09-10,1315.96,90919,2026-08-16T04:53:25+00:00
Sopladora,2022-09-11,1316.27,90919,2026-08-16T04:53:25+00:00
Sopladora,2022-09-12,1315.1,90919,2026-08-16T04:53:25+00:00
Sopladora,2022-09-13,1316.01,90919,2026-08-16T04:53:25+00:00
Sopladora,2022-09-14,1316.2,90919,2026-08-16T04:53:25+00:00
Sopladora,2022-09-15,1314.88,90919,2026-08-16T04:53:25+00:00
Sopladora,2022-09-16,1315.94,90919,2026-08-16T04:53:25+00:00
Sopladora,2022-09-17,1316.55,90919,2026-08-16T04:53:25+00:00
Sopladora,2022-09-18,1315.82,90919,2026-08-16T04:53:25+00:00
Sopladora,2022-09-19,1315.94,90919,2026-08-16T04:53:25+00:00
Sopladora,2022-09-20,1315.42,90919,2026-08-16T04:53:25+00:00
Sopladora,2022-09-21,1315.88,90919,2026-08-16T04:53:25+00:00
Sopladora,2022-09-22,1316.16,90919,2026-08-16T04:53:25+00:00
Sopladora,2022-09-23,1316.39,90919,2026-08-16T04:53:25+00:00
Sopladora,2022-09-24,1316.04,90919,2026-08-16T04:53:25+00:00
Sopladora,2022-09-25,1315.86,90919,2026-08-16T04:53:25+00:00
Sopladora,2022-09-26,1315.66,90919,2026-08-16T04:53:25+00:00
Sopladora,2022-09-27,1315.54,90919,2026-08-16T04:53:25+00:00
Sopladora,2022-09-28,1316.14,90919,2026-08-16T04:53:25+00:00
Sopladora,2022-09-29,1315.93,90919,2026-08-16T04:53:25+00:00
Sopladora,2022-10-01,1316.1,90919,2026-08-16T04:53:28+00:00
Sopladora,2022-10-02,1316.27,90919,2026-08-16T04:53:28+00:00
Sopladora,2022-10-03,1316.55,90919,2026-08-16T04:53:28+00:00
Sopladora,2022-10-04,1316.2,90919,2026-08-16T04:53:28+00:00
Sopladora,2022-10-05,1315.51,90919,2026-08-16T04:53:28+00:00
Sopladora,2022-10-06,1316.11,90919,2026-08-16T04:53:28+00:00
Sopladora,2022-10-07,1315.8,90919,2026-08-16T04:53:28+00:00
Sopladora,2022-10-08,1316.08,90919,2026-08-16T04:53:28+00:00
Sopladora,2022-10-09,1315.9,90919,2026-08-16T04:53:28+00:00
Sopladora,2022-10-10,1315.86,90919,2026-08-16T04:53:28+00:00
Sopladora,2022-10-11,1315.69,90919,2026-08-16T04:53:28+00:00
Sopladora,2022-10-12,1315.88,90919,2026-08-16T04:53:28+00:00
Sopladora,2022-10-13,1314.78,90919,2026-08-16T04:53:28+00:00
Sopladora,2022-10-14,1314.11,90919,2026-08-16T04:53:28+00:00
Sopladora,2022-10-15,1313.92,90919,2026-08-16T04:53:28+00:00
Sopladora,2022-10-16,1314.61,90919,2026-08-16T04:53:28+00:00
Sopladora,2022-10-17,1316.08,90919,2026-08-16T04:53:28+00:00
Sopladora,2022-10-18,1315.59,90919,2026-08-16T04:53:28+00:00
Sopladora,2022-10-19,1316.38,90919,2026-08-16T04:53:28+00:00
Sopladora,2022-10-20,1315.08,90919,2026-08-16T04:53:28+00:00
Sopladora,2022-10-21,1315.11,90919,2026-08-16T04:53:28+00:00
Sopladora,2022-10-22,1314.7,90919,2026-08-16T04:53:28+00:00
Sopladora,2022-10-23,1315.48,90919,2026-08-16T04:53:28+00:00
Sopladora,2022-10-24,1315.65,90919,2026-08-16T04:53:28+00:00
Sopladora,2022-10-25,1314.67,90919,2026-08-16T04:53:28+00:00
Sopladora,2022-10-26,1315.85,90919,2026-08-16T04:53:28+00:00
Sopladora,2022-10-27,1315.83,90919,2026-08-16T04:53:28+00:00
Sopladora,2022-10-28,1316.33,90919,2026-08-16T04:53:28+00:00
Sopladora,2022-10-29,1315.35,90919,2026-08-16T04:53:28+00:00
Sopladora,2022-10-30,1314.14,90919,2026-08-16T04:53:28+00:00
Sopladora,2022-11-01,1314.44,90919,2026-08-16T04:53:31+00:00
Sopladora,2022-11-02,1314.76,90919,2026-08-16T04:53:31+00:00
Sopladora,2022-11-03,1315.63,90919,2026-08-16T04:53:31+00:00
Sopladora,2022-11-04,1316.06,90919,2026-08-16T04:53:31+00:00
Sopladora,2022-11-05,1314.31,90919,2026-08-16T04:53:31+00:00
Sopladora,2022-11-06,1315.42,90919,2026-08-16T04:53:31+00:00
Sopladora,2022-11-07,1315.42,90919,2026-08-16T04:53:31+00:00
Sopladora,2022-11-08,1315.62,90919,2026-08-16T04:53:31+00:00
Sopladora,2022-11-09,1315.27,90919,2026-08-16T04:53:31+00:00
Sopladora,2022-11-10,1315.01,90919,2026-08-16T04:53:31+00:00
Sopladora,2022-11-11,1313.73,90919,2026-08-16T04:53:31+00:00
Sopladora,2022-11-12,1314.95,90919,2026-08-16T04:53:31+00:00
Sopladora,2022-11-13,1315.88,90919,2026-08-16T04:53:31+00:00
Sopladora,2022-11-14,1315.81,90919,2026-08-16T04:53:31+00:00
Sopladora,2022-11-15,1316.31,90919,2026-08-16T04:53:31+00:00
Sopladora,2022-11-16,1314.42,90919,2026-08-16T04:53:31+00:00
Sopladora,2022-11-17,1316.13,90919,2026-08-16T04:53:31+00:00
Sopladora,2022-11-18,1315.82,90919,2026-08-16T04:53:31+00:00
Sopladora,2022-11-19,1315.4,90919,2026-08-16T04:53:31+00:00
Sopladora,2022-11-20,1314.68,90919,2026-08-16T04:53:31+00:00
Sopladora,2022-11-21,1314.08,90919,2026-08-16T04:53:31+00:00
Sopladora,2022-11-22,1315.28,90919,2026-08-16T04:53:31+00:00
Sopladora,2022-11-23,1316.14,90919,2026-08-16T04:53:31+00:00
Sopladora,2022-11-24,1314.99,90919,2026-08-16T04:53:31+00:00
Sopladora,2022-11-25,1315.76,90919,2026-08-16T04:53:31+00:00
Sopladora,2022-11-26,1314.62,90919,2026-08-16T04:53:31+00:00
Sopladora,2022-11-27,1314.21,90919,2026-08-16T04:53:31+00:00
Sopladora,2022-11-28,1316.15,90919,2026-08-16T04:53:31+00:00
Sopladora,2022-11-29,1315.33,90919,2026-08-16T04:53:31+00:00
Sopladora,2022-12-01,1315.4,90919,2026-08-16T04:53:34+00:00
Sopladora,2022-12-02,1315.69,90919,2026-08-16T04:53:34+00:00
Sopladora,2022-12-03,1314.09,90919,2026-08-16T04:53:34+00:00
Sopladora,2022-12-04,1314.74,90919,2026-08-16T04:53:34+00:00
Sopladora,2022-12-05,1315.12,90919,2026-08-16T04:53:34+00:00
Sopladora,2022-12-06,1315.45,90919,2026-08-16T04:53:34+00:00
Sopladora,2022-12-07,1315.34,90919,2026-08-16T04:53:34+00:00
Sopladora,2022-12-08,1314.72,90919,2026-08-16T04:53:34+00:00
Sopladora,2022-12-09,1314.24,90919,2026-08-16T04:53:34+00:00
Sopladora,2022-12-10,1314.71,90919,2026-08-16T04:53:34+00:00
Sopladora,2022-12-11,1316.05,90919,2026-08-16T04:53:34+00:00
Sopladora,2022-12-12,1315.84,90919,2026-08-16T04:53:34+00:00
Sopladora,2022-12-13,1314.84,90919,2026-08-16T04:53:34+00:00
Sopladora,2022-12-14,1314.43,90919,2026-08-16T04:53:34+00:00
Sopladora,2022-12-15,1315.77,90919,2026-08-16T04:53:34+00:00
Sopladora,2022-12-16,1315.64,90919,2026-08-16T04:53:34+00:00
Sopladora,2022-12-17,1316.13,90919,2026-08-16T04:53:34+00:00
Sopladora,2022-12-18,1316.16,90919,2026-08-16T04:53:34+00:00
Sopladora,2022-12-19,1316.34,90919,2026-08-16T04:53:34+00:00
Sopladora,2022-12-20,1316.2,90919,2026-08-16T04:53:34+00:00
Sopladora,2022-12-21,1314.45,90919,2026-08-16T04:53:34+00:00
Sopladora,2022-12-22,1315.94,90919,2026-08-16T04:53:34+00:00
Sopladora,2022-12-23,1315.09,90919,2026-08-16T04:53:34+00:00
Sopladora,2022-12-24,1314.83,90919,2026-08-16T04:53:34+00:00
Sopladora,2022-12-25,1315.41,90919,2026-08-16T04:53:34+00:00
Sopladora,2022-12-26,1314.84,90919,2026-08-16T04:53:34+00:00
Sopladora,2022-12-27,1315.73,90919,2026-08-16T04:53:34+00:00
Sopladora,2022-12-28,1314.3,90919,2026-08-16T04:53:34+00:00
Sopladora,2022-12-29,1315.46,90919,2026-08-16T04:53:34+00:00
Sopladora,2022-12-30,1315.93,90919,2026-08-16T04:53:34+00:00
Sopladora,2023-01-01,1313.88,90919,2026-08-16T04:53:37+00:00
Sopladora,2023-01-02,1314.01,90919,2026-08-16T04:53:37+00:00
Sopladora,2023-01-03,1315.29,90919,2026-08-16T04:53:37+00:00
Sopladora,2023-01-04,1316.19,90919,2026-08-16T04:53:37+00:00
Sopladora,2023-01-05,1314.64,90919,2026-08-16T04:53:37+00:00
Sopladora,2023-01-06,1314.91,90919,2026-08-16T04:53:37+00:00
Sopladora,2023-01-07,1315.85,90919,2026-08-16T04:53:37+00:00
Sopladora,2023-01-08,1315.88,90919,2026-08-16T04:53:37+00:00
Sopladora,2023-01-09,1314.76,90919,2026-08-16T04:53:37+00:00
Sopladora,2023-01-10,1315.63,90919,2026-08-16T04:53:37+00:00
Sopladora,2023-01-11,1313.82,90919,2026-08-16T04:53:37+00:00
Sopladora,2023-01-12,1314.42,90919,2026-08-16T04:53:37+00:00
Sopladora,2023-01-13,1315.7,90919,2026-08-16T04:53:37+00:00
Sopladora,2023-01-14,1313.75,90919,2026-08-16T04:53:37+00:00
Sopladora,2023-01-15,1315.12,90919,2026-08-16T04:53:37+00:00
Sopladora,2023-01-16,1315.28,90919,2026-08-16T04:53:37+00:00
Sopladora,2023-01-17,1315.9,90919,2026-08-16T04:53:37+00:00
Sopladora,2023-01-18,1314.87,90919,2026-08-16T04:53:37+00:00
Sopladora,2023-01-19,1316.57,90919,2026-08-16T04:53:37+00:00
Sopladora,2023-01-20,1313.98,90919,2026-08-16T04:53:37+00:00
Sopladora,2023-01-21,1315.02,90919,2026-08-16T04:53:37+00:00
Sopladora,2023-01-22,1315.46,90919,2026-08-16T04:53:37+00:00
Sopladora,2023-01-23,1314.93,90919,2026-08-16T04:53:37+00:00
Sopladora,2023-01-24,1314.45,90919,2026-08-16T04:53:37+00:00
Sopladora,2023-01-25,1315.6,90919,2026-08-16T04:53:37+00:00
Sopladora,2023-01-26,1314.66,90919,2026-08-16T04:53:37+00:00
Sopladora,2023-01-27,1315.01,90919,2026-08-16T04:53:37+00:00
Sopladora,2023-01-28,1315.56,90919,2026-08-16T04:53:37+00:00
Sopladora,2023-01-29,1315.78,90919,2026-08-16T04:53:37+00:00
Sopladora,2023-01-30,1315.63,90919,2026-08-16T04:53:37+00:00
Sopladora,2023-02-01,1314.21,90919,2026-08-16T04:53:40+00:00
Sopladora,2023-02-02,1314.76,90919,2026-08-16T04:53:40+00:00
Sopladora,2023-02-03,1314.67,90919,2026-08-16T04:53:40+00:00
Sopladora,2023-02-04,1315.63,90919,2026-08-16T04:53:40+00:00
Sopladora,2023-02-05,1315.26,90919,2026-08-16T04:53:40+00:00
Sopladora,2023-02-06,1313.85,90919,2026-08-16T04:53:40+00:00
Sopladora,2023-02-07,1315.78,90919,2026-08-16T04:53:40+00:00
Sopladora,2023-02-08,1315.76,90919,2026-08-16T04:53:40+00:00
Sopladora,2023-02-09,1315.98,90919,2026-08-16T04:53:40+00:00
Sopladora,2023-02-10,1315.33,90919,2026-08-16T04:53:40+00:00
Sopladora,2023-02-11,1315.29,90919,2026-08-16T04:53:40+00:00
Sopladora,2023-02-12,1315.24,90919,2026-08-16T04:53:40+00:00
Sopladora,2023-02-13,1315.73,90919,2026-08-16T04:53:40+00:00
Sopladora,2023-02-14,1315.43,90919,2026-08-16T04:53:40+00:00
Sopladora,2023-02-15,1315.54,90919,2026-08-16T04:53:40+00:00
Sopladora,2023-02-16,1315.28,90919,2026-08-16T04:53:40+00:00
Sopladora,2023-02-17,1314.87,90919,2026-08-16T04:53:40+00:00
Sopladora,2023-02-18,1315.46,90919,2026-08-16T04:53:40+00:00
Sopladora,2023-02-19,1314.3,90919,2026-08-16T04:53:40+00:00
Sopladora,2023-02-20,1314.2,90919,2026-08-16T04:53:40+00:00
Sopladora,2023-02-21,1314.57,90919,2026-08-16T04:53:40+00:00
Sopladora,2023-02-22,1315.49,90919,2026-08-16T04:53:40+00:00
Sopladora,2023-02-23,1314.77,90919,2026-08-16T04:53:40+00:00
Sopladora,2023-02-24,1314.2,90919,2026-08-16T04:53:40+00:00
Sopladora,2023-02-25,1315.21,90919,2026-08-16T04:53:40+00:00
Sopladora,2023-02-26,1315.44,90919,2026-08-16T04:53:40+00:00
Sopladora,2023-02-27,1315.49,90919,2026-08-16T04:53:40+00:00
Sopladora,2023-03-01,1315.69,90919,2026-08-16T04:53:43+00:00
Sopladora,2023-03-02,1315.59,90919,2026-08-16T04:53:43+00:00
Sopladora,2023-03-03,1315.51,90919,2026-08-16T04:53:43+00:00
Sopladora,2023-03-04,1316.22,90919,2026-08-16T04:53:43+00:00
Sopladora,2023-03-05,1314.56,90919,2026-08-16T04:53:43+00:00
Sopladora,2023-03-06,1315.9,90919,2026-08-16T04:53:43+00:00
Sopladora,2023-03-07,1315.07,90919,2026-08-16T04:53:43+00:00
Sopladora,2023-03-08,1315.24,90919,2026-08-16T04:53:43+00:00
Sopladora,2023-03-09,1315.94,90919,2026-08-16T04:53:43+00:00
Sopladora,2023-03-10,1315.56,90919,2026-08-16T04:53:43+00:00
Sopladora,2023-03-11,1314.36,90919,2026-08-16T04:53:43+00:00
Sopladora,2023-03-12,1314.77,90919,2026-08-16T04:53:43+00:00
Sopladora,2023-03-13,1315.94,90919,2026-08-16T04:53:43+00:00
Sopladora,2023-03-14,1314.95,90919,2026-08-16T04:53:43+00:00
Sopladora,2023-03-15,1316.22,90919,2026-08-16T04:53:43+00:00
Sopladora,2023-03-16,1316.77,90919,2026-08-16T04:53:43+00:00
Sopladora,2023-03-17,1315.93,90919,2026-08-16T04:53:43+00:00
Sopladora,2023-03-18,1315.73,90919,2026-08-16T04:53:43+00:00
Sopladora,2023-03-19,1314.42,90919,2026-08-16T04:53:43+00:00
Sopladora,2023-03-20,1316.09,90919,2026-08-16T04:53:43+00:00
Sopladora,2023-03-21,1315.69,90919,2026-08-16T04:53:43+00:00
Sopladora,2023-03-22,1316.26,90919,2026-08-16T04:53:43+00:00
Sopladora,2023-03-23,1315.08,90919,2026-08-16T04:53:43+00:00
Sopladora,2023-03-24,1315.82,90919,2026-08-16T04:53:43+00:00
Sopladora,2023-03-25,1315.27,90919,2026-08-16T04:53:43+00:00
Sopladora,2023-03-26,1313.99,90919,2026-08-16T04:53:43+00:00
Sopladora,2023-03-27,1315.85,90919,2026-08-16T04:53:43+00:00
Sopladora,2023-03-28,1314.9,90919,2026-08-16T04:53:43+00:00
Sopladora,2023-03-29,1315.27,90919,2026-08-16T04:53:43+00:00
Sopladora,2023-03-30,1314.86,90919,2026-08-16T04:53:43+00:00
Sopladora,2023-04-01,1314.8,90919,2026-08-16T04:53:46+00:00
Sopladora,2023-04-02,1315.98,90919,2026-08-16T04:53:46+00:00
Sopladora,2023-04-03,1315.23,90919,2026-08-16T04:53:46+00:00
Sopladora,2023-04-04,1315.74,90919,2026-08-16T04:53:46+00:00
Sopladora,2023-04-05,1315.14,90919,2026-08-16T04:53:46+00:00
Sopladora,2023-04-06,1314.44,90919,2026-08-16T04:53:46+00:00
Sopladora,2023-04-07,1313.94,90919,2026-08-16T04:53:46+00:00
Sopladora,2023-04-08,1315.77,90919,2026-08-16T04:53:46+00:00
Sopladora,2023-04-09,1314.71,90919,2026-08-16T04:53:46+00:00
Sopladora,2023-04-10,1315.65,90919,2026-08-16T04:53:46+00:00
Sopladora,2023-04-11,1316.25,90919,2026-08-16T04:53:46+00:00
Sopladora,2023-04-12,1314.7,90919,2026-08-16T04:53:46+00:00
Sopladora,2023-04-13,1315.44,90919,2026-08-16T04:53:46+00:00
Sopladora,2023-04-14,1316.4,90919,2026-08-16T04:53:46+00:00
Sopladora,2023-04-15,1315.11,90919,2026-08-16T04:53:46+00:00
Sopladora,2023-04-16,1315.35,90919,2026-08-16T04:53:46+00:00
Sopladora,2023-04-17,1314.71,90919,2026-08-16T04:53:46+00:00
Sopladora,2023-04-18,1315.97,90919,2026-08-16T04:53:46+00:00
Sopladora,2023-04-19,1316.2,90919,2026-08-16T04:53:46+00:00
Sopladora,2023-04-20,1316.26,90919,2026-08-16T04:53:46+00:00
Sopladora,2023-04-21,1314.78,90919,2026-08-16T04:53:46+00:00
Sopladora,2023-04-22,1314.34,90919,2026-08-16T04:53:46+00:00
Sopladora,2023-04-23,1314.15,90919,2026-08-16T04:53:46+00:00
Sopladora,2023-04-24,1315.81,90919,2026-08-16T04:53:46+00:00
Sopladora,2023-04-25,1315.85,90919,2026-08-16T04:53:46+00:00
Sopladora,2023-04-26,1314.79,90919,2026-08-16T04:53:46+00:00
Sopladora,2023-04-27,1313.74,90919,2026-08-16T04:53:46+00:00
Sopladora,2023-04-28,1315.53,90919,2026-08-16T04:53:46+00:00
Sopladora,2023-04-29,1314.66,90919,2026-08-16T04:53:46+00:00
Sopladora,2023-05-01,1315.29,90919,2026-08-16T04:53:49+00:00
Sopladora,2023-05-02,1315.0,90919,2026-08-16T04:53:49+00:00
Sopladora,2023-05-03,1315.35,90919,2026-08-16T04:53:49+00:00
Sopladora,2023-05-04,1314.84,90919,2026-08-16T04:53:49+00:00
Sopladora,2023-05-05,1315.25,90919,2026-08-16T04:53:49+00:00
Sopladora,2023-05-06,1316.2,90919,2026-08-16T04:53:49+00:00
Sopladora,2023-05-07,1314.89,90919,2026-08-16T04:53:49+00:00
Sopladora,2023-05-08,1316.42,90919,2026-08-16T04:53:49+00:00
Sopladora,2023-05-09,1315.08,90919,2026-08-16T04:53:49+00:00
Sopladora,2023-05-10,1315.37,90919,2026-08-16T04:53:49+00:00
Sopladora,2023-05-11,1314.68,90919,2026-08-16T04:53:49+00:00
Sopladora,2023-05-12,1315.4,90919,2026-08-16T04:53:49+00:00
Sopladora,2023-05-13,1315.32,90919,2026-08-16T04:53:49+00:00
Sopladora,2023-05-14,1316.55,90919,2026-08-16T04:53:49+00:00
Sopladora,2023-05-15,1317.02,90919,2026-08-16T04:53:49+00:00
Sopladora,2023-05-16,1316.46,90919,2026-08-16T04:53:49+00:00
Sopladora,2023-05-17,1315.52,90919,2026-08-16T04:53:49+00:00
Sopladora,2023-05-18,1316.1,90919,2026-08-16T04:53:49+00:00
Sopladora,2023-05-19,1315.28,90919,2026-08-16T04:53:49+00:00
Sopladora,2023-05-20,1314.66,90919,2026-08-16T04:53:49+00:00
Sopladora,2023-05-21,1314.1,90919,2026-08-16T04:53:49+00:00
Sopladora,2023-05-22,1316.78,90919,2026-08-16T04:53:49+00:00
Sopladora,2023-05-23,1314.62,90919,2026-08-16T04:53:49+00:00
Sopladora,2023-05-24,1316.29,90919,2026-08-16T04:53:49+00:00
Sopladora,2023-05-25,1315.36,90919,2026-08-16T04:53:49+00:00
Sopladora,2023-05-26,1316.69,90919,2026-08-16T04:53:49+00:00
Sopladora,2023-05-27,1316.65,90919,2026-08-16T04:53:49+00:00
Sopladora,2023-05-28,1316.52,90919,2026-08-16T04:53:49+00:00
Sopladora,2023-05-29,1316.38,90919,2026-08-16T04:53:49+00:00
Sopladora,2023-05-30,1316.62,90919,2026-08-16T04:53:49+00:00
Sopladora,2023-06-01,1315.92,90919,2026-08-16T04:53:51+00:00
Sopladora,2023-06-02,1316.8,90919,2026-08-16T04:53:51+00:00
Sopladora,2023-06-03,1315.59,90919,2026-08-16T04:53:51+00:00
Sopladora,2023-06-04,1314.93,90919,2026-08-16T04:53:51+00:00
Sopladora,2023-06-05,1315.44,90919,2026-08-16T04:53:51+00:00
Sopladora,2023-06-06,1314.69,90919,2026-08-16T04:53:51+00:00
Sopladora,2023-06-07,1314.49,90919,2026-08-16T04:53:51+00:00
Sopladora,2023-06-08,1316.34,90919,2026-08-16T04:53:51+00:00
Sopladora,2023-06-09,1316.34,90919,2026-08-16T04:53:51+00:00
Sopladora,2023-06-10,1315.65,90919,2026-08-16T04:53:51+00:00
Sopladora,2023-06-11,1314.85,90919,2026-08-16T04:53:51+00:00
Sopladora,2023-06-12,1316.03,90919,2026-08-16T04:53:51+00:00
Sopladora,2023-06-13,1316.04,90919,2026-08-16T04:53:51+00:00
Sopladora,2023-06-14,1315.23,90919,2026-08-16T04:53:51+00:00
Sopladora,2023-06-15,1315.69,90919,2026-08-16T04:53:51+00:00
Sopladora,2023-06-16,1315.01,90919,2026-08-16T04:53:51+00:00
Sopladora,2023-06-17,1315.97,90919,2026-08-16T04:53:51+00:00
Sopladora,2023-06-18,1315.97,90919,2026-08-16T04:53:51+00:00
Sopladora,2023-06-19,1315.28,90919,2026-08-16T04:53:51+00:00
Sopladora,2023-06-20,1314.75,90919,2026-08-16T04:53:51+00:00
Sopladora,2023-06-21,1315.56,90919,2026-08-16T04:53:51+00:00
Sopladora,2023-06-22,1315.92,90919,2026-08-16T04:53:51+00:00
Sopladora,2023-06-23,1315.45,90919,2026-08-16T04:53:51+00:00
Sopladora,2023-06-24,1315.77,90919,2026-08-16T04:53:51+00:00
Sopladora,2023-06-25,1314.82,90919,2026-08-16T04:53:51+00:00
Sopladora,2023-06-26,1315.28,90919,2026-08-16T04:53:51+00:00
Sopladora,2023-06-27,1314.64,90919,2026-08-16T04:53:51+00:00
Sopladora,2023-06-28,1315.69,90919,2026-08-16T04:53:51+00:00
Sopladora,2023-06-29,1315.37,90919,2026-08-16T04:53:51+00:00
Sopladora,2023-07-01,1316.05,90919,2026-08-16T04:53:54+00:00
Sopladora,2023-07-02,1315.59,90919,2026-08-16T04:53:54+00:00
Sopladora,2023-07-03,1314.82,90919,2026-08-16T04:53:54+00:00
Sopladora,2023-07-04,1315.85,90919,2026-08-16T04:53:54+00:00
Sopladora,2023-07-05,1315.2,90919,2026-08-16T04:53:54+00:00
Sopladora,2023-07-06,1315.98,90919,2026-08-16T04:53:54+00:00
Sopladora,2023-07-07,1314.73,90919,2026-08-16T04:53:54+00:00
Sopladora,2023-07-08,1315.37,90919,2026-08-16T04:53:54+00:00
Sopladora,2023-07-09,1315.06,90919,2026-08-16T04:53:54+00:00
Sopladora,2023-07-10,1314.62,90919,2026-08-16T04:53:54+00:00
Sopladora,2023-07-11,1316.22,90919,2026-08-16T04:53:54+00:00
Sopladora,2023-07-12,1314.62,90919,2026-08-16T04:53:54+00:00
Sopladora,2023-07-13,1315.88,90919,2026-08-16T04:53:54+00:00
Sopladora,2023-07-14,1315.4,90919,2026-08-16T04:53:54+00:00
Sopladora,2023-07-15,1315.48,90919,2026-08-16T04:53:54+00:00
Sopladora,2023-07-16,1316.52,90919,2026-08-16T04:53:54+00:00
Sopladora,2023-07-17,1316.14,90919,2026-08-16T04:53:54+00:00
Sopladora,2023-07-18,1315.35,90919,2026-08-16T04:53:54+00:00
Sopladora,2023-07-19,1314.75,90919,2026-08-16T04:53:54+00:00
Sopladora,2023-07-20,1316.03,90919,2026-08-16T04:53:54+00:00
Sopladora,2023-07-21,1315.75,90919,2026-08-16T04:53:54+00:00
Sopladora,2023-07-22,1315.02,90919,2026-08-16T04:53:54+00:00
Sopladora,2023-07-23,1315.98,90919,2026-08-16T04:53:54+00:00
Sopladora,2023-07-24,1315.73,90919,2026-08-16T04:53:54+00:00
Sopladora,2023-07-25,1315.63,90919,2026-08-16T04:53:54+00:00
Sopladora,2023-07-26,1314.87,90919,2026-08-16T04:53:54+00:00
Sopladora,2023-07-27,1315.31,90919,2026-08-16T04:53:54+00:00
Sopladora,2023-07-28,1315.02,90919,2026-08-16T04:53:54+00:00
Sopladora,2023-07-29,1316.21,90919,2026-08-16T04:53:54+00:00
Sopladora,2023-07-30,1315.64,90919,2026-08-16T04:53:54+00:00
Sopladora,2023-08-01,1315.85,90919,2026-08-16T04:53:57+00:00
Sopladora,2023-08-02,1316.16,90919,2026-08-16T04:53:57+00:00
Sopladora,2023-08-03,1314.28,90919,2026-08-16T04:53:57+00:00
Sopladora,2023-08-04,1315.51,90919,2026-08-16T04:53:57+00:00
Sopladora,2023-08-05,1315.25,90919,2026-08-16T04:53:57+00:00
Sopladora,2023-08-06,1315.12,90919,2026-08-16T04:53:57+00:00
Sopladora,2023-08-07,1315.1,90919,2026-08-16T04:53:57+00:00
Sopladora,2023-08-08,1315.11,90919,2026-08-16T04:53:57+00:00
Sopladora,2023-08-09,1314.91,90919,2026-08-16T04:53:57+00:00
Sopladora,2023-08-10,1315.06,90919,2026-08-16T04:53:57+00:00
Sopladora,2023-08-11,1315.06,90919,2026-08-16T04:53:57+00:00
Sopladora,2023-08-12,1314.77,90919,2026-08-16T04:53:57+00:00
Sopladora,2023-08-13,1314.68,90919,2026-08-16T04:53:57+00:00
Sopladora,2023-08-14,1314.59,90919,2026-08-16T04:53:57+00:00
Sopladora,2023-08-15,1314.56,90919,2026-08-16T04:53:57+00:00
Sopladora,2023-08-16,1314.71,90919,2026-08-16T04:53:57+00:00
Sopladora,2023-08-17,1314.72,90919,2026-08-16T04:53:57+00:00
Sopladora,2023-08-18,1314.64,90919,2026-08-16T04:53:57+00:00
Sopladora,2023-08-19,1314.68,90919,2026-08-16T04:53:57+00:00
Sopladora,2023-08-20,1314.72,90919,2026-08-16T04:53:57+00:00
Sopladora,2023-08-21,1314.71,90919,2026-08-16T04:53:57+00:00
Sopladora,2023-08-22,1314.51,90919,2026-08-16T04:53:57+00:00
Sopladora,2023-08-23,1314.57,90919,2026-08-16T04:53:57+00:00
Sopladora,2023-08-24,1314.62,90919,2026-08-16T04:53:57+00:00
Sopladora,2023-08-25,1314.62,90919,2026-08-16T04:53:57+00:00
Sopladora,2023-08-26,1314.57,90919,2026-08-16T04:53:57+00:00
Sopladora,2023-08-27,1314.58,90919,2026-08-16T04:53:57+00:00
Sopladora,2023-08-28,1316.04,90919,2026-08-16T04:53:57+00:00
Sopladora,2023-08-29,1316.06,90919,2026-08-16T04:53:57+00:00
Sopladora,2023-08-30,1316.03,90919,2026-08-16T04:53:57+00:00
Sopladora,2023-09-01,1316.93,90919,2026-08-16T04:54:00+00:00
Sopladora,2023-09-02,1316.85,90919,2026-08-16T04:54:00+00:00
Sopladora,2023-09-03,1316.72,90919,2026-08-16T04:54:00+00:00
Sopladora,2023-09-04,1316.33,90919,2026-08-16T04:54:00+00:00
Sopladora,2023-09-05,1315.02,90919,2026-08-16T04:54:00+00:00
Sopladora,2023-09-06,1316.51,90919,2026-08-16T04:54:00+00:00
Sopladora,2023-09-07,1316.71,90919,2026-08-16T04:54:00+00:00
Sopladora,2023-09-08,1316.8,90919,2026-08-16T04:54:00+00:00
Sopladora,2023-09-09,1315.74,90919,2026-08-16T04:54:00+00:00
Sopladora,2023-09-10,1315.68,90919,2026-08-16T04:54:00+00:00
Sopladora,2023-09-11,1315.19,90919,2026-08-16T04:54:00+00:00
Sopladora,2023-09-12,1314.31,90919,2026-08-16T04:54:00+00:00
Sopladora,2023-09-13,1315.64,90919,2026-08-16T04:54:00+00:00
Sopladora,2023-09-14,1315.65,90919,2026-08-16T04:54:00+00:00
Sopladora,2023-09-15,1315.54,90919,2026-08-16T04:54:00+00:00
Sopladora,2023-09-16,1315.35,90919,2026-08-16T04:54:00+00:00
Sopladora,2023-09-17,1315.87,90919,2026-08-16T04:54:00+00:00
Sopladora,2023-09-18,1315.69,90919,2026-08-16T04:54:00+00:00
Sopladora,2023-09-19,1315.48,90919,2026-08-16T04:54:00+00:00
Sopladora,2023-09-20,1315.2,90919,2026-08-16T04:54:00+00:00
Sopladora,2023-09-21,1316.35,90919,2026-08-16T04:54:00+00:00
Sopladora,2023-09-22,1316.42,90919,2026-08-16T04:54:00+00:00
Sopladora,2023-09-23,1315.3,90919,2026-08-16T04:54:00+00:00
Sopladora,2023-09-24,1315.64,90919,2026-08-16T04:54:00+00:00
Sopladora,2023-09-25,1314.94,90919,2026-08-16T04:54:00+00:00
Sopladora,2023-09-26,1315.69,90919,2026-08-16T04:54:00+00:00
Sopladora,2023-09-27,1316.0,90919,2026-08-16T04:54:00+00:00
Sopladora,2023-09-28,1316.62,90919,2026-08-16T04:54:00+00:00
Sopladora,2023-09-29,1316.97,90919,2026-08-16T04:54:00+00:00
Sopladora,2023-10-01,1315.99,90919,2026-08-16T04:54:03+00:00
Sopladora,2023-10-02,1317.78,90919,2026-08-16T04:54:03+00:00
Sopladora,2023-10-03,1317.46,90919,2026-08-16T04:54:03+00:00
Sopladora,2023-10-04,1317.43,90919,2026-08-16T04:54:03+00:00
Sopladora,2023-10-05,1316.2,90919,2026-08-16T04:54:03+00:00
Sopladora,2023-10-06,1316.77,90919,2026-08-16T04:54:03+00:00
Sopladora,2023-10-07,1316.35,90919,2026-08-16T04:54:03+00:00
Sopladora,2023-10-08,1314.01,90919,2026-08-16T04:54:03+00:00
Sopladora,2023-10-09,1314.73,90919,2026-08-16T04:54:03+00:00
Sopladora,2023-10-10,1314.61,90919,2026-08-16T04:54:03+00:00
Sopladora,2023-10-11,1315.94,90919,2026-08-16T04:54:03+00:00
Sopladora,2023-10-12,1316.59,90919,2026-08-16T04:54:03+00:00
Sopladora,2023-10-13,1316.46,90919,2026-08-16T04:54:03+00:00
Sopladora,2023-10-14,1315.86,90919,2026-08-16T04:54:03+00:00
Sopladora,2023-10-15,1315.61,90919,2026-08-16T04:54:03+00:00
Sopladora,2023-10-16,1314.34,90919,2026-08-16T04:54:03+00:00
Sopladora,2023-10-17,1315.94,90919,2026-08-16T04:54:03+00:00
Sopladora,2023-10-18,1314.91,90919,2026-08-16T04:54:03+00:00
Sopladora,2023-10-19,1315.64,90919,2026-08-16T04:54:03+00:00
Sopladora,2023-10-20,1314.62,90919,2026-08-16T04:54:03+00:00
Sopladora,2023-10-21,1314.62,90919,2026-08-16T04:54:03+00:00
Sopladora,2023-10-22,1315.48,90919,2026-08-16T04:54:03+00:00
Sopladora,2023-10-23,1314.93,90919,2026-08-16T04:54:03+00:00
Sopladora,2023-10-24,1316.11,90919,2026-08-16T04:54:03+00:00
Sopladora,2023-10-25,1315.77,90919,2026-08-16T04:54:03+00:00
Sopladora,2023-10-26,1316.1,90919,2026-08-16T04:54:03+00:00
Sopladora,2023-10-27,1315.63,90919,2026-08-16T04:54:03+00:00
Sopladora,2023-10-28,1315.85,90919,2026-08-16T04:54:03+00:00
Sopladora,2023-10-29,1315.43,90919,2026-08-16T04:54:03+00:00
Sopladora,2023-10-30,1315.27,90919,2026-08-16T04:54:03+00:00
Sopladora,2023-11-01,1315.08,90919,2026-08-16T04:54:06+00:00
Sopladora,2023-11-02,1315.46,90919,2026-08-16T04:54:06+00:00
Sopladora,2023-11-03,1315.64,90919,2026-08-16T04:54:06+00:00
Sopladora,2023-11-04,1315.79,90919,2026-08-16T04:54:06+00:00
Sopladora,2023-11-05,1314.74,90919,2026-08-16T04:54:06+00:00
Sopladora,2023-11-06,1314.48,90919,2026-08-16T04:54:06+00:00
Sopladora,2023-11-07,1315.38,90919,2026-08-16T04:54:06+00:00
Sopladora,2023-11-08,1314.93,90919,2026-08-16T04:54:06+00:00
Sopladora,2023-11-09,1314.76,90919,2026-08-16T04:54:06+00:00
Sopladora,2023-11-10,1315.62,90919,2026-08-16T04:54:06+00:00
Sopladora,2023-11-11,1315.65,90919,2026-08-16T04:54:06+00:00
Sopladora,2023-11-12,1315.77,90919,2026-08-16T04:54:06+00:00
Sopladora,2023-11-13,1314.99,90919,2026-08-16T04:54:06+00:00
Sopladora,2023-11-14,1315.49,90919,2026-08-16T04:54:06+00:00
Sopladora,2023-11-15,1315.56,90919,2026-08-16T04:54:06+00:00
Sopladora,2023-11-16,1315.52,90919,2026-08-16T04:54:06+00:00
Sopladora,2023-11-17,1315.01,90919,2026-08-16T04:54:06+00:00
Sopladora,2023-11-18,1315.45,90919,2026-08-16T04:54:06+00:00
Sopladora,2023-11-19,1315.35,90919,2026-08-16T04:54:06+00:00
Sopladora,2023-11-20,1315.44,90919,2026-08-16T04:54:06+00:00
Sopladora,2023-11-21,1315.52,90919,2026-08-16T04:54:06+00:00
Sopladora,2023-11-22,1315.49,90919,2026-08-16T04:54:06+00:00
Sopladora,2023-11-23,1315.15,90919,2026-08-16T04:54:06+00:00
Sopladora,2023-11-24,1315.23,90919,2026-08-16T04:54:06+00:00
Sopladora,2023-11-25,1314.78,90919,2026-08-16T04:54:06+00:00
Sopladora,2023-11-26,1314.7,90919,2026-08-16T04:54:06+00:00
Sopladora,2023-11-27,1315.29,90919,2026-08-16T04:54:06+00:00
Sopladora,2023-11-28,1315.01,90919,2026-08-16T04:54:06+00:00
Sopladora,2023-11-29,1315.31,90919,2026-08-16T04:54:06+00:00
Sopladora,2023-12-01,1314.51,90919,2026-08-16T04:54:09+00:00
Sopladora,2023-12-02,1315.31,90919,2026-08-16T04:54:09+00:00
Sopladora,2023-12-03,1315.03,90919,2026-08-16T04:54:09+00:00
Sopladora,2023-12-04,1315.24,90919,2026-08-16T04:54:09+00:00
Sopladora,2023-12-05,1315.17,90919,2026-08-16T04:54:09+00:00
Sopladora,2023-12-06,1314.73,90919,2026-08-16T04:54:09+00:00
Sopladora,2023-12-07,1315.39,90919,2026-08-16T04:54:09+00:00
Sopladora,2023-12-08,1315.22,90919,2026-08-16T04:54:09+00:00
Sopladora,2023-12-09,1315.19,90919,2026-08-16T04:54:09+00:00
Sopladora,2023-12-10,1315.02,90919,2026-08-16T04:54:09+00:00
Sopladora,2023-12-11,1314.3,90919,2026-08-16T04:54:09+00:00
Sopladora,2023-12-12,1315.09,90919,2026-08-16T04:54:09+00:00
Sopladora,2023-12-13,1314.19,90919,2026-08-16T04:54:09+00:00
Sopladora,2023-12-14,1315.26,90919,2026-08-16T04:54:09+00:00
Sopladora,2023-12-15,1315.82,90919,2026-08-16T04:54:09+00:00
Sopladora,2023-12-16,1315.41,90919,2026-08-16T04:54:09+00:00
Sopladora,2023-12-17,1315.76,90919,2026-08-16T04:54:09+00:00
Sopladora,2023-12-18,1315.38,90919,2026-08-16T04:54:09+00:00
Sopladora,2023-12-19,1315.38,90919,2026-08-16T04:54:09+00:00
Sopladora,2023-12-20,1315.31,90919,2026-08-16T04:54:09+00:00
Sopladora,2023-12-21,1315.25,90919,2026-08-16T04:54:09+00:00
Sopladora,2023-12-22,1315.03,90919,2026-08-16T04:54:09+00:00
Sopladora,2023-12-23,1315.57,90919,2026-08-16T04:54:09+00:00
Sopladora,2023-12-24,1314.81,90919,2026-08-16T04:54:09+00:00
Sopladora,2023-12-25,1314.61,90919,2026-08-16T04:54:09+00:00
Sopladora,2023-12-26,1314.89,90919,2026-08-16T04:54:09+00:00
Sopladora,2023-12-27,1314.65,90919,2026-08-16T04:54:09+00:00
Sopladora,2023-12-28,1315.71,90919,2026-08-16T04:54:09+00:00
Sopladora,2023-12-29,1314.43,90919,2026-08-16T04:54:09+00:00
Sopladora,2023-12-30,1315.51,90919,2026-08-16T04:54:09+00:00
Sopladora,2024-01-01,1315.04,90919,2026-08-16T04:54:12+00:00
Sopladora,2024-01-02,1314.92,90919,2026-08-16T04:54:12+00:00
Sopladora,2024-01-03,1315.11,90919,2026-08-16T04:54:12+00:00
Sopladora,2024-01-04,1315.3,90919,2026-08-16T04:54:12+00:00
Sopladora,2024-01-05,1315.23,90919,2026-08-16T04:54:12+00:00
Sopladora,2024-01-06,1316.82,90919,2026-08-16T04:54:12+00:00
Sopladora,2024-01-07,1315.94,90919,2026-08-16T04:54:12+00:00
Sopladora,2024-01-08,1316.0,90919,2026-08-16T04:54:12+00:00
Sopladora,2024-01-09,1315.88,90919,2026-08-16T04:54:12+00:00
Sopladora,2024-01-10,1316.55,90919,2026-08-16T04:54:12+00:00
Sopladora,2024-01-11,1315.29,90919,2026-08-16T04:54:12+00:00
Sopladora,2024-01-12,1316.0,90919,2026-08-16T04:54:12+00:00
Sopladora,2024-01-13,1316.32,90919,2026-08-16T04:54:12+00:00
Sopladora,2024-01-14,1314.51,90919,2026-08-16T04:54:12+00:00
Sopladora,2024-01-15,1315.07,90919,2026-08-16T04:54:12+00:00
Sopladora,2024-01-16,1314.64,90919,2026-08-16T04:54:12+00:00
Sopladora,2024-01-17,1316.1,90919,2026-08-16T04:54:12+00:00
Sopladora,2024-01-18,1316.55,90919,2026-08-16T04:54:12+00:00
Sopladora,2024-01-19,1316.91,90919,2026-08-16T04:54:12+00:00
Sopladora,2024-01-20,1316.09,90919,2026-08-16T04:54:12+00:00
Sopladora,2024-01-21,1316.44,90919,2026-08-16T04:54:12+00:00
Sopladora,2024-01-22,1316.39,90919,2026-08-16T04:54:12+00:00
Sopladora,2024-01-23,1316.71,90919,2026-08-16T04:54:12+00:00
Sopladora,2024-01-24,1316.51,90919,2026-08-16T04:54:12+00:00
Sopladora,2024-01-25,1316.38,90919,2026-08-16T04:54:12+00:00
Sopladora,2024-01-26,1317.14,90919,2026-08-16T04:54:12+00:00
Sopladora,2024-01-27,1316.77,90919,2026-08-16T04:54:12+00:00
Sopladora,2024-01-28,1316.65,90919,2026-08-16T04:54:12+00:00
Sopladora,2024-01-29,1316.42,90919,2026-08-16T04:54:12+00:00
Sopladora,2024-01-30,1316.57,90919,2026-08-16T04:54:12+00:00
Sopladora,2024-02-01,1316.52,90919,2026-08-16T04:54:15+00:00
Sopladora,2024-02-02,1316.73,90919,2026-08-16T04:54:15+00:00
Sopladora,2024-02-03,1315.42,90919,2026-08-16T04:54:15+00:00
Sopladora,2024-02-04,1314.67,90919,2026-08-16T04:54:15+00:00
Sopladora,2024-02-05,1314.11,90919,2026-08-16T04:54:15+00:00
Sopladora,2024-02-06,1315.94,90919,2026-08-16T04:54:15+00:00
Sopladora,2024-02-07,1315.19,90919,2026-08-16T04:54:15+00:00
Sopladora,2024-02-08,1316.09,90919,2026-08-16T04:54:15+00:00
Sopladora,2024-02-09,1315.54,90919,2026-08-16T04:54:15+00:00
Sopladora,2024-02-10,1314.19,90919,2026-08-16T04:54:15+00:00
Sopladora,2024-02-11,1315.03,90919,2026-08-16T04:54:15+00:00
Sopladora,2024-02-12,1315.26,90919,2026-08-16T04:54:15+00:00
Sopladora,2024-02-13,1314.79,90919,2026-08-16T04:54:15+00:00
Sopladora,2024-02-14,1314.92,90919,2026-08-16T04:54:15+00:00
Sopladora,2024-02-15,1315.59,90919,2026-08-16T04:54:15+00:00
Sopladora,2024-02-16,1316.27,90919,2026-08-16T04:54:15+00:00
Sopladora,2024-02-17,1316.19,90919,2026-08-16T04:54:15+00:00
Sopladora,2024-02-18,1316.22,90919,2026-08-16T04:54:15+00:00
Sopladora,2024-02-19,1315.8,90919,2026-08-16T04:54:15+00:00
Sopladora,2024-02-20,1314.87,90919,2026-08-16T04:54:15+00:00
Sopladora,2024-02-21,1316.16,90919,2026-08-16T04:54:15+00:00
Sopladora,2024-02-22,1315.71,90919,2026-08-16T04:54:15+00:00
Sopladora,2024-02-23,1316.36,90919,2026-08-16T04:54:15+00:00
Sopladora,2024-02-24,1316.31,90919,2026-08-16T04:54:15+00:00
Sopladora,2024-02-25,1315.59,90919,2026-08-16T04:54:15+00:00
Sopladora,2024-02-26,1314.99,90919,2026-08-16T04:54:15+00:00
Sopladora,2024-02-27,1315.77,90919,2026-08-16T04:54:15+00:00
Sopladora,2024-02-28,1316.03,90919,2026-08-16T04:54:15+00:00
Sopladora,2024-03-01,1314.77,90919,2026-08-16T04:54:18+00:00
Sopladora,2024-03-02,1315.26,90919,2026-08-16T04:54:18+00:00
Sopladora,2024-03-03,1315.61,90919,2026-08-16T04:54:18+00:00
Sopladora,2024-03-04,1314.58,90919,2026-08-16T04:54:18+00:00
Sopladora,2024-03-05,1313.87,90919,2026-08-16T04:54:18+00:00
Sopladora,2024-03-06,1315.64,90919,2026-08-16T04:54:18+00:00
Sopladora,2024-03-07,1314.78,90919,2026-08-16T04:54:18+00:00
Sopladora,2024-03-08,1317.15,90919,2026-08-16T04:54:18+00:00
Sopladora,2024-03-09,1314.04,90919,2026-08-16T04:54:18+00:00
Sopladora,2024-03-10,1315.08,90919,2026-08-16T04:54:18+00:00
Sopladora,2024-03-11,1314.7,90919,2026-08-16T04:54:18+00:00
Sopladora,2024-03-12,1315.22,90919,2026-08-16T04:54:18+00:00
Sopladora,2024-03-13,1316.13,90919,2026-08-16T04:54:18+00:00
Sopladora,2024-03-14,1315.65,90919,2026-08-16T04:54:18+00:00
Sopladora,2024-03-15,1315.98,90919,2026-08-16T04:54:18+00:00
Sopladora,2024-03-16,1316.02,90919,2026-08-16T04:54:18+00:00
Sopladora,2024-03-17,1313.78,90919,2026-08-16T04:54:18+00:00
Sopladora,2024-03-18,1315.76,90919,2026-08-16T04:54:18+00:00
Sopladora,2024-03-19,1314.84,90919,2026-08-16T04:54:18+00:00
Sopladora,2024-03-20,1313.96,90919,2026-08-16T04:54:18+00:00
Sopladora,2024-03-21,1315.77,90919,2026-08-16T04:54:18+00:00
Sopladora,2024-03-22,1314.94,90919,2026-08-16T04:54:18+00:00
Sopladora,2024-03-23,1314.43,90919,2026-08-16T04:54:18+00:00
Sopladora,2024-03-24,1314.53,90919,2026-08-16T04:54:18+00:00
Sopladora,2024-03-25,1316.2,90919,2026-08-16T04:54:18+00:00
Sopladora,2024-03-26,1317.1,90919,2026-08-16T04:54:18+00:00
Sopladora,2024-03-27,1316.44,90919,2026-08-16T04:54:18+00:00
Sopladora,2024-03-28,1316.77,90919,2026-08-16T04:54:18+00:00
Sopladora,2024-03-29,1315.39,90919,2026-08-16T04:54:18+00:00
Sopladora,2024-03-30,1314.7,90919,2026-08-16T04:54:18+00:00
Sopladora,2024-04-01,1315.12,90919,2026-08-16T04:54:21+00:00
Sopladora,2024-04-02,1314.05,90919,2026-08-16T04:54:21+00:00
Sopladora,2024-04-03,1315.0,90919,2026-08-16T04:54:21+00:00
Sopladora,2024-04-04,1313.83,90919,2026-08-16T04:54:21+00:00
Sopladora,2024-04-05,1314.73,90919,2026-08-16T04:54:21+00:00
Sopladora,2024-04-06,1315.46,90919,2026-08-16T04:54:21+00:00
Sopladora,2024-04-07,1315.58,90919,2026-08-16T04:54:21+00:00
Sopladora,2024-04-08,1315.02,90919,2026-08-16T04:54:21+00:00
Sopladora,2024-04-09,1314.04,90919,2026-08-16T04:54:21+00:00
Sopladora,2024-04-10,1315.0,90919,2026-08-16T04:54:21+00:00
Sopladora,2024-04-11,1314.57,90919,2026-08-16T04:54:21+00:00
Sopladora,2024-04-12,1315.98,90919,2026-08-16T04:54:21+00:00
Sopladora,2024-04-13,1314.55,90919,2026-08-16T04:54:21+00:00
Sopladora,2024-04-14,1314.68,90919,2026-08-16T04:54:21+00:00
Sopladora,2024-04-15,1315.37,90919,2026-08-16T04:54:21+00:00
Sopladora,2024-04-16,1315.75,90919,2026-08-16T04:54:21+00:00
Sopladora,2024-04-17,1315.75,90919,2026-08-16T04:54:21+00:00
Sopladora,2024-04-18,1315.65,90919,2026-08-16T04:54:21+00:00
Sopladora,2024-04-19,1313.41,90919,2026-08-16T04:54:21+00:00
Sopladora,2024-04-20,1315.34,90919,2026-08-16T04:54:21+00:00
Sopladora,2024-04-21,1315.39,90919,2026-08-16T04:54:21+00:00
Sopladora,2024-04-22,1314.79,90919,2026-08-16T04:54:21+00:00
Sopladora,2024-04-23,1315.25,90919,2026-08-16T04:54:21+00:00
Sopladora,2024-04-24,1314.99,90919,2026-08-16T04:54:21+00:00
Sopladora,2024-04-25,1315.85,90919,2026-08-16T04:54:21+00:00
Sopladora,2024-04-26,1315.09,90919,2026-08-16T04:54:21+00:00
Sopladora,2024-04-27,1315.02,90919,2026-08-16T04:54:21+00:00
Sopladora,2024-04-28,1314.04,90919,2026-08-16T04:54:21+00:00
Sopladora,2024-04-29,1314.85,90919,2026-08-16T04:54:21+00:00
Sopladora,2024-05-01,1314.96,90919,2026-08-16T04:54:24+00:00
Sopladora,2024-05-02,1315.65,90919,2026-08-16T04:54:24+00:00
Sopladora,2024-05-03,1314.77,90919,2026-08-16T04:54:24+00:00
Sopladora,2024-05-04,1314.39,90919,2026-08-16T04:54:24+00:00
Sopladora,2024-05-05,1314.82,90919,2026-08-16T04:54:24+00:00
Sopladora,2024-05-06,1315.36,90919,2026-08-16T04:54:24+00:00
Sopladora,2024-05-07,1315.05,90919,2026-08-16T04:54:24+00:00
Sopladora,2024-05-08,1314.51,90919,2026-08-16T04:54:24+00:00
Sopladora,2024-05-09,1313.74,90919,2026-08-16T04:54:24+00:00
Sopladora,2024-05-10,1314.57,90919,2026-08-16T04:54:24+00:00
Sopladora,2024-05-11,1314.93,90919,2026-08-16T04:54:24+00:00
Sopladora,2024-05-12,1315.44,90919,2026-08-16T04:54:24+00:00
Sopladora,2024-05-13,1314.62,90919,2026-08-16T04:54:24+00:00
Sopladora,2024-05-14,1314.67,90919,2026-08-16T04:54:24+00:00
Sopladora,2024-05-15,1315.69,90919,2026-08-16T04:54:24+00:00
Sopladora,2024-05-16,1314.74,90919,2026-08-16T04:54:24+00:00
Sopladora,2024-05-17,1313.98,90919,2026-08-16T04:54:24+00:00
Sopladora,2024-05-18,1314.11,90919,2026-08-16T04:54:24+00:00
Sopladora,2024-05-19,1314.79,90919,2026-08-16T04:54:24+00:00
Sopladora,2024-05-20,1314.77,90919,2026-08-16T04:54:24+00:00
Sopladora,2024-05-21,1314.24,90919,2026-08-16T04:54:24+00:00
Sopladora,2024-05-22,1316.33,90919,2026-08-16T04:54:24+00:00
Sopladora,2024-05-23,1315.03,90919,2026-08-16T04:54:24+00:00
Sopladora,2024-05-24,1314.57,90919,2026-08-16T04:54:24+00:00
Sopladora,2024-05-25,1314.7,90919,2026-08-16T04:54:24+00:00
Sopladora,2024-05-26,1315.44,90919,2026-08-16T04:54:24+00:00
Sopladora,2024-05-27,1314.26,90919,2026-08-16T04:54:24+00:00
Sopladora,2024-05-28,1314.91,90919,2026-08-16T04:54:24+00:00
Sopladora,2024-05-29,1315.35,90919,2026-08-16T04:54:24+00:00
Sopladora,2024-05-30,1314.94,90919,2026-08-16T04:54:24+00:00
Sopladora,2024-06-01,1315.33,90919,2026-08-16T04:54:27+00:00
Sopladora,2024-06-02,1315.29,90919,2026-08-16T04:54:27+00:00
Sopladora,2024-06-03,1314.76,90919,2026-08-16T04:54:27+00:00
Sopladora,2024-06-04,1315.11,90919,2026-08-16T04:54:27+00:00
Sopladora,2024-06-05,1315.01,90919,2026-08-16T04:54:27+00:00
Sopladora,2024-06-06,1314.28,90919,2026-08-16T04:54:27+00:00
Sopladora,2024-06-07,1315.82,90919,2026-08-16T04:54:27+00:00
Sopladora,2024-06-08,1317.24,90919,2026-08-16T04:54:27+00:00
Sopladora,2024-06-09,1314.83,90919,2026-08-16T04:54:27+00:00
Sopladora,2024-06-10,1314.37,90919,2026-08-16T04:54:27+00:00
Sopladora,2024-06-11,1315.82,90919,2026-08-16T04:54:27+00:00
Sopladora,2024-06-12,1315.09,90919,2026-08-16T04:54:27+00:00
Sopladora,2024-06-13,1315.44,90919,2026-08-16T04:54:27+00:00
Sopladora,2024-06-14,1316.85,90919,2026-08-16T04:54:27+00:00
Sopladora,2024-06-15,1315.94,90919,2026-08-16T04:54:27+00:00
Sopladora,2024-06-16,1317.35,90919,2026-08-16T04:54:27+00:00
Sopladora,2024-06-17,1317.21,90919,2026-08-16T04:54:27+00:00
Sopladora,2024-06-18,1317.23,90919,2026-08-16T04:54:27+00:00
Sopladora,2024-06-19,1316.67,90919,2026-08-16T04:54:27+00:00
Sopladora,2024-06-20,1316.61,90919,2026-08-16T04:54:27+00:00
Sopladora,2024-06-21,1317.12,90919,2026-08-16T04:54:27+00:00
Sopladora,2024-06-22,1316.44,90919,2026-08-16T04:54:27+00:00
Sopladora,2024-06-23,1316.74,90919,2026-08-16T04:54:27+00:00
Sopladora,2024-06-24,1315.28,90919,2026-08-16T04:54:27+00:00
Sopladora,2024-06-25,1315.77,90919,2026-08-16T04:54:27+00:00
Sopladora,2024-06-26,1314.67,90919,2026-08-16T04:54:27+00:00
Sopladora,2024-06-27,1315.64,90919,2026-08-16T04:54:27+00:00
Sopladora,2024-06-28,1316.58,90919,2026-08-16T04:54:27+00:00
Sopladora,2024-06-29,1316.39,90919,2026-08-16T04:54:27+00:00
Sopladora,2024-07-01,1314.93,90919,2026-08-16T04:54:30+00:00
Sopladora,2024-07-02,1314.28,90919,2026-08-16T04:54:30+00:00
Sopladora,2024-07-03,1316.28,90919,2026-08-16T04:54:30+00:00
Sopladora,2024-07-04,1314.32,90919,2026-08-16T04:54:30+00:00
Sopladora,2024-07-05,1315.39,90919,2026-08-16T04:54:30+00:00
Sopladora,2024-07-06,1316.35,90919,2026-08-16T04:54:30+00:00
Sopladora,2024-07-07,1315.01,90919,2026-08-16T04:54:30+00:00
Sopladora,2024-07-08,1314.75,90919,2026-08-16T04:54:30+00:00
Sopladora,2024-07-09,1314.58,90919,2026-08-16T04:54:30+00:00
Sopladora,2024-07-10,1314.92,90919,2026-08-16T04:54:30+00:00
Sopladora,2024-07-11,1314.74,90919,2026-08-16T04:54:30+00:00
Sopladora,2024-07-12,1313.94,90919,2026-08-16T04:54:30+00:00
Sopladora,2024-07-13,1314.7,90919,2026-08-16T04:54:30+00:00
Sopladora,2024-07-14,1313.79,90919,2026-08-16T04:54:30+00:00
Sopladora,2024-07-15,1315.43,90919,2026-08-16T04:54:30+00:00
Sopladora,2024-07-16,1314.24,90919,2026-08-16T04:54:30+00:00
Sopladora,2024-07-17,1314.53,90919,2026-08-16T04:54:30+00:00
Sopladora,2024-07-18,1314.16,90919,2026-08-16T04:54:30+00:00
Sopladora,2024-07-19,1314.57,90919,2026-08-16T04:54:30+00:00
Sopladora,2024-07-20,1315.92,90919,2026-08-16T04:54:30+00:00
Sopladora,2024-07-21,1315.37,90919,2026-08-16T04:54:30+00:00
Sopladora,2024-07-22,1314.38,90919,2026-08-16T04:54:30+00:00
Sopladora,2024-07-23,1314.59,90919,2026-08-16T04:54:30+00:00
Sopladora,2024-07-24,1314.43,90919,2026-08-16T04:54:30+00:00
Sopladora,2024-07-25,1314.11,90919,2026-08-16T04:54:30+00:00
Sopladora,2024-07-26,1315.64,90919,2026-08-16T04:54:30+00:00
Sopladora,2024-07-27,1315.23,90919,2026-08-16T04:54:30+00:00
Sopladora,2024-07-28,1315.34,90919,2026-08-16T04:54:30+00:00
Sopladora,2024-07-29,1315.88,90919,2026-08-16T04:54:30+00:00
Sopladora,2024-07-30,1315.09,90919,2026-08-16T04:54:30+00:00
Sopladora,2024-08-01,1316.19,90919,2026-08-16T04:54:33+00:00
Sopladora,2024-08-02,1315.35,90919,2026-08-16T04:54:33+00:00
Sopladora,2024-08-03,1315.29,90919,2026-08-16T04:54:33+00:00
Sopladora,2024-08-04,1315.43,90919,2026-08-16T04:54:33+00:00
Sopladora,2024-08-05,1315.44,90919,2026-08-16T04:54:33+00:00
Sopladora,2024-08-06,1314.99,90919,2026-08-16T04:54:33+00:00
Sopladora,2024-08-07,1314.32,90919,2026-08-16T04:54:33+00:00
Sopladora,2024-08-08,1315.47,90919,2026-08-16T04:54:33+00:00
Sopladora,2024-08-09,1315.34,90919,2026-08-16T04:54:33+00:00
Sopladora,2024-08-10,1315.51,90919,2026-08-16T04:54:33+00:00
Sopladora,2024-08-11,1315.56,90919,2026-08-16T04:54:33+00:00
Sopladora,2024-08-12,1315.35,90919,2026-08-16T04:54:33+00:00
Sopladora,2024-08-13,1315.52,90919,2026-08-16T04:54:33+00:00
Sopladora,2024-08-14,1315.58,90919,2026-08-16T04:54:33+00:00
Sopladora,2024-08-15,1315.54,90919,2026-08-16T04:54:33+00:00
Sopladora,2024-08-16,1313.92,90919,2026-08-16T04:54:33+00:00
Sopladora,2024-08-17,1314.37,90919,2026-08-16T04:54:33+00:00
Sopladora,2024-08-18,1315.28,90919,2026-08-16T04:54:33+00:00
Sopladora,2024-08-19,1315.42,90919,2026-08-16T04:54:33+00:00
Sopladora,2024-08-20,1314.97,90919,2026-08-16T04:54:33+00:00
Sopladora,2024-08-21,1314.29,90919,2026-08-16T04:54:33+00:00
Sopladora,2024-08-22,1314.76,90919,2026-08-16T04:54:33+00:00
Sopladora,2024-08-23,1314.92,90919,2026-08-16T04:54:33+00:00
Sopladora,2024-08-24,1314.88,90919,2026-08-16T04:54:33+00:00
Sopladora,2024-08-25,1313.75,90919,2026-08-16T04:54:33+00:00
Sopladora,2024-08-26,1314.05,90919,2026-08-16T04:54:33+00:00
Sopladora,2024-08-27,1315.71,90919,2026-08-16T04:54:33+00:00
Sopladora,2024-08-28,1314.49,90919,2026-08-16T04:54:33+00:00
Sopladora,2024-08-29,1313.8,90919,2026-08-16T04:54:33+00:00
Sopladora,2024-08-30,1314.77,90919,2026-08-16T04:54:33+00:00
Sopladora,2024-09-01,1315.34,90919,2026-08-16T04:54:36+00:00
Sopladora,2024-09-02,1313.99,90919,2026-08-16T04:54:36+00:00
Sopladora,2024-09-03,1315.39,90919,2026-08-16T04:54:36+00:00
Sopladora,2024-09-04,1315.63,90919,2026-08-16T04:54:36+00:00
Sopladora,2024-09-05,1314.54,90919,2026-08-16T04:54:36+00:00
Sopladora,2024-09-06,1314.77,90919,2026-08-16T04:54:36+00:00
Sopladora,2024-09-07,1315.43,90919,2026-08-16T04:54:36+00:00
Sopladora,2024-09-08,1315.3,90919,2026-08-16T04:54:36+00:00
Sopladora,2024-09-09,1314.19,90919,2026-08-16T04:54:36+00:00
Sopladora,2024-09-10,1315.0,90919,2026-08-16T04:54:36+00:00
Sopladora,2024-09-11,1316.1,90919,2026-08-16T04:54:36+00:00
Sopladora,2024-09-12,1316.41,90919,2026-08-16T04:54:36+00:00
Sopladora,2024-09-13,1316.12,90919,2026-08-16T04:54:36+00:00
Sopladora,2024-09-14,1315.42,90919,2026-08-16T04:54:36+00:00
Sopladora,2024-09-15,1315.11,90919,2026-08-16T04:54:36+00:00
Sopladora,2024-09-16,1315.24,90919,2026-08-16T04:54:36+00:00
Sopladora,2024-09-17,1314.69,90919,2026-08-16T04:54:36+00:00
Sopladora,2024-09-18,1315.03,90919,2026-08-16T04:54:36+00:00
Sopladora,2024-09-19,1315.08,90919,2026-08-16T04:54:36+00:00
Sopladora,2024-09-20,1314.85,90919,2026-08-16T04:54:36+00:00
Sopladora,2024-09-21,1315.62,90919,2026-08-16T04:54:36+00:00
Sopladora,2024-09-22,1315.02,90919,2026-08-16T04:54:36+00:00
Sopladora,2024-09-23,1315.02,90919,2026-08-16T04:54:36+00:00
Sopladora,2024-09-24,1314.14,90919,2026-08-16T04:54:36+00:00
Sopladora,2024-09-25,1315.29,90919,2026-08-16T04:54:36+00:00
Sopladora,2024-09-26,1315.07,90919,2026-08-16T04:54:36+00:00
Sopladora,2024-09-27,1315.34,90919,2026-08-16T04:54:36+00:00
Sopladora,2024-09-28,1315.39,90919,2026-08-16T04:54:36+00:00
Sopladora,2024-09-29,1315.88,90919,2026-08-16T04:54:36+00:00
Sopladora,2024-10-01,1315.08,90919,2026-08-16T04:54:40+00:00
Sopladora,2024-10-02,1315.35,90919,2026-08-16T04:54:40+00:00
Sopladora,2024-10-03,1314.5,90919,2026-08-16T04:54:40+00:00
Sopladora,2024-10-04,1314.63,90919,2026-08-16T04:54:40+00:00
Sopladora,2024-10-05,1314.97,90919,2026-08-16T04:54:40+00:00
Sopladora,2024-10-06,1315.51,90919,2026-08-16T04:54:40+00:00
Sopladora,2024-10-07,1316.35,90919,2026-08-16T04:54:40+00:00
Sopladora,2024-10-08,1316.3,90919,2026-08-16T04:54:40+00:00
Sopladora,2024-10-09,1315.52,90919,2026-08-16T04:54:40+00:00
Sopladora,2024-10-10,1314.76,90919,2026-08-16T04:54:40+00:00
Sopladora,2024-10-11,1315.08,90919,2026-08-16T04:54:40+00:00
Sopladora,2024-10-12,1315.05,90919,2026-08-16T04:54:40+00:00
Sopladora,2024-10-13,1315.27,90919,2026-08-16T04:54:40+00:00
Sopladora,2024-10-14,1315.37,90919,2026-08-16T04:54:40+00:00
Sopladora,2024-10-15,1314.73,90919,2026-08-16T04:54:40+00:00
Sopladora,2024-10-16,1315.56,90919,2026-08-16T04:54:40+00:00
Sopladora,2024-10-17,1315.49,90919,2026-08-16T04:54:40+00:00
Sopladora,2024-10-18,1315.09,90919,2026-08-16T04:54:40+00:00
Sopladora,2024-10-19,1315.11,90919,2026-08-16T04:54:40+00:00
Sopladora,2024-10-20,1314.86,90919,2026-08-16T04:54:40+00:00
Sopladora,2024-10-21,1314.87,90919,2026-08-16T04:54:40+00:00
Sopladora,2024-10-22,1315.81,90919,2026-08-16T04:54:40+00:00
Sopladora,2024-10-23,1314.74,90919,2026-08-16T04:54:40+00:00
Sopladora,2024-10-24,1315.48,90919,2026-08-16T04:54:40+00:00
Sopladora,2024-10-25,1314.97,90919,2026-08-16T04:54:40+00:00
Sopladora,2024-10-26,1314.93,90919,2026-08-16T04:54:40+00:00
Sopladora,2024-10-27,1315.35,90919,2026-08-16T04:54:40+00:00
Sopladora,2024-10-28,1314.98,90919,2026-08-16T04:54:40+00:00
Sopladora,2024-10-29,1315.16,90919,2026-08-16T04:54:40+00:00
Sopladora,2024-10-30,1315.21,90919,2026-08-16T04:54:40+00:00
Sopladora,2024-11-01,1315.07,90919,2026-08-16T04:54:43+00:00
Sopladora,2024-11-02,1314.89,90919,2026-08-16T04:54:43+00:00
Sopladora,2024-11-03,1315.17,90919,2026-08-16T04:54:43+00:00
Sopladora,2024-11-04,1315.34,90919,2026-08-16T04:54:43+00:00
Sopladora,2024-11-05,1314.46,90919,2026-08-16T04:54:43+00:00
Sopladora,2024-11-06,1315.25,90919,2026-08-16T04:54:43+00:00
Sopladora,2024-11-07,1315.73,90919,2026-08-16T04:54:43+00:00
Sopladora,2024-11-08,1315.11,90919,2026-08-16T04:54:43+00:00
Sopladora,2024-11-09,1315.71,90919,2026-08-16T04:54:43+00:00
Sopladora,2024-11-10,1314.37,90919,2026-08-16T04:54:43+00:00
Sopladora,2024-11-11,1315.37,90919,2026-08-16T04:54:43+00:00
Sopladora,2024-11-12,1313.82,90919,2026-08-16T04:54:43+00:00
Sopladora,2024-11-13,1314.56,90919,2026-08-16T04:54:43+00:00
Sopladora,2024-11-14,1315.06,90919,2026-08-16T04:54:43+00:00
Sopladora,2024-11-15,1314.8,90919,2026-08-16T04:54:43+00:00
Sopladora,2024-11-16,1315.77,90919,2026-08-16T04:54:43+00:00
Sopladora,2024-11-17,1315.78,90919,2026-08-16T04:54:43+00:00
Sopladora,2024-11-18,1315.14,90919,2026-08-16T04:54:43+00:00
Sopladora,2024-11-19,1314.69,90919,2026-08-16T04:54:43+00:00
Sopladora,2024-11-20,1314.56,90919,2026-08-16T04:54:43+00:00
Sopladora,2024-11-21,1315.78,90919,2026-08-16T04:54:43+00:00
Sopladora,2024-11-22,1315.68,90919,2026-08-16T04:54:43+00:00
Sopladora,2024-11-23,1315.69,90919,2026-08-16T04:54:43+00:00
Sopladora,2024-11-24,1315.69,90919,2026-08-16T04:54:43+00:00
Sopladora,2024-11-25,1314.68,90919,2026-08-16T04:54:43+00:00
Sopladora,2024-11-26,1315.49,90919,2026-08-16T04:54:43+00:00
Sopladora,2024-11-27,1315.37,90919,2026-08-16T04:54:43+00:00
Sopladora,2024-11-28,1313.88,90919,2026-08-16T04:54:43+00:00
Sopladora,2024-11-29,1313.76,90919,2026-08-16T04:54:43+00:00
Sopladora,2024-12-01,1315.21,90919,2026-08-16T04:54:46+00:00
Sopladora,2024-12-02,1314.31,90919,2026-08-16T04:54:46+00:00
Sopladora,2024-12-03,1315.04,90919,2026-08-16T04:54:46+00:00
Sopladora,2024-12-04,1314.65,90919,2026-08-16T04:54:46+00:00
Sopladora,2024-12-05,1314.67,90919,2026-08-16T04:54:46+00:00
Sopladora,2024-12-06,1314.96,90919,2026-08-16T04:54:46+00:00
Sopladora,2024-12-07,1314.21,90919,2026-08-16T04:54:46+00:00
Sopladora,2024-12-08,1314.21,90919,2026-08-16T04:54:46+00:00
Sopladora,2024-12-09,1315.26,90919,2026-08-16T04:54:46+00:00
Sopladora,2024-12-10,1315.22,90919,2026-08-16T04:54:46+00:00
Sopladora,2024-12-11,1315.77,90919,2026-08-16T04:54:46+00:00
Sopladora,2024-12-12,1314.88,90919,2026-08-16T04:54:46+00:00
Sopladora,2024-12-13,1314.9,90919,2026-08-16T04:54:46+00:00
Sopladora,2024-12-14,1315.01,90919,2026-08-16T04:54:46+00:00
Sopladora,2024-12-15,1315.24,90919,2026-08-16T04:54:46+00:00
Sopladora,2024-12-16,1314.39,90919,2026-08-16T04:54:46+00:00
Sopladora,2024-12-17,1314.77,90919,2026-08-16T04:54:46+00:00
Sopladora,2024-12-18,1315.02,90919,2026-08-16T04:54:46+00:00
Sopladora,2024-12-19,1315.09,90919,2026-08-16T04:54:46+00:00
Sopladora,2024-12-20,1314.84,90919,2026-08-16T04:54:46+00:00
Sopladora,2024-12-21,1315.7,90919,2026-08-16T04:54:46+00:00
Sopladora,2024-12-22,1315.24,90919,2026-08-16T04:54:46+00:00
Sopladora,2024-12-23,1314.33,90919,2026-08-16T04:54:46+00:00
Sopladora,2024-12-24,1315.13,90919,2026-08-16T04:54:46+00:00
Sopladora,2024-12-25,1314.65,90919,2026-08-16T04:54:46+00:00
Sopladora,2024-12-26,1314.79,90919,2026-08-16T04:54:46+00:00
Sopladora,2024-12-27,1315.39,90919,2026-08-16T04:54:46+00:00
Sopladora,2024-12-28,1314.94,90919,2026-08-16T04:54:46+00:00
Sopladora,2024-12-29,1315.48,90919,2026-08-16T04:54:46+00:00
Sopladora,2024-12-30,1314.68,90919,2026-08-16T04:54:46+00:00
Sopladora,2025-01-01,1315.63,90919,2026-08-16T04:54:49+00:00
Sopladora,2025-01-02,1315.55,90919,2026-08-16T04:54:49+00:00
Sopladora,2025-01-03,1314.88,90919,2026-08-16T04:54:49+00:00
Sopladora,2025-01-04,1314.94,90919,2026-08-16T04:54:49+00:00
Sopladora,2025-01-05,1315.79,90919,2026-08-16T04:54:49+00:00
Sopladora,2025-01-06,1314.24,90919,2026-08-16T04:54:49+00:00
Sopladora,2025-01-07,1315.33,90919,2026-08-16T04:54:49+00:00
Sopladora,2025-01-08,1315.65,90919,2026-08-16T04:54:49+00:00
Sopladora,2025-01-09,1314.62,90919,2026-08-16T04:54:49+00:00
Sopladora,2025-01-10,1314.97,90919,2026-08-16T04:54:49+00:00
Sopladora,2025-01-11,1315.11,90919,2026-08-16T04:54:49+00:00
Sopladora,2025-01-12,1314.5,90919,2026-08-16T04:54:49+00:00
Sopladora,2025-01-13,1313.77,90919,2026-08-16T04:54:49+00:00
Sopladora,2025-01-14,1314.47,90919,2026-08-16T04:54:49+00:00
Sopladora,2025-01-15,1314.2,90919,2026-08-16T04:54:49+00:00
Sopladora,2025-01-16,1314.72,90919,2026-08-16T04:54:49+00:00
Sopladora,2025-01-17,1315.39,90919,2026-08-16T04:54:49+00:00
Sopladora,2025-01-18,1314.98,90919,2026-08-16T04:54:49+00:00
Sopladora,2025-01-19,1314.31,90919,2026-08-16T04:54:49+00:00
Sopladora,2025-01-20,1315.39,90919,2026-08-16T04:54:49+00:00
Sopladora,2025-01-21,1314.2,90919,2026-08-16T04:54:49+00:00
Sopladora,2025-01-22,1314.69,90919,2026-08-16T04:54:49+00:00
Sopladora,2025-01-23,1315.13,90919,2026-08-16T04:54:49+00:00
Sopladora,2025-01-24,1314.94,90919,2026-08-16T04:54:49+00:00
Sopladora,2025-01-25,1315.42,90919,2026-08-16T04:54:49+00:00
Sopladora,2025-01-26,1315.97,90919,2026-08-16T04:54:49+00:00
Sopladora,2025-01-27,1314.84,90919,2026-08-16T04:54:49+00:00
Sopladora,2025-01-28,1314.84,90919,2026-08-16T04:54:49+00:00
Sopladora,2025-01-29,1314.87,90919,2026-08-16T04:54:49+00:00
Sopladora,2025-01-30,1315.19,90919,2026-08-16T04:54:49+00:00
Sopladora,2025-02-01,1314.97,90919,2026-08-16T04:54:52+00:00
Sopladora,2025-02-02,1315.48,90919,2026-08-16T04:54:52+00:00
Sopladora,2025-02-03,1315.3,90919,2026-08-16T04:54:52+00:00
Sopladora,2025-02-04,1315.6,90919,2026-08-16T04:54:52+00:00
Sopladora,2025-02-05,1315.14,90919,2026-08-16T04:54:52+00:00
Sopladora,2025-02-06,1315.47,90919,2026-08-16T04:54:52+00:00
Sopladora,2025-02-07,1314.5,90919,2026-08-16T04:54:52+00:00
Sopladora,2025-02-08,1314.95,90919,2026-08-16T04:54:52+00:00
Sopladora,2025-02-09,1315.06,90919,2026-08-16T04:54:52+00:00
Sopladora,2025-02-10,1315.5,90919,2026-08-16T04:54:52+00:00
Sopladora,2025-02-11,1315.15,90919,2026-08-16T04:54:52+00:00
Sopladora,2025-02-12,1314.65,90919,2026-08-16T04:54:52+00:00
Sopladora,2025-02-13,1315.77,90919,2026-08-16T04:54:52+00:00
Sopladora,2025-02-14,1316.56,90919,2026-08-16T04:54:52+00:00
Sopladora,2025-02-15,1313.95,90919,2026-08-16T04:54:52+00:00
Sopladora,2025-02-16,1314.95,90919,2026-08-16T04:54:52+00:00
Sopladora,2025-02-17,1315.12,90919,2026-08-16T04:54:52+00:00
Sopladora,2025-02-18,1314.6,90919,2026-08-16T04:54:52+00:00
Sopladora,2025-02-19,1313.99,90919,2026-08-16T04:54:52+00:00
Sopladora,2025-02-20,1315.08,90919,2026-08-16T04:54:52+00:00
Sopladora,2025-02-21,1315.27,90919,2026-08-16T04:54:52+00:00
Sopladora,2025-02-22,1315.46,90919,2026-08-16T04:54:52+00:00
Sopladora,2025-02-23,1314.19,90919,2026-08-16T04:54:52+00:00
Sopladora,2025-02-24,1315.14,90919,2026-08-16T04:54:52+00:00
Sopladora,2025-02-25,1313.97,90919,2026-08-16T04:54:52+00:00
Sopladora,2025-02-26,1314.42,90919,2026-08-16T04:54:52+00:00
Sopladora,2025-02-27,1313.94,90919,2026-08-16T04:54:52+00:00
Sopladora,2025-03-01,1314.71,90919,2026-08-16T04:54:55+00:00
Sopladora,2025-03-02,1314.37,90919,2026-08-16T04:54:55+00:00
Sopladora,2025-03-03,1314.27,90919,2026-08-16T04:54:55+00:00
Sopladora,2025-03-04,1314.72,90919,2026-08-16T04:54:55+00:00
Sopladora,2025-03-05,1315.29,90919,2026-08-16T04:54:55+00:00
Sopladora,2025-03-06,1315.19,90919,2026-08-16T04:54:55+00:00
Sopladora,2025-03-07,1315.72,90919,2026-08-16T04:54:55+00:00
Sopladora,2025-03-08,1315.65,90919,2026-08-16T04:54:55+00:00
Sopladora,2025-03-09,1315.45,90919,2026-08-16T04:54:55+00:00
Sopladora,2025-03-10,1315.58,90919,2026-08-16T04:54:55+00:00
Sopladora,2025-03-11,1314.46,90919,2026-08-16T04:54:55+00:00
Sopladora,2025-03-12,1314.09,90919,2026-08-16T04:54:55+00:00
Sopladora,2025-03-13,1315.54,90919,2026-08-16T04:54:55+00:00
Sopladora,2025-03-14,1314.33,90919,2026-08-16T04:54:55+00:00
Sopladora,2025-03-15,1314.04,90919,2026-08-16T04:54:55+00:00
Sopladora,2025-03-16,1315.25,90919,2026-08-16T04:54:55+00:00
Sopladora,2025-03-17,1315.36,90919,2026-08-16T04:54:55+00:00
Sopladora,2025-03-18,1314.43,90919,2026-08-16T04:54:55+00:00
Sopladora,2025-03-19,1314.49,90919,2026-08-16T04:54:55+00:00
Sopladora,2025-03-20,1314.84,90919,2026-08-16T04:54:55+00:00
Sopladora,2025-03-21,1314.67,90919,2026-08-16T04:54:55+00:00
Sopladora,2025-03-22,1315.0,90919,2026-08-16T04:54:55+00:00
Sopladora,2025-03-23,1314.4,90919,2026-08-16T04:54:55+00:00
Sopladora,2025-03-24,1315.14,90919,2026-08-16T04:54:55+00:00
Sopladora,2025-03-25,1314.6,90919,2026-08-16T04:54:55+00:00
Sopladora,2025-03-26,1315.57,90919,2026-08-16T04:54:55+00:00
Sopladora,2025-03-27,1314.4,90919,2026-08-16T04:54:55+00:00
Sopladora,2025-03-28,1315.35,90919,2026-08-16T04:54:55+00:00
Sopladora,2025-03-29,1315.61,90919,2026-08-16T04:54:55+00:00
Sopladora,2025-03-30,1314.37,90919,2026-08-16T04:54:55+00:00
Sopladora,2025-04-01,1315.07,90919,2026-08-16T04:54:58+00:00
Sopladora,2025-04-02,1314.84,90919,2026-08-16T04:54:58+00:00
Sopladora,2025-04-03,1314.81,90919,2026-08-16T04:54:58+00:00
Sopladora,2025-04-04,1314.65,90919,2026-08-16T04:54:58+00:00
Sopladora,2025-04-05,1313.91,90919,2026-08-16T04:54:58+00:00
Sopladora,2025-04-06,1316.03,90919,2026-08-16T04:54:58+00:00
Sopladora,2025-04-07,1315.81,90919,2026-08-16T04:54:58+00:00
Sopladora,2025-04-08,1315.13,90919,2026-08-16T04:54:58+00:00
Sopladora,2025-04-09,1314.67,90919,2026-08-16T04:54:58+00:00
Sopladora,2025-04-10,1316.02,90919,2026-08-16T04:54:58+00:00
Sopladora,2025-04-11,1314.82,90919,2026-08-16T04:54:58+00:00
Sopladora,2025-04-12,1315.82,90919,2026-08-16T04:54:58+00:00
Sopladora,2025-04-13,1315.93,90919,2026-08-16T04:54:58+00:00
Sopladora,2025-04-14,1314.37,90919,2026-08-16T04:54:58+00:00
Sopladora,2025-04-15,1314.14,90919,2026-08-16T04:54:58+00:00
Sopladora,2025-04-16,1315.25,90919,2026-08-16T04:54:58+00:00
Sopladora,2025-04-17,1315.7,90919,2026-08-16T04:54:58+00:00
Sopladora,2025-04-18,1314.55,90919,2026-08-16T04:54:58+00:00
Sopladora,2025-04-19,1315.72,90919,2026-08-16T04:54:58+00:00
Sopladora,2025-04-20,1314.27,90919,2026-08-16T04:54:58+00:00
Sopladora,2025-04-21,1315.87,90919,2026-08-16T04:54:58+00:00
Sopladora,2025-04-22,1315.02,90919,2026-08-16T04:54:58+00:00
Sopladora,2025-04-23,1315.92,90919,2026-08-16T04:54:58+00:00
Sopladora,2025-04-24,1315.6,90919,2026-08-16T04:54:58+00:00
Sopladora,2025-04-25,1314.37,90919,2026-08-16T04:54:58+00:00
Sopladora,2025-04-26,1316.34,90919,2026-08-16T04:54:58+00:00
Sopladora,2025-04-27,1314.43,90919,2026-08-16T04:54:58+00:00
Sopladora,2025-04-28,1316.23,90919,2026-08-16T04:54:58+00:00
Sopladora,2025-04-29,1315.2,90919,2026-08-16T04:54:58+00:00
Sopladora,2025-05-01,1315.93,90919,2026-08-16T04:55:01+00:00
Sopladora,2025-05-02,1314.8,90919,2026-08-16T04:55:01+00:00
Sopladora,2025-05-03,1316.07,90919,2026-08-16T04:55:01+00:00
Sopladora,2025-05-04,1314.67,90919,2026-08-16T04:55:01+00:00
Sopladora,2025-05-05,1315.02,90919,2026-08-16T04:55:01+00:00
Sopladora,2025-05-06,1315.63,90919,2026-08-16T04:55:01+00:00
Sopladora,2025-05-07,1315.79,90919,2026-08-16T04:55:01+00:00
Sopladora,2025-05-08,1314.6,90919,2026-08-16T04:55:01+00:00
Sopladora,2025-05-09,1315.04,90919,2026-08-16T04:55:01+00:00
Sopladora,2025-05-10,1316.66,90919,2026-08-16T04:55:01+00:00
Sopladora,2025-05-11,1316.29,90919,2026-08-16T04:55:01+00:00
Sopladora,2025-05-12,1316.11,90919,2026-08-16T04:55:01+00:00
Sopladora,2025-05-13,1316.59,90919,2026-08-16T04:55:01+00:00
Sopladora,2025-05-14,1314.21,90919,2026-08-16T04:55:01+00:00
Sopladora,2025-05-15,1315.37,90919,2026-08-16T04:55:01+00:00
Sopladora,2025-05-16,1315.24,90919,2026-08-16T04:55:01+00:00
Sopladora,2025-05-17,1315.09,90919,2026-08-16T04:55:01+00:00
Sopladora,2025-05-18,1315.39,90919,2026-08-16T04:55:01+00:00
Sopladora,2025-05-19,1315.87,90919,2026-08-16T04:55:01+00:00
Sopladora,2025-05-20,1315.01,90919,2026-08-16T04:55:01+00:00
Sopladora,2025-05-21,1315.88,90919,2026-08-16T04:55:01+00:00
Sopladora,2025-05-22,1315.76,90919,2026-08-16T04:55:01+00:00
Sopladora,2025-05-23,1316.11,90919,2026-08-16T04:55:01+00:00
Sopladora,2025-05-24,1316.23,90919,2026-08-16T04:55:01+00:00
Sopladora,2025-05-25,1315.91,90919,2026-08-16T04:55:01+00:00
Sopladora,2025-05-26,1316.03,90919,2026-08-16T04:55:01+00:00
Sopladora,2025-05-27,1316.14,90919,2026-08-16T04:55:01+00:00
Sopladora,2025-05-28,1316.14,90919,2026-08-16T04:55:01+00:00
Sopladora,2025-05-29,1314.8,90919,2026-08-16T04:55:01+00:00
Sopladora,2025-05-30,1314.93,90919,2026-08-16T04:55:01+00:00
Sopladora,2025-06-01,1316.09,90919,2026-08-16T04:55:04+00:00
Sopladora,2025-06-02,1315.76,90919,2026-08-16T04:55:04+00:00
Sopladora,2025-06-03,1314.62,90919,2026-08-16T04:55:04+00:00
Sopladora,2025-06-04,1315.02,90919,2026-08-16T04:55:04+00:00
Sopladora,2025-06-05,1315.93,90919,2026-08-16T04:55:04+00:00
Sopladora,2025-06-06,1316.0,90919,2026-08-16T04:55:04+00:00
Sopladora,2025-06-07,1314.92,90919,2026-08-16T04:55:04+00:00
Sopladora,2025-06-08,1316.14,90919,2026-08-16T04:55:04+00:00
Sopladora,2025-06-09,1316.21,90919,2026-08-16T04:55:04+00:00
Sopladora,2025-06-10,1315.93,90919,2026-08-16T04:55:04+00:00
Sopladora,2025-06-11,1315.25,90919,2026-08-16T04:55:04+00:00
Sopladora,2025-06-12,1315.5,90919,2026-08-16T04:55:04+00:00
Sopladora,2025-06-13,1315.73,90919,2026-08-16T04:55:04+00:00
Sopladora,2025-06-14,1315.31,90919,2026-08-16T04:55:04+00:00
Sopladora,2025-06-15,1314.88,90919,2026-08-16T04:55:04+00:00
Sopladora,2025-06-16,1315.51,90919,2026-08-16T04:55:04+00:00
Sopladora,2025-06-17,1314.63,90919,2026-08-16T04:55:04+00:00
Sopladora,2025-06-18,1315.72,90919,2026-08-16T04:55:04+00:00
Sopladora,2025-06-19,1316.0,90919,2026-08-16T04:55:04+00:00
Sopladora,2025-06-20,1316.07,90919,2026-08-16T04:55:04+00:00
Sopladora,2025-06-21,1316.22,90919,2026-08-16T04:55:04+00:00
Sopladora,2025-06-22,1316.1,90919,2026-08-16T04:55:04+00:00
Sopladora,2025-06-23,1314.72,90919,2026-08-16T04:55:04+00:00
Sopladora,2025-06-24,1313.71,90919,2026-08-16T04:55:04+00:00
Sopladora,2025-06-25,1315.36,90919,2026-08-16T04:55:04+00:00
Sopladora,2025-06-26,1316.96,90919,2026-08-16T04:55:04+00:00
Sopladora,2025-06-27,1315.93,90919,2026-08-16T04:55:04+00:00
Sopladora,2025-06-28,1316.26,90919,2026-08-16T04:55:04+00:00
Sopladora,2025-06-29,1316.28,90919,2026-08-16T04:55:04+00:00
Sopladora,2025-07-01,1315.07,90919,2026-08-16T04:55:07+00:00
Sopladora,2025-07-02,1316.14,90919,2026-08-16T04:55:07+00:00
Sopladora,2025-07-03,1316.23,90919,2026-08-16T04:55:07+00:00
Sopladora,2025-07-04,1316.03,90919,2026-08-16T04:55:07+00:00
Sopladora,2025-07-05,1316.18,90919,2026-08-16T04:55:07+00:00
Sopladora,2025-07-06,1315.2,90919,2026-08-16T04:55:07+00:00
Sopladora,2025-07-07,1316.21,90919,2026-08-16T04:55:07+00:00
Sopladora,2025-07-08,1315.73,90919,2026-08-16T04:55:07+00:00
Sopladora,2025-07-09,1315.13,90919,2026-08-16T04:55:07+00:00
Sopladora,2025-07-10,1316.27,90919,2026-08-16T04:55:07+00:00
Sopladora,2025-07-11,1315.43,90919,2026-08-16T04:55:07+00:00
Sopladora,2025-07-12,1315.83,90919,2026-08-16T04:55:07+00:00
Sopladora,2025-07-13,1315.35,90919,2026-08-16T04:55:07+00:00
Sopladora,2025-07-14,1315.4,90919,2026-08-16T04:55:07+00:00
Sopladora,2025-07-15,1316.18,90919,2026-08-16T04:55:07+00:00
Sopladora,2025-07-16,1315.24,90919,2026-08-16T04:55:07+00:00
Sopladora,2025-07-17,1314.89,90919,2026-08-16T04:55:07+00:00
Sopladora,2025-07-18,1316.14,90919,2026-08-16T04:55:07+00:00
Sopladora,2025-07-19,1316.11,90919,2026-08-16T04:55:07+00:00
Sopladora,2025-07-20,1316.21,90919,2026-08-16T04:55:07+00:00
Sopladora,2025-07-21,1315.72,90919,2026-08-16T04:55:07+00:00
Sopladora,2025-07-22,1316.21,90919,2026-08-16T04:55:07+00:00
Sopladora,2025-07-23,1316.33,90919,2026-08-16T04:55:07+00:00
Sopladora,2025-07-24,1315.57,90919,2026-08-16T04:55:07+00:00
Sopladora,2025-07-25,1314.95,90919,2026-08-16T04:55:07+00:00
Sopladora,2025-07-26,1315.86,90919,2026-08-16T04:55:07+00:00
Sopladora,2025-07-27,1316.28,90919,2026-08-16T04:55:07+00:00
Sopladora,2025-07-28,1316.15,90919,2026-08-16T04:55:07+00:00
Sopladora,2025-07-29,1315.39,90919,2026-08-16T04:55:07+00:00
Sopladora,2025-07-30,1316.03,90919,2026-08-16T04:55:07+00:00
Sopladora,2025-08-01,1315.81,90919,2026-08-16T04:55:10+00:00
Sopladora,2025-08-02,1314.6,90919,2026-08-16T04:55:10+00:00
Sopladora,2025-08-03,1315.2,90919,2026-08-16T04:55:10+00:00
Sopladora,2025-08-04,1315.61,90919,2026-08-16T04:55:10+00:00
Sopladora,2025-08-05,1316.06,90919,2026-08-16T04:55:10+00:00
Sopladora,2025-08-06,1316.0,90919,2026-08-16T04:55:10+00:00
Sopladora,2025-08-07,1315.57,90919,2026-08-16T04:55:10+00:00
Sopladora,2025-08-08,1314.73,90919,2026-08-16T04:55:10+00:00
Sopladora,2025-08-09,1315.29,90919,2026-08-16T04:55:10+00:00
Sopladora,2025-08-10,1314.87,90919,2026-08-16T04:55:10+00:00
Sopladora,2025-08-11,1314.65,90919,2026-08-16T04:55:10+00:00
Sopladora,2025-08-12,1315.39,90919,2026-08-16T04:55:10+00:00
Sopladora,2025-08-13,1316.11,90919,2026-08-16T04:55:10+00:00
Sopladora,2025-08-14,1315.36,90919,2026-08-16T04:55:10+00:00
Sopladora,2025-08-15,1316.28,90919,2026-08-16T04:55:10+00:00
Sopladora,2025-08-16,1316.14,90919,2026-08-16T04:55:10+00:00
Sopladora,2025-08-17,1316.33,90919,2026-08-16T04:55:10+00:00
Sopladora,2025-08-18,1316.27,90919,2026-08-16T04:55:10+00:00
Sopladora,2025-08-19,1314.5,90919,2026-08-16T04:55:10+00:00
Sopladora,2025-08-20,1315.31,90919,2026-08-16T04:55:10+00:00
Sopladora,2025-08-21,1315.23,90919,2026-08-16T04:55:10+00:00
Sopladora,2025-08-22,1315.25,90919,2026-08-16T04:55:10+00:00
Sopladora,2025-08-23,1315.03,90919,2026-08-16T04:55:10+00:00
Sopladora,2025-08-24,1314.67,90919,2026-08-16T04:55:10+00:00
Sopladora,2025-08-25,1316.38,90919,2026-08-16T04:55:10+00:00
Sopladora,2025-08-26,1314.27,90919,2026-08-16T04:55:10+00:00
Sopladora,2025-08-27,1315.56,90919,2026-08-16T04:55:10+00:00
Sopladora,2025-08-28,1315.48,90919,2026-08-16T04:55:10+00:00
Sopladora,2025-08-29,1314.77,90919,2026-08-16T04:55:10+00:00
Sopladora,2025-08-30,1315.14,90919,2026-08-16T04:55:10+00:00
Sopladora,2025-09-01,1315.08,90919,2026-08-16T04:55:12+00:00
Sopladora,2025-09-02,1316.2,90919,2026-08-16T04:55:12+00:00
Sopladora,2025-09-03,1316.36,90919,2026-08-16T04:55:12+00:00
Sopladora,2025-09-04,1315.98,90919,2026-08-16T04:55:12+00:00
Sopladora,2025-09-05,1315.3,90919,2026-08-16T04:55:12+00:00
Sopladora,2025-09-06,1315.18,90919,2026-08-16T04:55:12+00:00
Sopladora,2025-09-07,1315.19,90919,2026-08-16T04:55:12+00:00
Sopladora,2025-09-08,1315.79,90919,2026-08-16T04:55:12+00:00
Sopladora,2025-09-09,1314.34,90919,2026-08-16T04:55:12+00:00
Sopladora,2025-09-10,1316.23,90919,2026-08-16T04:55:12+00:00
Sopladora,2025-09-11,1315.98,90919,2026-08-16T04:55:12+00:00
Sopladora,2025-09-12,1315.68,90919,2026-08-16T04:55:12+00:00
Sopladora,2025-09-13,1314.84,90919,2026-08-16T04:55:12+00:00
Sopladora,2025-09-14,1314.98,90919,2026-08-16T04:55:12+00:00
Sopladora,2025-09-15,1315.06,90919,2026-08-16T04:55:12+00:00
Sopladora,2025-09-16,1315.48,90919,2026-08-16T04:55:12+00:00
Sopladora,2025-09-17,1315.97,90919,2026-08-16T04:55:12+00:00
Sopladora,2025-09-18,1315.15,90919,2026-08-16T04:55:12+00:00
Sopladora,2025-09-19,1315.13,90919,2026-08-16T04:55:12+00:00
Sopladora,2025-09-20,1315.08,90919,2026-08-16T04:55:12+00:00
Sopladora,2025-09-21,1314.8,90919,2026-08-16T04:55:12+00:00
Sopladora,2025-09-22,1314.88,90919,2026-08-16T04:55:12+00:00
Sopladora,2025-09-23,1314.14,90919,2026-08-16T04:55:12+00:00
Sopladora,2025-09-24,1314.24,90919,2026-08-16T04:55:12+00:00
Sopladora,2025-09-25,1315.54,90919,2026-08-16T04:55:12+00:00
Sopladora,2025-09-26,1315.53,90919,2026-08-16T04:55:12+00:00
Sopladora,2025-09-27,1314.93,90919,2026-08-16T04:55:12+00:00
Sopladora,2025-09-28,1315.17,90919,2026-08-16T04:55:12+00:00
Sopladora,2025-09-29,1315.88,90919,2026-08-16T04:55:12+00:00
Sopladora,2025-10-01,1316.21,90919,2026-08-16T04:55:15+00:00
Sopladora,2025-10-02,1316.64,90919,2026-08-16T04:55:15+00:00
Sopladora,2025-10-03,1317.0,90919,2026-08-16T04:55:15+00:00
Sopladora,2025-10-04,1316.77,90919,2026-08-16T04:55:15+00:00
Sopladora,2025-10-05,1316.59,90919,2026-08-16T04:55:15+00:00
Sopladora,2025-10-06,1316.67,90919,2026-08-16T04:55:15+00:00
Sopladora,2025-10-07,1316.62,90919,2026-08-16T04:55:15+00:00
Sopladora,2025-10-08,1316.04,90919,2026-08-16T04:55:15+00:00
Sopladora,2025-10-09,1315.92,90919,2026-08-16T04:55:15+00:00
Sopladora,2025-10-10,1316.29,90919,2026-08-16T04:55:15+00:00
Sopladora,2025-10-11,1316.32,90919,2026-08-16T04:55:15+00:00
Sopladora,2025-10-12,1316.2,90919,2026-08-16T04:55:15+00:00
Sopladora,2025-10-13,1316.85,90919,2026-08-16T04:55:15+00:00
Sopladora,2025-10-14,1316.23,90919,2026-08-16T04:55:15+00:00
Sopladora,2025-10-15,1315.25,90919,2026-08-16T04:55:15+00:00
Sopladora,2025-10-16,1314.96,90919,2026-08-16T04:55:15+00:00
Sopladora,2025-10-17,1315.79,90919,2026-08-16T04:55:15+00:00
Sopladora,2025-10-18,1314.37,90919,2026-08-16T04:55:15+00:00
Sopladora,2025-10-19,1314.83,90919,2026-08-16T04:55:15+00:00
Sopladora,2025-10-20,1314.72,90919,2026-08-16T04:55:15+00:00
Sopladora,2025-10-21,1316.58,90919,2026-08-16T04:55:15+00:00
Sopladora,2025-10-22,1315.17,90919,2026-08-16T04:55:15+00:00
Sopladora,2025-10-23,1313.58,90919,2026-08-16T04:55:15+00:00
Sopladora,2025-10-24,1314.43,90919,2026-08-16T04:55:15+00:00
Sopladora,2025-10-25,1314.3,90919,2026-08-16T04:55:15+00:00
Sopladora,2025-10-26,1315.11,90919,2026-08-16T04:55:15+00:00
Sopladora,2025-10-27,1314.86,90919,2026-08-16T04:55:15+00:00
Sopladora,2025-10-28,1316.31,90919,2026-08-16T04:55:15+00:00
Sopladora,2025-10-29,1315.33,90919,2026-08-16T04:55:15+00:00
Sopladora,2025-10-30,1315.46,90919,2026-08-16T04:55:15+00:00
Sopladora,2025-11-01,1315.74,90919,2026-08-16T04:55:18+00:00
Sopladora,2025-11-02,1316.07,90919,2026-08-16T04:55:18+00:00
Sopladora,2025-11-03,1314.86,90919,2026-08-16T04:55:18+00:00
Sopladora,2025-11-04,1315.25,90919,2026-08-16T04:55:18+00:00
Sopladora,2025-11-05,1316.45,90919,2026-08-16T04:55:18+00:00
Sopladora,2025-11-06,1315.79,90919,2026-08-16T04:55:18+00:00
Sopladora,2025-11-07,1316.28,90919,2026-08-16T04:55:18+00:00
Sopladora,2025-11-08,1315.72,90919,2026-08-16T04:55:18+00:00
Sopladora,2025-11-09,1315.48,90919,2026-08-16T04:55:18+00:00
Sopladora,2025-11-10,1316.32,90919,2026-08-16T04:55:18+00:00
Sopladora,2025-11-11,1315.81,90919,2026-08-16T04:55:18+00:00
Sopladora,2025-11-12,1315.24,90919,2026-08-16T04:55:18+00:00
Sopladora,2025-11-13,1315.24,90919,2026-08-16T04:55:18+00:00
Sopladora,2025-11-14,1316.06,90919,2026-08-16T04:55:18+00:00
Sopladora,2025-11-15,1316.05,90919,2026-08-16T04:55:18+00:00
Sopladora,2025-11-16,1314.81,90919,2026-08-16T04:55:18+00:00
Sopladora,2025-11-17,1315.98,90919,2026-08-16T04:55:18+00:00
Sopladora,2025-11-18,1314.82,90919,2026-08-16T04:55:18+00:00
Sopladora,2025-11-19,1314.72,90919,2026-08-16T04:55:18+00:00
Sopladora,2025-11-20,1315.54,90919,2026-08-16T04:55:18+00:00
Sopladora,2025-11-21,1316.57,90919,2026-08-16T04:55:18+00:00
Sopladora,2025-11-22,1314.9,90919,2026-08-16T04:55:18+00:00
Sopladora,2025-11-23,1315.57,90919,2026-08-16T04:55:18+00:00
Sopladora,2025-11-24,1314.99,90919,2026-08-16T04:55:18+00:00
Sopladora,2025-11-25,1315.16,90919,2026-08-16T04:55:18+00:00
Sopladora,2025-11-26,1316.17,90919,2026-08-16T04:55:18+00:00
Sopladora,2025-11-27,1316.06,90919,2026-08-16T04:55:18+00:00
Sopladora,2025-11-28,1317.0,90919,2026-08-16T04:55:18+00:00
Sopladora,2025-11-29,1316.65,90919,2026-08-16T04:55:18+00:00
Sopladora,2025-12-01,1316.23,90919,2026-08-16T04:55:22+00:00
Sopladora,2025-12-02,1316.02,90919,2026-08-16T04:55:22+00:00
Sopladora,2025-12-03,1316.33,90919,2026-08-16T04:55:22+00:00
Sopladora,2025-12-04,1315.19,90919,2026-08-16T04:55:22+00:00
Sopladora,2025-12-05,1316.29,90919,2026-08-16T04:55:22+00:00
Sopladora,2025-12-06,1314.33,90919,2026-08-16T04:55:22+00:00
Sopladora,2025-12-07,1315.67,90919,2026-08-16T04:55:22+00:00
Sopladora,2025-12-08,1314.92,90919,2026-08-16T04:55:22+00:00
Sopladora,2025-12-09,1315.02,90919,2026-08-16T04:55:22+00:00
Sopladora,2025-12-10,1315.18,90919,2026-08-16T04:55:22+00:00
Sopladora,2025-12-11,1315.1,90919,2026-08-16T04:55:22+00:00
Sopladora,2025-12-12,1315.98,90919,2026-08-16T04:55:22+00:00
Sopladora,2025-12-13,1314.56,90919,2026-08-16T04:55:22+00:00
Sopladora,2025-12-14,1315.07,90919,2026-08-16T04:55:22+00:00
Sopladora,2025-12-15,1315.14,90919,2026-08-16T04:55:22+00:00
Sopladora,2025-12-16,1316.25,90919,2026-08-16T04:55:22+00:00
Sopladora,2025-12-17,1315.65,90919,2026-08-16T04:55:22+00:00
Sopladora,2025-12-18,1315.6,90919,2026-08-16T04:55:22+00:00
Sopladora,2025-12-19,1316.14,90919,2026-08-16T04:55:22+00:00
Sopladora,2025-12-20,1315.13,90919,2026-08-16T04:55:22+00:00
Sopladora,2025-12-21,1315.02,90919,2026-08-16T04:55:22+00:00
Sopladora,2025-12-22,1316.39,90919,2026-08-16T04:55:22+00:00
Sopladora,2025-12-23,1316.55,90919,2026-08-16T04:55:22+00:00
Sopladora,2025-12-24,1314.6,90919,2026-08-16T04:55:22+00:00
Sopladora,2025-12-25,1315.4,90919,2026-08-16T04:55:22+00:00
Sopladora,2025-12-26,1316.48,90919,2026-08-16T04:55:22+00:00
Sopladora,2025-12-27,1316.11,90919,2026-08-16T04:55:22+00:00
Sopladora,2025-12-28,1314.43,90919,2026-08-16T04:55:22+00:00
Sopladora,2025-12-29,1316.39,90919,2026-08-16T04:55:22+00:00
Sopladora,2025-12-30,1314.09,90919,2026-08-16T04:55:22+00:00
Sopladora,2026-01-01,1315.81,90919,2026-08-16T04:55:25+00:00
Sopladora,2026-01-02,1315.11,90919,2026-08-16T04:55:25+00:00
Sopladora,2026-01-03,1315.29,90919,2026-08-16T04:55:25+00:00
Sopladora,2026-01-04,1315.78,90919,2026-08-16T04:55:25+00:00
Sopladora,2026-01-05,1317.18,90919,2026-08-16T04:55:25+00:00
Sopladora,2026-01-06,1316.05,90919,2026-08-16T04:55:25+00:00
Sopladora,2026-01-07,1317.02,90919,2026-08-16T04:55:25+00:00
Sopladora,2026-01-08,1316.41,90919,2026-08-16T04:55:25+00:00
Sopladora,2026-01-09,1316.11,90919,2026-08-16T04:55:25+00:00
Sopladora,2026-01-10,1315.08,90919,2026-08-16T04:55:25+00:00
Sopladora,2026-01-11,1315.82,90919,2026-08-16T04:55:25+00:00
Sopladora,2026-01-12,1315.58,90919,2026-08-16T04:55:25+00:00
Sopladora,2026-01-13,1314.71,90919,2026-08-16T04:55:25+00:00
Sopladora,2026-01-14,1315.52,90919,2026-08-16T04:55:25+00:00
Sopladora,2026-01-15,1315.17,90919,2026-08-16T04:55:25+00:00
Sopladora,2026-01-16,1315.04,90919,2026-08-16T04:55:25+00:00
Sopladora,2026-01-17,1314.51,90919,2026-08-16T04:55:25+00:00
Sopladora,2026-01-18,1314.63,90919,2026-08-16T04:55:25+00:00
Sopladora,2026-01-19,1315.79,90919,2026-08-16T04:55:25+00:00
Sopladora,2026-01-20,1316.02,90919,2026-08-16T04:55:25+00:00
Sopladora,2026-01-21,1315.76,90919,2026-08-16T04:55:25+00:00
Sopladora,2026-01-22,1315.77,90919,2026-08-16T04:55:25+00:00
Sopladora,2026-01-23,1315.31,90919,2026-08-16T04:55:25+00:00
Sopladora,2026-01-24,1315.34,90919,2026-08-16T04:55:25+00:00
Sopladora,2026-01-25,1314.54,90919,2026-08-16T04:55:25+00:00
Sopladora,2026-01-26,1314.34,90919,2026-08-16T04:55:25+00:00
Sopladora,2026-01-27,1315.51,90919,2026-08-16T04:55:25+00:00
Sopladora,2026-01-28,1314.88,90919,2026-08-16T04:55:25+00:00
Sopladora,2026-01-29,1314.79,90919,2026-08-16T04:55:25+00:00
Sopladora,2026-01-30,1315.49,90919,2026-08-16T04:55:25+00:00
Sopladora,2026-02-01,1314.82,90919,2026-08-16T04:55:28+00:00
Sopladora,2026-02-02,1316.87,90919,2026-08-16T04:55:28+00:00
Sopladora,2026-02-03,1317.04,90919,2026-08-16T04:55:28+00:00
Sopladora,2026-02-04,1316.62,90919,2026-08-16T04:55:28+00:00
Sopladora,2026-02-05,1317.07,90919,2026-08-16T04:55:28+00:00
Sopladora,2026-02-06,1317.07,90919,2026-08-16T04:55:28+00:00
Sopladora,2026-02-07,1314.34,90919,2026-08-16T04:55:28+00:00
Sopladora,2026-02-08,1316.61,90919,2026-08-16T04:55:28+00:00
Sopladora,2026-02-09,1316.98,90919,2026-08-16T04:55:28+00:00
Sopladora,2026-02-10,1316.06,90919,2026-08-16T04:55:28+00:00
Sopladora,2026-02-11,1314.82,90919,2026-08-16T04:55:28+00:00
Sopladora,2026-02-12,1315.14,90919,2026-08-16T04:55:28+00:00
Sopladora,2026-02-13,1315.35,90919,2026-08-16T04:55:28+00:00
Sopladora,2026-02-14,1316.05,90919,2026-08-16T04:55:28+00:00
Sopladora,2026-02-15,1314.83,90919,2026-08-16T04:55:28+00:00
Sopladora,2026-02-16,1316.08,90919,2026-08-16T04:55:28+00:00
Sopladora,2026-02-17,1314.26,90919,2026-08-16T04:55:28+00:00
Sopladora,2026-02-18,1315.35,90919,2026-08-16T04:55:28+00:00
Sopladora,2026-02-19,1315.54,90919,2026-08-16T04:55:28+00:00
Sopladora,2026-02-20,1316.38,90919,2026-08-16T04:55:28+00:00
Sopladora,2026-02-21,1316.5,90919,2026-08-16T04:55:28+00:00
Sopladora,2026-02-22,1315.86,90919,2026-08-16T04:55:28+00:00
Sopladora,2026-02-23,1316.35,90919,2026-08-16T04:55:28+00:00
Sopladora,2026-02-24,1315.73,90919,2026-08-16T04:55:28+00:00
Sopladora,2026-02-25,1315.87,90919,2026-08-16T04:55:28+00:00
Sopladora,2026-02-26,1316.14,90919,2026-08-16T04:55:28+00:00
Sopladora,2026-02-27,1316.56,90919,2026-08-16T04:55:28+00:00
Sopladora,2026-03-01,1315.31,90919,2026-08-16T04:55:31+00:00
Sopladora,2026-03-02,1316.22,90919,2026-08-16T04:55:31+00:00
Sopladora,2026-03-03,1315.9,90919,2026-08-16T04:55:31+00:00
Sopladora,2026-03-04,1315.66,90919,2026-08-16T04:55:31+00:00
Sopladora,2026-03-05,1315.2,90919,2026-08-16T04:55:31+00:00
Sopladora,2026-03-06,1315.06,90919,2026-08-16T04:55:31+00:00
Sopladora,2026-03-07,1315.81,90919,2026-08-16T04:55:31+00:00
Sopladora,2026-03-08,1314.72,90919,2026-08-16T04:55:31+00:00
Sopladora,2026-03-09,1315.34,90919,2026-08-16T04:55:31+00:00
Sopladora,2026-03-10,1315.81,90919,2026-08-16T04:55:31+00:00
Sopladora,2026-03-11,1314.72,90919,2026-08-16T04:55:31+00:00
Sopladora,2026-03-12,1315.91,90919,2026-08-16T04:55:31+00:00
Sopladora,2026-03-13,1317.06,90919,2026-08-16T04:55:31+00:00
Sopladora,2026-03-14,1317.04,90919,2026-08-16T04:55:31+00:00
Sopladora,2026-03-15,1317.04,90919,2026-08-16T04:55:31+00:00
Sopladora,2026-03-16,1316.8,90919,2026-08-16T04:55:31+00:00
Sopladora,2026-03-17,1316.19,90919,2026-08-16T04:55:31+00:00
Sopladora,2026-03-18,1316.87,90919,2026-08-16T04:55:31+00:00
Sopladora,2026-03-19,1317.12,90919,2026-08-16T04:55:31+00:00
Sopladora,2026-03-20,1316.72,90919,2026-08-16T04:55:31+00:00
Sopladora,2026-03-21,1316.49,90919,2026-08-16T04:55:31+00:00
Sopladora,2026-03-22,1316.09,90919,2026-08-16T04:55:31+00:00
Sopladora,2026-03-23,1315.54,90919,2026-08-16T04:55:31+00:00
Sopladora,2026-03-24,1317.04,90919,2026-08-16T04:55:31+00:00
Sopladora,2026-03-25,1316.23,90919,2026-08-16T04:55:31+00:00
Sopladora,2026-03-26,1316.64,90919,2026-08-16T04:55:31+00:00
Sopladora,2026-03-27,1317.03,90919,2026-08-16T04:55:31+00:00
Sopladora,2026-03-28,1316.1,90919,2026-08-16T04:55:31+00:00
Sopladora,2026-03-29,1316.0,90919,2026-08-16T04:55:31+00:00
Sopladora,2026-03-30,1316.48,90919,2026-08-16T04:55:31+00:00
Sopladora,2026-04-01,1317.13,90919,2026-08-16T04:55:34+00:00
Sopladora,2026-04-02,1317.09,90919,2026-08-16T04:55:34+00:00
Sopladora,2026-04-03,1316.25,90919,2026-08-16T04:55:34+00:00
Sopladora,2026-04-04,1316.57,90919,2026-08-16T04:55:34+00:00
Sopladora,2026-04-05,1314.88,90919,2026-08-16T04:55:34+00:00
Sopladora,2026-04-06,1314.91,90919,2026-08-16T04:55:34+00:00
Sopladora,2026-04-07,1315.88,90919,2026-08-16T04:55:34+00:00
Sopladora,2026-04-08,1316.34,90919,2026-08-16T04:55:34+00:00
Sopladora,2026-04-09,1315.98,90919,2026-08-16T04:55:34+00:00
Sopladora,2026-04-10,1315.03,90919,2026-08-16T04:55:34+00:00
Sopladora,2026-04-11,1316.06,90919,2026-08-16T04:55:34+00:00
Sopladora,2026-04-12,1315.64,90919,2026-08-16T04:55:34+00:00
Sopladora,2026-04-13,1315.29,90919,2026-08-16T04:55:34+00:00
Sopladora,2026-04-14,1314.72,90919,2026-08-16T04:55:34+00:00
Sopladora,2026-04-15,1315.21,90919,2026-08-16T04:55:34+00:00
Sopladora,2026-04-16,1315.39,90919,2026-08-16T04:55:34+00:00
Sopladora,2026-04-17,1315.88,90919,2026-08-16T04:55:34+00:00
Sopladora,2026-04-18,1315.46,90919,2026-08-16T04:55:34+00:00
Sopladora,2026-04-19,1315.79,90919,2026-08-16T04:55:34+00:00
Sopladora,2026-04-20,1315.88,90919,2026-08-16T04:55:34+00:00
Sopladora,2026-04-21,1315.74,90919,2026-08-16T04:55:34+00:00
Sopladora,2026-04-22,1315.48,90919,2026-08-16T04:55:34+00:00
Sopladora,2026-04-23,1315.19,90919,2026-08-16T04:55:34+00:00
Sopladora,2026-04-24,1314.75,90919,2026-08-16T04:55:34+00:00
Sopladora,2026-04-25,1315.23,90919,2026-08-16T04:55:34+00:00
Sopladora,2026-04-26,1315.98,90919,2026-08-16T04:55:34+00:00
Sopladora,2026-04-27,1315.53,90919,2026-08-16T04:55:34+00:00
Sopladora,2026-04-28,1315.54,90919,2026-08-16T04:55:34+00:00
Sopladora,2026-04-29,1315.37,90919,2026-08-16T04:55:34+00:00
Sopladora,2026-05-01,1315.88,90919,2026-08-16T04:55:37+00:00
Sopladora,2026-05-02,1315.65,90919,2026-08-16T04:55:37+00:00
Sopladora,2026-05-03,1314.87,90919,2026-08-16T04:55:37+00:00
Sopladora,2026-05-04,1315.73,90919,2026-08-16T04:55:37+00:00
Sopladora,2026-05-05,1315.46,90919,2026-08-16T04:55:37+00:00
Sopladora,2026-05-06,1316.36,90919,2026-08-16T04:55:37+00:00
Sopladora,2026-05-07,1314.99,90919,2026-08-16T04:55:37+00:00
Sopladora,2026-05-08,1315.52,90919,2026-08-16T04:55:37+00:00
Sopladora,2026-05-09,1315.21,90919,2026-08-16T04:55:37+00:00
Sopladora,2026-05-10,1315.58,90919,2026-08-16T04:55:37+00:00
Sopladora,2026-05-11,1315.54,90919,2026-08-16T04:55:37+00:00
Sopladora,2026-05-12,1314.17,90919,2026-08-16T04:55:37+00:00
Sopladora,2026-05-13,1314.94,90919,2026-08-16T04:55:37+00:00
Sopladora,2026-05-14,1314.05,90919,2026-08-16T04:55:37+00:00
Sopladora,2026-05-15,1315.46,90919,2026-08-16T04:55:37+00:00
Sopladora,2026-05-16,1314.89,90919,2026-08-16T04:55:37+00:00
Sopladora,2026-05-17,1315.88,90919,2026-08-16T04:55:37+00:00
Sopladora,2026-05-18,1315.55,90919,2026-08-16T04:55:37+00:00
Sopladora,2026-05-19,1315.52,90919,2026-08-16T04:55:37+00:00
Sopladora,2026-05-20,1315.18,90919,2026-08-16T04:55:37+00:00
Sopladora,2026-05-21,1315.73,90919,2026-08-16T04:55:37+00:00
Sopladora,2026-05-22,1315.19,90919,2026-08-16T04:55:37+00:00
Sopladora,2026-05-23,1314.95,90919,2026-08-16T04:55:37+00:00
Sopladora,2026-05-24,1314.85,90919,2026-08-16T04:55:37+00:00
Sopladora,2026-05-25,1315.39,90919,2026-08-16T04:55:37+00:00
Sopladora,2026-05-26,1316.22,90919,2026-08-16T04:55:37+00:00
Sopladora,2026-05-27,1315.87,90919,2026-08-16T04:55:37+00:00
Sopladora,2026-05-28,1314.56,90919,2026-08-16T04:55:37+00:00
Sopladora,2026-05-29,1315.26,90919,2026-08-16T04:55:37+00:00
Sopladora,2026-05-30,1315.46,90919,2026-08-16T04:55:37+00:00
Sopladora,2026-06-01,1315.21,90919,2026-08-16T04:55:40+00:00
Sopladora,2026-06-02,1315.37,90919,2026-08-16T04:55:40+00:00
Sopladora,2026-06-03,1314.95,90919,2026-08-16T04:55:40+00:00
Sopladora,2026-06-04,1316.16,90919,2026-08-16T04:55:40+00:00
Sopladora,2026-06-05,1316.04,90919,2026-08-16T04:55:40+00:00
Sopladora,2026-06-06,1315.42,90919,2026-08-16T04:55:40+00:00
Sopladora,2026-06-07,1315.03,90919,2026-08-16T04:55:40+00:00
Sopladora,2026-06-08,1316.47,90919,2026-08-16T04:55:40+00:00
Sopladora,2026-06-09,1316.58,90919,2026-08-16T04:55:40+00:00
Sopladora,2026-06-10,1315.68,90919,2026-08-16T04:55:40+00:00
Sopladora,2026-06-11,1316.02,90919,2026-08-16T04:55:40+00:00
Sopladora,2026-06-12,1315.87,90919,2026-08-16T04:55:40+00:00
Sopladora,2026-06-13,1315.16,90919,2026-08-16T04:55:40+00:00
Sopladora,2026-06-14,1315.07,90919,2026-08-16T04:55:40+00:00
Sopladora,2026-06-15,1315.48,90919,2026-08-16T04:55:40+00:00
Sopladora,2026-06-16,1315.98,90919,2026-08-16T04:55:40+00:00
Sopladora,2026-06-17,1316.06,90919,2026-08-16T04:55:40+00:00
Sopladora,2026-06-18,1315.27,90919,2026-08-16T04:55:40+00:00
Sopladora,2026-06-19,1315.81,90919,2026-08-16T04:55:40+00:00
Sopladora,2026-06-20,1316.01,90919,2026-08-16T04:55:40+00:00
Sopladora,2026-06-21,1315.67,90919,2026-08-16T04:55:40+00:00
Sopladora,2026-06-22,1314.61,90919,2026-08-16T04:55:40+00:00
Sopladora,2026-06-23,1315.29,90919,2026-08-16T04:55:40+00:00
Sopladora,2026-06-24,1315.21,90919,2026-08-16T04:55:40+00:00
Sopladora,2026-06-25,1314.72,90919,2026-08-16T04:55:40+00:00
Sopladora,2026-06-26,1315.13,90919,2026-08-16T04:55:40+00:00
Sopladora,2026-06-27,1314.48,90919,2026-08-16T04:55:40+00:00
Sopladora,2026-06-28,1315.94,90919,2026-08-16T04:55:40+00:00
Sopladora,2026-06-29,1315.21,90919,2026-08-16T04:55:40+00:00
Sopladora,2026-07-01,1315.95,90919,2026-08-16T04:55:43+00:00
Sopladora,2026-07-02,1316.27,90919,2026-08-16T04:55:43+00:00
Sopladora,2026-07-03,1316.43,90919,2026-08-16T04:55:43+00:00
Sopladora,2026-07-04,1316.72,90919,2026-08-16T04:55:43+00:00
Sopladora,2026-07-05,1317.12,90919,2026-08-16T04:55:43+00:00
Sopladora,2026-07-06,1316.14,90919,2026-08-16T04:55:43+00:00
Sopladora,2026-07-07,1316.44,90919,2026-08-16T04:55:43+00:00
Sopladora,2026-07-08,1316.22,90919,2026-08-16T04:55:43+00:00
Sopladora,2026-07-09,1316.43,90919,2026-08-16T04:55:43+00:00
Sopladora,2026-07-10,1316.0,90919,2026-08-16T04:55:43+00:00
Sopladora,2026-07-11,1316.12,90919,2026-08-16T04:55:43+00:00
Sopladora,2026-07-12,1315.36,90919,2026-08-16T04:55:43+00:00
Sopladora,2026-07-13,1315.57,90919,2026-08-16T04:55:43+00:00
Sopladora,2026-07-14,1314.0,90919,2026-08-16T04:55:43+00:00
Sopladora,2026-07-15,1315.22,90919,2026-08-16T04:55:43+00:00
Sopladora,2026-07-16,1315.56,90919,2026-08-16T04:55:43+00:00
Sopladora,2026-07-17,1316.11,90919,2026-08-16T04:55:43+00:00
Sopladora,2026-07-18,1315.51,90919,2026-08-16T04:55:43+00:00
Sopladora,2026-07-19,1316.32,90919,2026-08-16T04:55:43+00:00
Sopladora,2026-07-20,1316.87,90919,2026-08-16T04:55:43+00:00
Sopladora,2026-07-21,1316.03,90919,2026-08-16T04:55:43+00:00
Sopladora,2026-07-22,1314.72,90919,2026-08-16T04:55:43+00:00
Sopladora,2026-07-23,1315.91,90919,2026-08-16T04:55:43+00:00
Sopladora,2026-07-24,1315.79,90919,2026-08-16T04:55:43+00:00
Sopladora,2026-07-25,1315.98,90919,2026-08-16T04:55:43+00:00
Sopladora,2026-07-26,1316.08,90919,2026-08-16T04:55:43+00:00
Sopladora,2026-07-27,1315.22,90919,2026-08-16T04:55:43+00:00
Sopladora,2026-07-28,1316.48,90919,2026-08-16T04:55:43+00:00
Sopladora,2026-07-29,1315.91,90919,2026-08-16T04:55:43+00:00
Sopladora,2026-07-30,1314.82,90919,2026-08-16T04:55:43+00:00
Sopladora,2026-08-01,1315.66,90919,2026-08-18T12:58:14+00:00
Sopladora,2026-08-02,1315.56,90919,2026-08-18T12:58:14+00:00
Sopladora,2026-08-03,1315.27,90919,2026-08-18T12:58:14+00:00
Sopladora,2026-08-04,1315.66,90919,2026-08-18T12:58:14+00:00
Sopladora,2026-08-05,1315.34,90919,2026-08-18T12:58:14+00:00
Sopladora,2026-08-06,1316.11,90919,2026-08-18T12:58:14+00:00
Sopladora,2026-08-07,1317.1,90919,2026-08-18T12:58:14+00:00
Sopladora,2026-08-08,1316.96,90919,2026-08-18T12:58:14+00:00
Sopladora,2026-08-09,1314.98,90919,2026-08-18T12:58:14+00:00
Sopladora,2026-08-10,1315.82,90919,2026-08-18T12:58:14+00:00
Sopladora,2026-08-11,1314.72,90919,2026-08-18T12:58:14+00:00
Sopladora,2026-08-12,1313.51,90919,2026-08-18T12:58:14+00:00
Sopladora,2026-08-13,1316.19,90919,2026-08-18T12:58:14+00:00
Sopladora,2026-08-14,1316.68,90919,2026-08-18T12:58:14+00:00
Sopladora,2026-08-15,1315.46,90919,2026-08-18T12:58:14+00:00
Sopladora,2026-08-16,1315.18,90919,2026-08-18T12:58:14+00:00
Sopladora,2026-08-17,1315.3,90919,2026-08-18T12:58:14+00:00
