fecha,Amaluza,Mazar,Sopladora,Mazar_margen_sobre_min,Mazar_margen_bajo_max,Mazar_dentro_de_banda,Mazar_distancia_a_critico,Amaluza_margen_sobre_min,Amaluza_margen_bajo_max,Amaluza_dentro_de_banda,Sopladora_margen_sobre_min,Sopladora_margen_bajo_max,Sopladora_dentro_de_banda
2022-01-01,1984.03,2151.97,1316.19,53.97,1.03,True,36.97,9.03,6.97,True,4.19,1.81,True
2022-01-02,1983.34,2151.65,1315.69,53.65,1.35,True,36.65,8.34,7.66,True,3.69,2.31,True
2022-01-03,1983.23,2151.06,1315.81,53.06,1.94,True,36.06,8.23,7.77,True,3.81,2.19,True
2022-01-04,1983.23,2150.16,1315.75,52.16,2.84,True,35.16,8.23,7.77,True,3.75,2.25,True
2022-01-05,1983.21,2149.23,1315.93,51.23,3.77,True,34.23,8.21,7.79,True,3.93,2.07,True
2022-01-06,1983.43,2148.32,1315.98,50.32,4.68,True,33.32,8.43,7.57,True,3.98,2.02,True
2022-01-07,1984.2,2147.36,1315.9,49.36,5.64,True,32.36,9.2,6.8,True,3.9,2.1,True
2022-01-08,1982.79,2146.51,1316.15,48.51,6.49,True,31.51,7.79,8.21,True,4.15,1.85,True
2022-01-09,1982.17,2145.45,1315.73,47.45,7.55,True,30.45,7.17,8.83,True,3.73,2.27,True
2022-01-10,1982.15,2144.28,1315.87,46.28,8.72,True,29.28,7.15,8.85,True,3.87,2.13,True
2022-01-11,1980.92,2143.55,1315.97,45.55,9.45,True,28.55,5.92,10.08,True,3.97,2.03,True
2022-01-12,1980.35,2143.13,1316.18,45.13,9.87,True,28.13,5.35,10.65,True,4.18,1.82,True
2022-01-13,1981.15,2142.38,1315.58,44.38,10.62,True,27.38,6.15,9.85,True,3.58,2.42,True
2022-01-14,1983.77,2141.56,1315.85,43.56,11.44,True,26.56,8.77,7.23,True,3.85,2.15,True
2022-01-15,1985.19,2140.98,1315.2,42.98,12.02,True,25.98,10.19,5.81,True,3.2,2.8,True
2022-01-16,1985.65,2140.91,1315.85,42.91,12.09,True,25.91,10.65,5.35,True,3.85,2.15,True
2022-01-17,1984.58,2140.48,1315.29,42.48,12.52,True,25.48,9.58,6.42,True,3.29,2.71,True
2022-01-18,1984.24,2139.81,1315.0,41.81,13.19,True,24.81,9.24,6.76,True,3.0,3.0,True
2022-01-19,1983.6,2139.38,1315.85,41.38,13.62,True,24.38,8.6,7.4,True,3.85,2.15,True
2022-01-20,1983.23,2138.93,1315.93,40.93,14.07,True,23.93,8.23,7.77,True,3.93,2.07,True
2022-01-21,1982.32,2138.66,1315.81,40.66,14.34,True,23.66,7.32,8.68,True,3.81,2.19,True
2022-01-22,1982.41,2138.43,1315.75,40.43,14.57,True,23.43,7.41,8.59,True,3.75,2.25,True
2022-01-23,1982.97,2138.08,1315.8,40.08,14.92,True,23.08,7.97,8.03,True,3.8,2.2,True
2022-01-24,1983.24,2137.4,1315.78,39.4,15.6,True,22.4,8.24,7.76,True,3.78,2.22,True
2022-01-25,1981.64,2137.33,1316.22,39.33,15.67,True,22.33,6.64,9.36,True,4.22,1.78,True
2022-01-26,1980.74,2137.42,1315.35,39.42,15.58,True,22.42,5.74,10.26,True,3.35,2.65,True
2022-01-27,1981.18,2137.25,1314.82,39.25,15.75,True,22.25,6.18,9.82,True,2.82,3.18,True
2022-01-28,1981.81,2137.02,1314.83,39.02,15.98,True,22.02,6.81,9.19,True,2.83,3.17,True
2022-01-29,1981.9,2137.13,1315.51,39.13,15.87,True,22.13,6.9,9.1,True,3.51,2.49,True
2022-01-30,1982.7,2136.78,1315.76,38.78,16.22,True,21.78,7.7,8.3,True,3.76,2.24,True
2022-01-31,,,,,,False,,,,False,,,False
2022-02-01,1983.04,2136.12,1315.57,38.12,16.88,True,21.12,8.04,7.96,True,3.57,2.43,True
2022-02-02,1982.86,2135.75,1315.66,37.75,17.25,True,20.75,7.86,8.14,True,3.66,2.34,True
2022-02-03,1981.98,2135.32,1315.74,37.32,17.68,True,20.32,6.98,9.02,True,3.74,2.26,True
2022-02-04,1980.27,2134.7,1315.92,36.7,18.3,True,19.7,5.27,10.73,True,3.92,2.08,True
2022-02-05,1979.89,2134.18,1315.45,36.18,18.82,True,19.18,4.89,11.11,True,3.45,2.55,True
2022-02-06,1980.34,2134.11,1315.99,36.11,18.89,True,19.11,5.34,10.66,True,3.99,2.01,True
2022-02-07,1980.61,2133.76,1315.75,35.76,19.24,True,18.76,5.61,10.39,True,3.75,2.25,True
2022-02-08,1981.36,2133.37,1314.68,35.37,19.63,True,18.37,6.36,9.64,True,2.68,3.32,True
2022-02-09,1982.25,2132.94,1315.45,34.94,20.06,True,17.94,7.25,8.75,True,3.45,2.55,True
2022-02-10,1983.13,2132.09,1315.91,34.09,20.91,True,17.09,8.13,7.87,True,3.91,2.09,True
2022-02-11,1982.6,2131.58,1315.24,33.58,21.42,True,16.58,7.6,8.4,True,3.24,2.76,True
2022-02-12,1982.88,2131.74,1315.95,33.74,21.26,True,16.74,7.88,8.12,True,3.95,2.05,True
2022-02-13,1983.93,2131.94,1315.25,33.94,21.06,True,16.94,8.93,7.07,True,3.25,2.75,True
2022-02-14,1984.39,2131.52,1315.82,33.52,21.48,True,16.52,9.39,6.61,True,3.82,2.18,True
2022-02-15,1984.04,2131.31,1314.96,33.31,21.69,True,16.31,9.04,6.96,True,2.96,3.04,True
2022-02-16,1984.04,2130.64,1315.97,32.64,22.36,True,15.64,9.04,6.96,True,3.97,2.03,True
2022-02-17,1984.21,2129.82,1316.16,31.82,23.18,True,14.82,9.21,6.79,True,4.16,1.84,True
2022-02-18,1983.94,2129.18,1316.22,31.18,23.82,True,14.18,8.94,7.06,True,4.22,1.78,True
2022-02-19,1984.51,2128.42,1315.69,30.42,24.58,True,13.42,9.51,6.49,True,3.69,2.31,True
2022-02-20,1984.93,2127.78,1315.51,29.78,25.22,True,12.78,9.93,6.07,True,3.51,2.49,True
2022-02-21,1984.31,2127.08,1315.51,29.08,25.92,True,12.08,9.31,6.69,True,3.51,2.49,True
2022-02-22,1982.98,2126.04,1315.28,28.04,26.96,True,11.04,7.98,8.02,True,3.28,2.72,True
2022-02-23,1982.34,2125.58,1316.01,27.58,27.42,True,10.58,7.34,8.66,True,4.01,1.99,True
2022-02-24,1981.88,2125.52,1315.65,27.52,27.48,True,10.52,6.88,9.12,True,3.65,2.35,True
2022-02-25,1981.45,2125.73,1315.81,27.73,27.27,True,10.73,6.45,9.55,True,3.81,2.19,True
2022-02-26,1981.08,2126.54,1315.1,28.54,26.46,True,11.54,6.08,9.92,True,3.1,2.9,True
2022-02-27,1982.78,2126.87,1315.78,28.87,26.13,True,11.87,7.78,8.22,True,3.78,2.22,True
2022-02-28,,,,,,False,,,,False,,,False
2022-03-01,1985.13,2128.12,1314.95,30.12,24.88,True,13.12,10.13,5.87,True,2.95,3.05,True
2022-03-02,1985.31,2130.32,1315.01,32.32,22.68,True,15.32,10.31,5.69,True,3.01,2.99,True
2022-03-03,1984.56,2131.86,1315.78,33.86,21.14,True,16.86,9.56,6.44,True,3.78,2.22,True
2022-03-04,1985.04,2132.65,1315.48,34.65,20.35,True,17.65,10.04,5.96,True,3.48,2.52,True
2022-03-05,1985.46,2133.25,1315.69,35.25,19.75,True,18.25,10.46,5.54,True,3.69,2.31,True
2022-03-06,1985.49,2134.47,1315.51,36.47,18.53,True,19.47,10.49,5.51,True,3.51,2.49,True
2022-03-07,1985.73,2134.47,1315.83,36.47,18.53,True,19.47,10.73,5.27,True,3.83,2.17,True
2022-03-08,1985.59,2134.06,1314.83,36.06,18.94,True,19.06,10.59,5.41,True,2.83,3.17,True
2022-03-09,1984.59,2133.4,1315.83,35.4,19.6,True,18.4,9.59,6.41,True,3.83,2.17,True
2022-03-10,1984.58,2132.24,1315.33,34.24,20.76,True,17.24,9.58,6.42,True,3.33,2.67,True
2022-03-11,1984.93,2130.92,1315.89,32.92,22.08,True,15.92,9.93,6.07,True,3.89,2.11,True
2022-03-12,1984.24,2130.01,1315.69,32.01,22.99,True,15.01,9.24,6.76,True,3.69,2.31,True
2022-03-13,1983.23,2129.56,1315.77,31.56,23.44,True,14.56,8.23,7.77,True,3.77,2.23,True
2022-03-14,1983.51,2130.21,1315.66,32.21,22.79,True,15.21,8.51,7.49,True,3.66,2.34,True
2022-03-15,1983.69,2129.91,1315.76,31.91,23.09,True,14.91,8.69,7.31,True,3.76,2.24,True
2022-03-16,1984.75,2128.82,1316.08,30.82,24.18,True,13.82,9.75,6.25,True,4.08,1.92,True
2022-03-17,1985.64,2129.92,1315.68,31.92,23.08,True,14.92,10.64,5.36,True,3.68,2.32,True
2022-03-18,1985.77,2129.85,1315.97,31.85,23.15,True,14.85,10.77,5.23,True,3.97,2.03,True
2022-03-19,1986.63,2129.37,1316.37,31.37,23.63,True,14.37,11.63,4.37,True,4.37,1.63,True
2022-03-20,1984.96,2130.48,1315.33,32.48,22.52,True,15.48,9.96,6.04,True,3.33,2.67,True
2022-03-21,1983.69,2131.12,1316.26,33.12,21.88,True,16.12,8.69,7.31,True,4.26,1.74,True
2022-03-22,1983.24,2131.2,1314.64,33.2,21.8,True,16.2,8.24,7.76,True,2.64,3.36,True
2022-03-23,1983.3,2130.69,1315.35,32.69,22.31,True,15.69,8.3,7.7,True,3.35,2.65,True
2022-03-24,1984.03,2129.9,1315.31,31.9,23.1,True,14.9,9.03,6.97,True,3.31,2.69,True
2022-03-25,1983.85,2129.92,1315.37,31.92,23.08,True,14.92,8.85,7.15,True,3.37,2.63,True
2022-03-26,1985.56,2128.93,1316.22,30.93,24.07,True,13.93,10.56,5.44,True,4.22,1.78,True
2022-03-27,1984.57,2129.88,1315.92,31.88,23.12,True,14.88,9.57,6.43,True,3.92,2.08,True
2022-03-28,1984.33,2130.2,1315.34,32.2,22.8,True,15.2,9.33,6.67,True,3.34,2.66,True
2022-03-29,1985.67,2129.86,1315.45,31.86,23.14,True,14.86,10.67,5.33,True,3.45,2.55,True
2022-03-30,1986.75,2129.93,1315.81,31.93,23.07,True,14.93,11.75,4.25,True,3.81,2.19,True
2022-03-31,,,,,,False,,,,False,,,False
2022-04-01,1985.13,2131.19,1316.13,33.19,21.81,True,16.19,10.13,5.87,True,4.13,1.87,True
2022-04-02,1987.38,2131.36,1316.5,33.36,21.64,True,16.36,12.38,3.62,True,4.5,1.5,True
2022-04-03,1989.28,2130.93,1316.55,32.93,22.07,True,15.93,14.28,1.72,True,4.55,1.45,True
2022-04-04,1988.35,2130.96,1315.11,32.96,22.04,True,15.96,13.35,2.65,True,3.11,2.89,True
2022-04-05,1986.91,2130.83,1316.59,32.83,22.17,True,15.83,11.91,4.09,True,4.59,1.41,True
2022-04-06,1986.02,2130.76,1315.91,32.76,22.24,True,15.76,11.02,4.98,True,3.91,2.09,True
2022-04-07,1984.52,2130.77,1316.09,32.77,22.23,True,15.77,9.52,6.48,True,4.09,1.91,True
2022-04-08,1988.79,2127.93,1315.19,29.93,25.07,True,12.93,13.79,2.21,True,3.19,2.81,True
2022-04-09,1986.36,2131.53,1315.12,33.53,21.47,True,16.53,11.36,4.64,True,3.12,2.88,True
2022-04-10,1984.85,2132.99,1315.36,34.99,20.01,True,17.99,9.85,6.15,True,3.36,2.64,True
2022-04-11,1984.32,2133.04,1314.66,35.04,19.96,True,18.04,9.32,6.68,True,2.66,3.34,True
2022-04-12,1983.75,2132.86,1315.83,34.86,20.14,True,17.86,8.75,7.25,True,3.83,2.17,True
2022-04-13,1989.72,2130.11,1316.44,32.11,22.89,True,15.11,14.72,1.28,True,4.44,1.56,True
2022-04-14,1989.89,2130.28,1316.2,32.28,22.72,True,15.28,14.89,1.11,True,4.2,1.8,True
2022-04-15,1989.7,2131.13,1314.87,33.13,21.87,True,16.13,14.7,1.3,True,2.87,3.13,True
2022-04-16,1989.55,2131.28,1315.99,33.28,21.72,True,16.28,14.55,1.45,True,3.99,2.01,True
2022-04-17,1989.88,2131.24,1315.9,33.24,21.76,True,16.24,14.88,1.12,True,3.9,2.1,True
2022-04-18,1989.8,2131.61,1315.96,33.61,21.39,True,16.61,14.8,1.2,True,3.96,2.04,True
2022-04-19,1989.61,2133.85,1315.66,35.85,19.15,True,18.85,14.61,1.39,True,3.66,2.34,True
2022-04-20,1988.61,2136.46,1316.22,38.46,16.54,True,21.46,13.61,2.39,True,4.22,1.78,True
2022-04-21,1988.02,2141.09,1316.31,43.09,11.91,True,26.09,13.02,2.98,True,4.31,1.69,True
2022-04-22,1985.13,2143.18,1316.09,45.18,9.82,True,28.18,10.13,5.87,True,4.09,1.91,True
2022-04-23,1982.97,2144.59,1316.16,46.59,8.41,True,29.59,7.97,8.03,True,4.16,1.84,True
2022-04-24,1981.86,2145.76,1316.09,47.76,7.24,True,30.76,6.86,9.14,True,4.09,1.91,True
2022-04-25,1983.05,2145.91,1316.2,47.91,7.09,True,30.91,8.05,7.95,True,4.2,1.8,True
2022-04-26,1985.77,2145.4,1316.09,47.4,7.6,True,30.4,10.77,5.23,True,4.09,1.91,True
2022-04-27,1985.91,2145.15,1316.19,47.15,7.85,True,30.15,10.91,5.09,True,4.19,1.81,True
2022-04-28,1986.11,2145.24,1316.4,47.24,7.76,True,30.24,11.11,4.89,True,4.4,1.6,True
2022-04-29,1985.65,2146.32,1315.14,48.32,6.68,True,31.32,10.65,5.35,True,3.14,2.86,True
2022-04-30,,,,,,False,,,,False,,,False
2022-05-01,1985.03,2148.6,1316.26,50.6,4.4,True,33.6,10.03,5.97,True,4.26,1.74,True
2022-05-02,1984.76,2148.9,1316.1,50.9,4.1,True,33.9,9.76,6.24,True,4.1,1.9,True
2022-05-03,1986.65,2148.28,1314.53,50.28,4.72,True,33.28,11.65,4.35,True,2.53,3.47,True
2022-05-04,1986.57,2148.22,1315.19,50.22,4.78,True,33.22,11.57,4.43,True,3.19,2.81,True
2022-05-05,1986.11,2148.62,1316.14,50.62,4.38,True,33.62,11.11,4.89,True,4.14,1.86,True
2022-05-06,1985.92,2149.13,1315.1,51.13,3.87,True,34.13,10.92,5.08,True,3.1,2.9,True
2022-05-07,1984.94,2149.88,1316.23,51.88,3.12,True,34.88,9.94,6.06,True,4.23,1.77,True
2022-05-08,1984.84,2150.51,1316.35,52.51,2.49,True,35.51,9.84,6.16,True,4.35,1.65,True
2022-05-09,1985.3,2150.5,1316.53,52.5,2.5,True,35.5,10.3,5.7,True,4.53,1.47,True
2022-05-10,1985.84,2150.77,1316.2,52.77,2.23,True,35.77,10.84,5.16,True,4.2,1.8,True
2022-05-11,1987.0,2150.99,1316.62,52.99,2.01,True,35.99,12.0,4.0,True,4.62,1.38,True
2022-05-12,1987.26,2151.32,1316.35,53.32,1.68,True,36.32,12.26,3.74,True,4.35,1.65,True
2022-05-13,1986.73,2152.18,1316.42,54.18,0.82,True,37.18,11.73,4.27,True,4.42,1.58,True
2022-05-14,1987.36,2152.99,1316.59,54.99,0.01,True,37.99,12.36,3.64,True,4.59,1.41,True
2022-05-15,1988.63,2153.68,1316.45,55.68,-0.68,False,38.68,13.63,2.37,True,4.45,1.55,True
2022-05-16,1990.8,2153.64,1316.28,55.64,-0.64,False,38.64,15.8,0.2,True,4.28,1.72,True
2022-05-17,1990.9,2154.15,1316.11,56.15,-1.15,False,39.15,15.9,0.1,True,4.11,1.89,True
2022-05-18,1990.5,2154.0,1316.28,56.0,-1.0,False,39.0,15.5,0.5,True,4.28,1.72,True
2022-05-19,1990.68,2153.63,1316.16,55.63,-0.63,False,38.63,15.68,0.32,True,4.16,1.84,True
2022-05-20,1990.6,2153.28,1316.8,55.28,-0.28,False,38.28,15.6,0.4,True,4.8,1.2,True
2022-05-21,1990.62,2153.33,1316.57,55.33,-0.33,False,38.33,15.62,0.38,True,4.57,1.43,True
2022-05-22,1989.77,2153.44,1316.42,55.44,-0.44,False,38.44,14.77,1.23,True,4.42,1.58,True
2022-05-23,1989.35,2153.45,1316.71,55.45,-0.45,False,38.45,14.35,1.65,True,4.71,1.29,True
2022-05-24,1989.0,2153.55,1316.8,55.55,-0.55,False,38.55,14.0,2.0,True,4.8,1.2,True
2022-05-25,1989.43,2153.64,1316.34,55.64,-0.64,False,38.64,14.43,1.57,True,4.34,1.66,True
2022-05-26,1990.15,2153.75,1316.28,55.75,-0.75,False,38.75,15.15,0.85,True,4.28,1.72,True
2022-05-27,1991.04,2153.57,1316.46,55.57,-0.57,False,38.57,16.04,-0.04,False,4.46,1.54,True
2022-05-28,1990.8,2153.62,1316.68,55.62,-0.62,False,38.62,15.8,0.2,True,4.68,1.32,True
2022-05-29,1990.72,2153.56,1316.59,55.56,-0.56,False,38.56,15.72,0.28,True,4.59,1.41,True
2022-05-30,1990.63,2153.37,1316.27,55.37,-0.37,False,38.37,15.63,0.37,True,4.27,1.73,True
2022-05-31,,,,,,False,,,,False,,,False
2022-06-01,1988.52,2153.19,1316.15,55.19,-0.19,False,38.19,13.52,2.48,True,4.15,1.85,True
2022-06-02,1988.91,2152.68,1316.68,54.68,0.32,True,37.68,13.91,2.09,True,4.68,1.32,True
2022-06-03,1989.46,2152.33,1316.86,54.33,0.67,True,37.33,14.46,1.54,True,4.86,1.14,True
2022-06-04,1988.73,2152.73,1316.73,54.73,0.27,True,37.73,13.73,2.27,True,4.73,1.27,True
2022-06-05,1988.02,2152.77,1316.56,54.77,0.23,True,37.77,13.02,2.98,True,4.56,1.44,True
2022-06-06,1986.92,2152.77,1316.3,54.77,0.23,True,37.77,11.92,4.08,True,4.3,1.7,True
2022-06-07,1986.48,2152.49,1316.38,54.49,0.51,True,37.49,11.48,4.52,True,4.38,1.62,True
2022-06-08,1986.54,2152.58,1316.65,54.58,0.42,True,37.58,11.54,4.46,True,4.65,1.35,True
2022-06-09,1985.94,2152.8,1316.02,54.8,0.2,True,37.8,10.94,5.06,True,4.02,1.98,True
2022-06-10,1985.41,2152.94,1316.62,54.94,0.06,True,37.94,10.41,5.59,True,4.62,1.38,True
2022-06-11,1985.38,2153.16,1316.61,55.16,-0.16,False,38.16,10.38,5.62,True,4.61,1.39,True
2022-06-12,1986.13,2153.29,1316.35,55.29,-0.29,False,38.29,11.13,4.87,True,4.35,1.65,True
2022-06-13,1984.95,2153.44,1316.51,55.44,-0.44,False,38.44,9.95,6.05,True,4.51,1.49,True
2022-06-14,1984.95,2153.15,1316.69,55.15,-0.15,False,38.15,9.95,6.05,True,4.69,1.31,True
2022-06-15,1984.92,2152.74,1317.0,54.74,0.26,True,37.74,9.92,6.08,True,5.0,1.0,True
2022-06-16,1984.94,2152.1,1315.8,54.1,0.9,True,37.1,9.94,6.06,True,3.8,2.2,True
2022-06-17,1985.22,2151.33,1315.66,53.33,1.67,True,36.33,10.22,5.78,True,3.66,2.34,True
2022-06-18,1985.3,2150.88,1316.51,52.88,2.12,True,35.88,10.3,5.7,True,4.51,1.49,True
2022-06-19,1983.57,2151.08,1316.27,53.08,1.92,True,36.08,8.57,7.43,True,4.27,1.73,True
2022-06-20,1985.12,2150.4,1316.67,52.4,2.6,True,35.4,10.12,5.88,True,4.67,1.33,True
2022-06-21,1985.74,2149.88,1316.32,51.88,3.12,True,34.88,10.74,5.26,True,4.32,1.68,True
2022-06-22,1985.87,2149.84,1315.99,51.84,3.16,True,34.84,10.87,5.13,True,3.99,2.01,True
2022-06-23,1985.76,2150.43,1316.14,52.43,2.57,True,35.43,10.76,5.24,True,4.14,1.86,True
2022-06-24,1990.52,2152.56,1316.16,54.56,0.44,True,37.56,15.52,0.48,True,4.16,1.84,True
2022-06-25,1990.97,2155.02,1316.65,57.02,-2.02,False,40.02,15.97,0.03,True,4.65,1.35,True
2022-06-26,1990.77,2154.28,1316.62,56.28,-1.28,False,39.28,15.77,0.23,True,4.62,1.38,True
2022-06-27,1990.68,2153.71,1316.15,55.71,-0.71,False,38.71,15.68,0.32,True,4.15,1.85,True
2022-06-28,1990.5,2153.28,1315.99,55.28,-0.28,False,38.28,15.5,0.5,True,3.99,2.01,True
2022-06-29,1990.79,2153.15,1316.35,55.15,-0.15,False,38.15,15.79,0.21,True,4.35,1.65,True
2022-06-30,,,,,,False,,,,False,,,False
2022-07-01,1990.07,2153.37,1316.25,55.37,-0.37,False,38.37,15.07,0.93,True,4.25,1.75,True
2022-07-02,1989.27,2153.57,1316.62,55.57,-0.57,False,38.57,14.27,1.73,True,4.62,1.38,True
2022-07-03,1991.67,2155.51,1315.99,57.51,-2.51,False,40.51,16.67,-0.67,False,3.99,2.01,True
2022-07-04,1991.05,2155.49,1316.04,57.49,-2.49,False,40.49,16.05,-0.05,False,4.04,1.96,True
2022-07-05,1990.8,2154.89,1315.89,56.89,-1.89,False,39.89,15.8,0.2,True,3.89,2.11,True
2022-07-06,1991.36,2154.78,1315.1,56.78,-1.78,False,39.78,16.36,-0.36,False,3.1,2.9,True
2022-07-07,1991.04,2154.0,1316.73,56.0,-1.0,False,39.0,16.04,-0.04,False,4.73,1.27,True
2022-07-08,1990.56,2153.59,1316.56,55.59,-0.59,False,38.59,15.56,0.44,True,4.56,1.44,True
2022-07-09,1990.95,2154.62,1316.67,56.62,-1.62,False,39.62,15.95,0.05,True,4.67,1.33,True
2022-07-10,1990.71,2154.0,1316.33,56.0,-1.0,False,39.0,15.71,0.29,True,4.33,1.67,True
2022-07-11,1990.71,2153.49,1316.62,55.49,-0.49,False,38.49,15.71,0.29,True,4.62,1.38,True
2022-07-12,1990.97,2153.39,1316.06,55.39,-0.39,False,38.39,15.97,0.03,True,4.06,1.94,True
2022-07-13,1990.95,2153.41,1316.42,55.41,-0.41,False,38.41,15.95,0.05,True,4.42,1.58,True
2022-07-14,1990.87,2153.19,1316.18,55.19,-0.19,False,38.19,15.87,0.13,True,4.18,1.82,True
2022-07-15,1990.86,2152.82,1316.18,54.82,0.18,True,37.82,15.86,0.14,True,4.18,1.82,True
2022-07-16,1989.96,2153.06,1316.14,55.06,-0.06,False,38.06,14.96,1.04,True,4.14,1.86,True
2022-07-17,1989.46,2153.32,1316.18,55.32,-0.32,False,38.32,14.46,1.54,True,4.18,1.82,True
2022-07-18,1990.43,2153.33,1316.67,55.33,-0.33,False,38.33,15.43,0.57,True,4.67,1.33,True
2022-07-19,1989.8,2153.58,1316.51,55.58,-0.58,False,38.58,14.8,1.2,True,4.51,1.49,True
2022-07-20,1990.24,2153.69,1316.03,55.69,-0.69,False,38.69,15.24,0.76,True,4.03,1.97,True
2022-07-21,1990.43,2153.53,1316.79,55.53,-0.53,False,38.53,15.43,0.57,True,4.79,1.21,True
2022-07-22,1989.8,2153.58,1316.2,55.58,-0.58,False,38.58,14.8,1.2,True,4.2,1.8,True
2022-07-23,1989.5,2153.6,1316.2,55.6,-0.6,False,38.6,14.5,1.5,True,4.2,1.8,True
2022-07-24,1989.51,2153.63,1316.32,55.63,-0.63,False,38.63,14.51,1.49,True,4.32,1.68,True
2022-07-25,1989.51,2153.58,1315.76,55.58,-0.58,False,38.58,14.51,1.49,True,3.76,2.24,True
2022-07-26,1990.6,2154.07,1315.99,56.07,-1.07,False,39.07,15.6,0.4,True,3.99,2.01,True
2022-07-27,1990.81,2153.88,1316.23,55.88,-0.88,False,38.88,15.81,0.19,True,4.23,1.77,True
2022-07-28,1990.78,2153.69,1316.16,55.69,-0.69,False,38.69,15.78,0.22,True,4.16,1.84,True
2022-07-29,1990.71,2153.54,1316.53,55.54,-0.54,False,38.54,15.71,0.29,True,4.53,1.47,True
2022-07-30,1990.06,2153.52,1316.6,55.52,-0.52,False,38.52,15.06,0.94,True,4.6,1.4,True
2022-07-31,,,,,,False,,,,False,,,False
2022-08-01,1989.07,2153.32,1316.42,55.32,-0.32,False,38.32,14.07,1.93,True,4.42,1.58,True
2022-08-02,1988.01,2153.44,1316.46,55.44,-0.44,False,38.44,13.01,2.99,True,4.46,1.54,True
2022-08-03,1987.36,2153.54,1316.65,55.54,-0.54,False,38.54,12.36,3.64,True,4.65,1.35,True
2022-08-04,1988.01,2153.75,1316.13,55.75,-0.75,False,38.75,13.01,2.99,True,4.13,1.87,True
2022-08-05,1989.0,2153.75,1316.44,55.75,-0.75,False,38.75,14.0,2.0,True,4.44,1.56,True
2022-08-06,1990.26,2153.81,1316.34,55.81,-0.81,False,38.81,15.26,0.74,True,4.34,1.66,True
2022-08-07,1990.64,2153.64,1316.37,55.64,-0.64,False,38.64,15.64,0.36,True,4.37,1.63,True
2022-08-08,1990.39,2153.49,1316.22,55.49,-0.49,False,38.49,15.39,0.61,True,4.22,1.78,True
2022-08-09,1989.89,2153.48,1316.58,55.48,-0.48,False,38.48,14.89,1.11,True,4.58,1.42,True
2022-08-10,1991.17,2154.15,1316.44,56.15,-1.15,False,39.15,16.17,-0.17,False,4.44,1.56,True
2022-08-11,1991.24,2154.55,1316.67,56.55,-1.55,False,39.55,16.24,-0.24,False,4.67,1.33,True
2022-08-12,1990.69,2153.48,1317.01,55.48,-0.48,False,38.48,15.69,0.31,True,5.01,0.99,True
2022-08-13,1990.36,2153.17,1316.62,55.17,-0.17,False,38.17,15.36,0.64,True,4.62,1.38,True
2022-08-14,1989.64,2153.43,1316.63,55.43,-0.43,False,38.43,14.64,1.36,True,4.63,1.37,True
2022-08-15,1989.62,2153.27,1316.58,55.27,-0.27,False,38.27,14.62,1.38,True,4.58,1.42,True
2022-08-16,1989.15,2153.09,1316.35,55.09,-0.09,False,38.09,14.15,1.85,True,4.35,1.65,True
2022-08-17,1988.72,2152.91,1316.14,54.91,0.09,True,37.91,13.72,2.28,True,4.14,1.86,True
2022-08-18,1988.18,2152.61,1316.34,54.61,0.39,True,37.61,13.18,2.82,True,4.34,1.66,True
2022-08-19,1987.47,2152.23,1316.13,54.23,0.77,True,37.23,12.47,3.53,True,4.13,1.87,True
2022-08-20,1988.01,2152.81,1316.03,54.81,0.19,True,37.81,13.01,2.99,True,4.03,1.97,True
2022-08-21,1989.81,2153.83,1316.42,55.83,-0.83,False,38.83,14.81,1.19,True,4.42,1.58,True
2022-08-22,1990.7,2153.35,1316.32,55.35,-0.35,False,38.35,15.7,0.3,True,4.32,1.68,True
2022-08-23,1989.99,2153.12,1315.8,55.12,-0.12,False,38.12,14.99,1.01,True,3.8,2.2,True
2022-08-24,1989.24,2152.83,1315.7,54.83,0.17,True,37.83,14.24,1.76,True,3.7,2.3,True
2022-08-25,1988.2,2152.47,1316.1,54.47,0.53,True,37.47,13.2,2.8,True,4.1,1.9,True
2022-08-26,1986.83,2152.05,1316.27,54.05,0.95,True,37.05,11.83,4.17,True,4.27,1.73,True
2022-08-27,1986.82,2151.21,1315.22,53.21,1.79,True,36.21,11.82,4.18,True,3.22,2.78,True
2022-08-28,1986.31,2150.54,1315.87,52.54,2.46,True,35.54,11.31,4.69,True,3.87,2.13,True
2022-08-29,1987.12,2151.08,1314.63,53.08,1.92,True,36.08,12.12,3.88,True,2.63,3.37,True
2022-08-30,1989.55,2153.78,1314.99,55.78,-0.78,False,38.78,14.55,1.45,True,2.99,3.01,True
2022-08-31,,,,,,False,,,,False,,,False
2022-09-01,1990.71,2153.19,1315.2,55.19,-0.19,False,38.19,15.71,0.29,True,3.2,2.8,True
2022-09-02,1990.5,2152.79,1315.17,54.79,0.21,True,37.79,15.5,0.5,True,3.17,2.83,True
2022-09-03,1990.43,2152.83,1316.29,54.83,0.17,True,37.83,15.43,0.57,True,4.29,1.71,True
2022-09-04,1989.81,2153.15,1316.55,55.15,-0.15,False,38.15,14.81,1.19,True,4.55,1.45,True
2022-09-05,1990.79,2153.35,1316.01,55.35,-0.35,False,38.35,15.79,0.21,True,4.01,1.99,True
2022-09-06,1990.89,2153.16,1314.74,55.16,-0.16,False,38.16,15.89,0.11,True,2.74,3.26,True
2022-09-07,1989.98,2153.04,1316.14,55.04,-0.04,False,38.04,14.98,1.02,True,4.14,1.86,True
2022-09-08,1989.45,2152.62,1314.69,54.62,0.38,True,37.62,14.45,1.55,True,2.69,3.31,True
2022-09-09,1989.23,2152.06,1316.05,54.06,0.94,True,37.06,14.23,1.77,True,4.05,1.95,True
2022-09-10,1987.72,2152.27,1315.96,54.27,0.73,True,37.27,12.72,3.28,True,3.96,2.04,True
2022-09-11,1987.03,2152.55,1316.27,54.55,0.45,True,37.55,12.03,3.97,True,4.27,1.73,True
2022-09-12,1986.11,2152.41,1315.1,54.41,0.59,True,37.41,11.11,4.89,True,3.1,2.9,True
2022-09-13,1985.39,2151.97,1316.01,53.97,1.03,True,36.97,10.39,5.61,True,4.01,1.99,True
2022-09-14,1985.85,2151.21,1316.2,53.21,1.79,True,36.21,10.85,5.15,True,4.2,1.8,True
2022-09-15,1985.39,2150.57,1314.88,52.57,2.43,True,35.57,10.39,5.61,True,2.88,3.12,True
2022-09-16,1985.39,2150.76,1315.94,52.76,2.24,True,35.76,10.39,5.61,True,3.94,2.06,True
2022-09-17,1985.92,2150.76,1316.55,52.76,2.24,True,35.76,10.92,5.08,True,4.55,1.45,True
2022-09-18,1986.21,2150.76,1315.82,52.76,2.24,True,35.76,11.21,4.79,True,3.82,2.18,True
2022-09-19,1986.01,2149.99,1315.94,51.99,3.01,True,34.99,11.01,4.99,True,3.94,2.06,True
2022-09-20,1985.75,2149.29,1315.42,51.29,3.71,True,34.29,10.75,5.25,True,3.42,2.58,True
2022-09-21,1984.97,2148.74,1315.88,50.74,4.26,True,33.74,9.97,6.03,True,3.88,2.12,True
2022-09-22,1983.67,2148.23,1316.16,50.23,4.77,True,33.23,8.67,7.33,True,4.16,1.84,True
2022-09-23,1983.13,2147.87,1316.39,49.87,5.13,True,32.87,8.13,7.87,True,4.39,1.61,True
2022-09-24,1984.6,2147.38,1316.04,49.38,5.62,True,32.38,9.6,6.4,True,4.04,1.96,True
2022-09-25,1984.49,2147.25,1315.86,49.25,5.75,True,32.25,9.49,6.51,True,3.86,2.14,True
2022-09-26,1984.29,2146.98,1315.66,48.98,6.02,True,31.98,9.29,6.71,True,3.66,2.34,True
2022-09-27,1983.58,2146.5,1315.54,48.5,6.5,True,31.5,8.58,7.42,True,3.54,2.46,True
2022-09-28,1982.7,2146.0,1316.14,48.0,7.0,True,31.0,7.7,8.3,True,4.14,1.86,True
2022-09-29,1981.9,2145.42,1315.93,47.42,7.58,True,30.42,6.9,9.1,True,3.93,2.07,True
2022-09-30,,,,,,False,,,,False,,,False
2022-10-01,1980.92,2144.57,1316.1,46.57,8.43,True,29.57,5.92,10.08,True,4.1,1.9,True
2022-10-02,1980.71,2144.64,1316.27,46.64,8.36,True,29.64,5.71,10.29,True,4.27,1.73,True
2022-10-03,1979.82,2144.38,1316.55,46.38,8.62,True,29.38,4.82,11.18,True,4.55,1.45,True
2022-10-04,1979.82,2143.7,1316.2,45.7,9.3,True,28.7,4.82,11.18,True,4.2,1.8,True
2022-10-05,1978.45,2143.1,1315.51,45.1,9.9,True,28.1,3.45,12.55,True,3.51,2.49,True
2022-10-06,1979.29,2142.4,1316.11,44.4,10.6,True,27.4,4.29,11.71,True,4.11,1.89,True
2022-10-07,1982.22,2141.35,1315.8,43.35,11.65,True,26.35,7.22,8.78,True,3.8,2.2,True
2022-10-08,1984.33,2140.7,1316.08,42.7,12.3,True,25.7,9.33,6.67,True,4.08,1.92,True
2022-10-09,1985.05,2140.76,1315.9,42.76,12.24,True,25.76,10.05,5.95,True,3.9,2.1,True
2022-10-10,1984.75,2140.64,1315.86,42.64,12.36,True,25.64,9.75,6.25,True,3.86,2.14,True
2022-10-11,1984.65,2140.19,1315.69,42.19,12.81,True,25.19,9.65,6.35,True,3.69,2.31,True
2022-10-12,1985.47,2139.48,1315.88,41.48,13.52,True,24.48,10.47,5.53,True,3.88,2.12,True
2022-10-13,1985.56,2138.9,1314.78,40.9,14.1,True,23.9,10.56,5.44,True,2.78,3.22,True
2022-10-14,1984.31,2138.72,1314.11,40.72,14.28,True,23.72,9.31,6.69,True,2.11,3.89,True
2022-10-15,1985.77,2139.74,1313.92,41.74,13.26,True,24.74,10.77,5.23,True,1.92,4.08,True
2022-10-16,1985.32,2140.43,1314.61,42.43,12.57,True,25.43,10.32,5.68,True,2.61,3.39,True
2022-10-17,1984.05,2140.54,1316.08,42.54,12.46,True,25.54,9.05,6.95,True,4.08,1.92,True
2022-10-18,1983.96,2140.35,1315.59,42.35,12.65,True,25.35,8.96,7.04,True,3.59,2.41,True
2022-10-19,1985.65,2140.67,1316.38,42.67,12.33,True,25.67,10.65,5.35,True,4.38,1.62,True
2022-10-20,1987.54,2141.27,1315.08,43.27,11.73,True,26.27,12.54,3.46,True,3.08,2.92,True
2022-10-21,1986.65,2142.77,1315.11,44.77,10.23,True,27.77,11.65,4.35,True,3.11,2.89,True
2022-10-22,1985.49,2143.87,1314.7,45.87,9.13,True,28.87,10.49,5.51,True,2.7,3.3,True
2022-10-23,1985.14,2144.87,1315.48,46.87,8.13,True,29.87,10.14,5.86,True,3.48,2.52,True
2022-10-24,1985.11,2145.79,1315.65,47.79,7.21,True,30.79,10.11,5.89,True,3.65,2.35,True
2022-10-25,1985.1,2146.16,1314.67,48.16,6.84,True,31.16,10.1,5.9,True,2.67,3.33,True
2022-10-26,1985.32,2146.32,1315.85,48.32,6.68,True,31.32,10.32,5.68,True,3.85,2.15,True
2022-10-27,1985.4,2146.15,1315.83,48.15,6.85,True,31.15,10.4,5.6,True,3.83,2.17,True
2022-10-28,1985.73,2145.61,1316.33,47.61,7.39,True,30.61,10.73,5.27,True,4.33,1.67,True
2022-10-29,1985.57,2144.83,1315.35,46.83,8.17,True,29.83,10.57,5.43,True,3.35,2.65,True
2022-10-30,1985.48,2144.69,1314.14,46.69,8.31,True,29.69,10.48,5.52,True,2.14,3.86,True
2022-10-31,,,,,,False,,,,False,,,False
2022-11-01,1984.14,2144.06,1314.44,46.06,8.94,True,29.06,9.14,6.86,True,2.44,3.56,True
2022-11-02,1985.02,2143.99,1314.76,45.99,9.01,True,28.99,10.02,5.98,True,2.76,3.24,True
2022-11-03,1984.07,2144.46,1315.63,46.46,8.54,True,29.46,9.07,6.93,True,3.63,2.37,True
2022-11-04,1984.69,2144.1,1316.06,46.1,8.9,True,29.1,9.69,6.31,True,4.06,1.94,True
2022-11-05,1985.05,2143.64,1314.31,45.64,9.36,True,28.64,10.05,5.95,True,2.31,3.69,True
2022-11-06,1986.01,2143.0,1315.42,45.0,10.0,True,28.0,11.01,4.99,True,3.42,2.58,True
2022-11-07,1985.59,2142.55,1315.42,44.55,10.45,True,27.55,10.59,5.41,True,3.42,2.58,True
2022-11-08,1984.2,2142.33,1315.62,44.33,10.67,True,27.33,9.2,6.8,True,3.62,2.38,True
2022-11-09,1983.77,2141.88,1315.27,43.88,11.12,True,26.88,8.77,7.23,True,3.27,2.73,True
2022-11-10,1984.76,2141.12,1315.01,43.12,11.88,True,26.12,9.76,6.24,True,3.01,2.99,True
2022-11-11,1985.85,2140.53,1313.73,42.53,12.47,True,25.53,10.85,5.15,True,1.73,4.27,True
2022-11-12,1985.77,2140.14,1314.95,42.14,12.86,True,25.14,10.77,5.23,True,2.95,3.05,True
2022-11-13,1984.75,2140.22,1315.88,42.22,12.78,True,25.22,9.75,6.25,True,3.88,2.12,True
2022-11-14,1983.96,2139.77,1315.81,41.77,13.23,True,24.77,8.96,7.04,True,3.81,2.19,True
2022-11-15,1984.03,2140.05,1316.31,42.05,12.95,True,25.05,9.03,6.97,True,4.31,1.69,True
2022-11-16,1985.85,2140.73,1314.42,42.73,12.27,True,25.73,10.85,5.15,True,2.42,3.58,True
2022-11-17,1985.86,2142.17,1316.13,44.17,10.83,True,27.17,10.86,5.14,True,4.13,1.87,True
2022-11-18,1986.48,2141.62,1315.82,43.62,11.38,True,26.62,11.48,4.52,True,3.82,2.18,True
2022-11-19,1986.4,2141.27,1315.4,43.27,11.73,True,26.27,11.4,4.6,True,3.4,2.6,True
2022-11-20,1985.83,2141.03,1314.68,43.03,11.97,True,26.03,10.83,5.17,True,2.68,3.32,True
2022-11-21,1985.49,2141.08,1314.08,43.08,11.92,True,26.08,10.49,5.51,True,2.08,3.92,True
2022-11-22,1985.68,2140.98,1315.28,42.98,12.02,True,25.98,10.68,5.32,True,3.28,2.72,True
2022-11-23,1985.94,2140.47,1316.14,42.47,12.53,True,25.47,10.94,5.06,True,4.14,1.86,True
2022-11-24,1986.3,2139.59,1314.99,41.59,13.41,True,24.59,11.3,4.7,True,2.99,3.01,True
2022-11-25,1985.93,2139.22,1315.76,41.22,13.78,True,24.22,10.93,5.07,True,3.76,2.24,True
2022-11-26,1984.97,2139.36,1314.62,41.36,13.64,True,24.36,9.97,6.03,True,2.62,3.38,True
2022-11-27,1984.75,2139.2,1314.21,41.2,13.8,True,24.2,9.75,6.25,True,2.21,3.79,True
2022-11-28,1984.42,2138.46,1316.15,40.46,14.54,True,23.46,9.42,6.58,True,4.15,1.85,True
2022-11-29,1985.02,2137.39,1315.33,39.39,15.61,True,22.39,10.02,5.98,True,3.33,2.67,True
2022-11-30,,,,,,False,,,,False,,,False
2022-12-01,1984.84,2135.48,1315.4,37.48,17.52,True,20.48,9.84,6.16,True,3.4,2.6,True
2022-12-02,1984.68,2134.56,1315.69,36.56,18.44,True,19.56,9.68,6.32,True,3.69,2.31,True
2022-12-03,1985.55,2133.83,1314.09,35.83,19.17,True,18.83,10.55,5.45,True,2.09,3.91,True
2022-12-04,1985.4,2133.6,1314.74,35.6,19.4,True,18.6,10.4,5.6,True,2.74,3.26,True
2022-12-05,1985.39,2132.88,1315.12,34.88,20.12,True,17.88,10.39,5.61,True,3.12,2.88,True
2022-12-06,1985.37,2132.03,1315.45,34.03,20.97,True,17.03,10.37,5.63,True,3.45,2.55,True
2022-12-07,1984.74,2131.39,1315.34,33.39,21.61,True,16.39,9.74,6.26,True,3.34,2.66,True
2022-12-08,1983.06,2130.9,1314.72,32.9,22.1,True,15.9,8.06,7.94,True,2.72,3.28,True
2022-12-09,1981.9,2130.16,1314.24,32.16,22.84,True,15.16,6.9,9.1,True,2.24,3.76,True
2022-12-10,1981.36,2129.63,1314.71,31.63,23.37,True,14.63,6.36,9.64,True,2.71,3.29,True
2022-12-11,1980.7,2130.27,1316.05,32.27,22.73,True,15.27,5.7,10.3,True,4.05,1.95,True
2022-12-12,1979.62,2129.93,1315.84,31.93,23.07,True,14.93,4.62,11.38,True,3.84,2.16,True
2022-12-13,1979.54,2128.85,1314.84,30.85,24.15,True,13.85,4.54,11.46,True,2.84,3.16,True
2022-12-14,1981.05,2128.07,1314.43,30.07,24.93,True,13.07,6.05,9.95,True,2.43,3.57,True
2022-12-15,1980.18,2128.06,1315.77,30.06,24.94,True,13.06,5.18,10.82,True,3.77,2.23,True
2022-12-16,1979.71,2128.05,1315.64,30.05,24.95,True,13.05,4.71,11.29,True,3.64,2.36,True
2022-12-17,1980.37,2127.94,1316.13,29.94,25.06,True,12.94,5.37,10.63,True,4.13,1.87,True
2022-12-18,1979.53,2128.04,1316.16,30.04,24.96,True,13.04,4.53,11.47,True,4.16,1.84,True
2022-12-19,1980.11,2127.72,1316.34,29.72,25.28,True,12.72,5.11,10.89,True,4.34,1.66,True
2022-12-20,1979.8,2127.01,1316.2,29.01,25.99,True,12.01,4.8,11.2,True,4.2,1.8,True
2022-12-21,1978.99,2126.1,1314.45,28.1,26.9,True,11.1,3.99,12.01,True,2.45,3.55,True
2022-12-22,1980.09,2124.48,1315.94,26.48,28.52,True,9.48,5.09,10.91,True,3.94,2.06,True
2022-12-23,1979.53,2123.57,1315.09,25.57,29.43,True,8.57,4.53,11.47,True,3.09,2.91,True
2022-12-24,1979.08,2123.11,1314.83,25.11,29.89,True,8.11,4.08,11.92,True,2.83,3.17,True
2022-12-25,1980.79,2122.29,1315.41,24.29,30.71,True,7.29,5.79,10.21,True,3.41,2.59,True
2022-12-26,1981.17,2122.64,1314.84,24.64,30.36,True,7.64,6.17,9.83,True,2.84,3.16,True
2022-12-27,1980.01,2122.52,1315.73,24.52,30.48,True,7.52,5.01,10.99,True,3.73,2.27,True
2022-12-28,1979.66,2121.91,1314.3,23.91,31.09,True,6.91,4.66,11.34,True,2.3,3.7,True
2022-12-29,1978.27,2121.34,1315.46,23.34,31.66,True,6.34,3.27,12.73,True,3.46,2.54,True
2022-12-30,1980.08,2120.11,1315.93,22.11,32.89,True,5.11,5.08,10.92,True,3.93,2.07,True
2022-12-31,,,,,,False,,,,False,,,False
2023-01-01,1981.54,2120.85,1313.88,22.85,32.15,True,5.85,6.54,9.46,True,1.88,4.12,True
2023-01-02,1982.5,2121.35,1314.01,23.35,31.65,True,6.35,7.5,8.5,True,2.01,3.99,True
2023-01-03,1982.34,2121.36,1315.29,23.36,31.64,True,6.36,7.34,8.66,True,3.29,2.71,True
2023-01-04,1981.89,2121.05,1316.19,23.05,31.95,True,6.05,6.89,9.11,True,4.19,1.81,True
2023-01-05,1981.61,2120.77,1314.64,22.77,32.23,True,5.77,6.61,9.39,True,2.64,3.36,True
2023-01-06,1981.06,2120.33,1314.91,22.33,32.67,True,5.33,6.06,9.94,True,2.91,3.09,True
2023-01-07,1980.69,2120.04,1315.85,22.04,32.96,True,5.04,5.69,10.31,True,3.85,2.15,True
2023-01-08,1980.17,2120.17,1315.88,22.17,32.83,True,5.17,5.17,10.83,True,3.88,2.12,True
2023-01-09,1979.08,2119.82,1314.76,21.82,33.18,True,4.82,4.08,11.92,True,2.76,3.24,True
2023-01-10,1978.65,2119.64,1315.63,21.64,33.36,True,4.64,3.65,12.35,True,3.63,2.37,True
2023-01-11,1980.09,2120.39,1313.82,22.39,32.61,True,5.39,5.09,10.91,True,1.82,4.18,True
2023-01-12,1980.53,2121.55,1314.42,23.55,31.45,True,6.55,5.53,10.47,True,2.42,3.58,True
2023-01-13,1979.3,2122.91,1315.7,24.91,30.09,True,7.91,4.3,11.7,True,3.7,2.3,True
2023-01-14,1981.0,2122.78,1313.75,24.78,30.22,True,7.78,6.0,10.0,True,1.75,4.25,True
2023-01-15,1982.23,2123.84,1315.12,25.84,29.16,True,8.84,7.23,8.77,True,3.12,2.88,True
2023-01-16,1982.26,2124.71,1315.28,26.71,28.29,True,9.71,7.26,8.74,True,3.28,2.72,True
2023-01-17,1980.63,2125.15,1315.9,27.15,27.85,True,10.15,5.63,10.37,True,3.9,2.1,True
2023-01-18,1980.26,2125.47,1314.87,27.47,27.53,True,10.47,5.26,10.74,True,2.87,3.13,True
2023-01-19,1981.16,2125.67,1316.57,27.67,27.33,True,10.67,6.16,9.84,True,4.57,1.43,True
2023-01-20,1981.34,2126.97,1313.98,28.97,26.03,True,11.97,6.34,9.66,True,1.98,4.02,True
2023-01-21,1980.55,2128.23,1315.02,30.23,24.77,True,13.23,5.55,10.45,True,3.02,2.98,True
2023-01-22,1980.73,2128.82,1315.46,30.82,24.18,True,13.82,5.73,10.27,True,3.46,2.54,True
2023-01-23,1980.53,2128.96,1314.93,30.96,24.04,True,13.96,5.53,10.47,True,2.93,3.07,True
2023-01-24,1982.23,2129.37,1314.45,31.37,23.63,True,14.37,7.23,8.77,True,2.45,3.55,True
2023-01-25,1982.7,2129.94,1315.6,31.94,23.06,True,14.94,7.7,8.3,True,3.6,2.4,True
2023-01-26,1981.81,2130.19,1314.66,32.19,22.81,True,15.19,6.81,9.19,True,2.66,3.34,True
2023-01-27,1979.74,2130.12,1315.01,32.12,22.88,True,15.12,4.74,11.26,True,3.01,2.99,True
2023-01-28,1979.46,2130.0,1315.56,32.0,23.0,True,15.0,4.46,11.54,True,3.56,2.44,True
2023-01-29,1978.65,2129.87,1315.78,31.87,23.13,True,14.87,3.65,12.35,True,3.78,2.22,True
2023-01-30,1978.92,2129.09,1315.63,31.09,23.91,True,14.09,3.92,12.08,True,3.63,2.37,True
2023-01-31,,,,,,False,,,,False,,,False
2023-02-01,1979.92,2127.53,1314.21,29.53,25.47,True,12.53,4.92,11.08,True,2.21,3.79,True
2023-02-02,1979.81,2127.06,1314.76,29.06,25.94,True,12.06,4.81,11.19,True,2.76,3.24,True
2023-02-03,1979.27,2126.34,1314.67,28.34,26.66,True,11.34,4.27,11.73,True,2.67,3.33,True
2023-02-04,1979.11,2125.74,1315.63,27.74,27.26,True,10.74,4.11,11.89,True,3.63,2.37,True
2023-02-05,1979.74,2125.53,1315.26,27.53,27.47,True,10.53,4.74,11.26,True,3.26,2.74,True
2023-02-06,1980.18,2125.93,1313.85,27.93,27.07,True,10.93,5.18,10.82,True,1.85,4.15,True
2023-02-07,1980.11,2126.33,1315.78,28.33,26.67,True,11.33,5.11,10.89,True,3.78,2.22,True
2023-02-08,1980.2,2126.39,1315.76,28.39,26.61,True,11.39,5.2,10.8,True,3.76,2.24,True
2023-02-09,1980.81,2126.37,1315.98,28.37,26.63,True,11.37,5.81,10.19,True,3.98,2.02,True
2023-02-10,1979.84,2126.22,1315.33,28.22,26.78,True,11.22,4.84,11.16,True,3.33,2.67,True
2023-02-11,1980.38,2125.9,1315.29,27.9,27.1,True,10.9,5.38,10.62,True,3.29,2.71,True
2023-02-12,1981.51,2125.91,1315.24,27.91,27.09,True,10.91,6.51,9.49,True,3.24,2.76,True
2023-02-13,1982.35,2125.7,1315.73,27.7,27.3,True,10.7,7.35,8.65,True,3.73,2.27,True
2023-02-14,1982.26,2125.63,1315.43,27.63,27.37,True,10.63,7.26,8.74,True,3.43,2.57,True
2023-02-15,1983.22,2125.6,1315.54,27.6,27.4,True,10.6,8.22,7.78,True,3.54,2.46,True
2023-02-16,1983.33,2125.86,1315.28,27.86,27.14,True,10.86,8.33,7.67,True,3.28,2.72,True
2023-02-17,1983.78,2125.87,1314.87,27.87,27.13,True,10.87,8.78,7.22,True,2.87,3.13,True
2023-02-18,1983.42,2126.37,1315.46,28.37,26.63,True,11.37,8.42,7.58,True,3.46,2.54,True
2023-02-19,1983.24,2127.07,1314.3,29.07,25.93,True,12.07,8.24,7.76,True,2.3,3.7,True
2023-02-20,1982.8,2127.54,1314.2,29.54,25.46,True,12.54,7.8,8.2,True,2.2,3.8,True
2023-02-21,1984.94,2127.23,1314.57,29.23,25.77,True,12.23,9.94,6.06,True,2.57,3.43,True
2023-02-22,1984.47,2128.14,1315.49,30.14,24.86,True,13.14,9.47,6.53,True,3.49,2.51,True
2023-02-23,1984.12,2129.0,1314.77,31.0,24.0,True,14.0,9.12,6.88,True,2.77,3.23,True
2023-02-24,1984.12,2129.49,1314.2,31.49,23.51,True,14.49,9.12,6.88,True,2.2,3.8,True
2023-02-25,1983.67,2129.34,1315.21,31.34,23.66,True,14.34,8.67,7.33,True,3.21,2.79,True
2023-02-26,1983.76,2129.27,1315.44,31.27,23.73,True,14.27,8.76,7.24,True,3.44,2.56,True
2023-02-27,1983.51,2128.98,1315.49,30.98,24.02,True,13.98,8.51,7.49,True,3.49,2.51,True
2023-02-28,,,,,,False,,,,False,,,False
2023-03-01,1983.25,2129.75,1315.69,31.75,23.25,True,14.75,8.25,7.75,True,3.69,2.31,True
2023-03-02,1982.87,2130.14,1315.59,32.14,22.86,True,15.14,7.87,8.13,True,3.59,2.41,True
2023-03-03,1983.23,2130.02,1315.51,32.02,22.98,True,15.02,8.23,7.77,True,3.51,2.49,True
2023-03-04,1983.5,2130.24,1316.22,32.24,22.76,True,15.24,8.5,7.5,True,4.22,1.78,True
2023-03-05,1984.57,2130.59,1314.56,32.59,22.41,True,15.59,9.57,6.43,True,2.56,3.44,True
2023-03-06,1984.86,2130.89,1315.9,32.89,22.11,True,15.89,9.86,6.14,True,3.9,2.1,True
2023-03-07,1985.68,2130.88,1315.07,32.88,22.12,True,15.88,10.68,5.32,True,3.07,2.93,True
2023-03-08,1985.93,2131.72,1315.24,33.72,21.28,True,16.72,10.93,5.07,True,3.24,2.76,True
2023-03-09,1985.13,2132.98,1315.94,34.98,20.02,True,17.98,10.13,5.87,True,3.94,2.06,True
2023-03-10,1984.94,2133.87,1315.56,35.87,19.13,True,18.87,9.94,6.06,True,3.56,2.44,True
2023-03-11,1983.04,2134.96,1314.36,36.96,18.04,True,19.96,8.04,7.96,True,2.36,3.64,True
2023-03-12,1981.98,2135.83,1314.77,37.83,17.17,True,20.83,6.98,9.02,True,2.77,3.23,True
2023-03-13,1981.9,2135.85,1315.94,37.85,17.15,True,20.85,6.9,9.1,True,3.94,2.06,True
2023-03-14,1982.35,2136.34,1314.95,38.34,16.66,True,21.34,7.35,8.65,True,2.95,3.05,True
2023-03-15,1981.26,2137.02,1316.22,39.02,15.98,True,22.02,6.26,9.74,True,4.22,1.78,True
2023-03-16,1980.54,2136.86,1316.77,38.86,16.14,True,21.86,5.54,10.46,True,4.77,1.23,True
2023-03-17,1980.27,2136.43,1315.93,38.43,16.57,True,21.43,5.27,10.73,True,3.93,2.07,True
2023-03-18,1981.52,2135.65,1315.73,37.65,17.35,True,20.65,6.52,9.48,True,3.73,2.27,True
2023-03-19,1980.64,2134.91,1314.42,36.91,18.09,True,19.91,5.64,10.36,True,2.42,3.58,True
2023-03-20,1980.72,2133.55,1316.09,35.55,19.45,True,18.55,5.72,10.28,True,4.09,1.91,True
2023-03-21,1980.63,2132.11,1315.69,34.11,20.89,True,17.11,5.63,10.37,True,3.69,2.31,True
2023-03-22,1981.24,2130.63,1316.26,32.63,22.37,True,15.63,6.24,9.76,True,4.26,1.74,True
2023-03-23,1981.9,2129.08,1315.08,31.08,23.92,True,14.08,6.9,9.1,True,3.08,2.92,True
2023-03-24,1981.99,2128.35,1315.82,30.35,24.65,True,13.35,6.99,9.01,True,3.82,2.18,True
2023-03-25,1982.07,2128.29,1315.27,30.29,24.71,True,13.29,7.07,8.93,True,3.27,2.73,True
2023-03-26,1981.27,2128.52,1313.99,30.52,24.48,True,13.52,6.27,9.73,True,1.99,4.01,True
2023-03-27,1980.07,2128.71,1315.85,30.71,24.29,True,13.71,5.07,10.93,True,3.85,2.15,True
2023-03-28,1980.55,2128.57,1314.9,30.57,24.43,True,13.57,5.55,10.45,True,2.9,3.1,True
2023-03-29,1981.37,2128.31,1315.27,30.31,24.69,True,13.31,6.37,9.63,True,3.27,2.73,True
2023-03-30,1981.08,2128.09,1314.86,30.09,24.91,True,13.09,6.08,9.92,True,2.86,3.14,True
2023-03-31,,,,,,False,,,,False,,,False
2023-04-01,1981.15,2128.9,1314.8,30.9,24.1,True,13.9,6.15,9.85,True,2.8,3.2,True
2023-04-02,1981.73,2129.64,1315.98,31.64,23.36,True,14.64,6.73,9.27,True,3.98,2.02,True
2023-04-03,1981.43,2130.29,1315.23,32.29,22.71,True,15.29,6.43,9.57,True,3.23,2.77,True
2023-04-04,1983.7,2129.77,1315.74,31.77,23.23,True,14.77,8.7,7.3,True,3.74,2.26,True
2023-04-05,1985.38,2129.48,1315.14,31.48,23.52,True,14.48,10.38,5.62,True,3.14,2.86,True
2023-04-06,1984.93,2130.13,1314.44,32.13,22.87,True,15.13,9.93,6.07,True,2.44,3.56,True
2023-04-07,1985.2,2130.62,1313.94,32.62,22.38,True,15.62,10.2,5.8,True,1.94,4.06,True
2023-04-08,1986.04,2131.34,1315.77,33.34,21.66,True,16.34,11.04,4.96,True,3.77,2.23,True
2023-04-09,1988.38,2131.84,1314.71,33.84,21.16,True,16.84,13.38,2.62,True,2.71,3.29,True
2023-04-10,1988.62,2131.87,1315.65,33.87,21.13,True,16.87,13.62,2.38,True,3.65,2.35,True
2023-04-11,1988.18,2132.48,1316.25,34.48,20.52,True,17.48,13.18,2.82,True,4.25,1.75,True
2023-04-12,1987.57,2133.15,1314.7,35.15,19.85,True,18.15,12.57,3.43,True,2.7,3.3,True
2023-04-13,1986.27,2133.35,1315.44,35.35,19.65,True,18.35,11.27,4.73,True,3.44,2.56,True
2023-04-14,1983.86,2133.31,1316.4,35.31,19.69,True,18.31,8.86,7.14,True,4.4,1.6,True
2023-04-15,1979.64,2133.87,1315.11,35.87,19.13,True,18.87,4.64,11.36,True,3.11,2.89,True
2023-04-16,1984.75,2131.78,1315.35,33.78,21.22,True,16.78,9.75,6.25,True,3.35,2.65,True
2023-04-17,1983.41,2132.19,1314.71,34.19,20.81,True,17.19,8.41,7.59,True,2.71,3.29,True
2023-04-18,1980.99,2132.19,1315.97,34.19,20.81,True,17.19,5.99,10.01,True,3.97,2.03,True
2023-04-19,1986.13,2129.11,1316.2,31.11,23.89,True,14.11,11.13,4.87,True,4.2,1.8,True
2023-04-20,1984.87,2129.57,1316.26,31.57,23.43,True,14.57,9.87,6.13,True,4.26,1.74,True
2023-04-21,1983.67,2129.66,1314.78,31.66,23.34,True,14.66,8.67,7.33,True,2.78,3.22,True
2023-04-22,1983.3,2130.13,1314.34,32.13,22.87,True,15.13,8.3,7.7,True,2.34,3.66,True
2023-04-23,1985.45,2130.89,1314.15,32.89,22.11,True,15.89,10.45,5.55,True,2.15,3.85,True
2023-04-24,1985.19,2131.33,1315.81,33.33,21.67,True,16.33,10.19,5.81,True,3.81,2.19,True
2023-04-25,1983.75,2132.19,1315.85,34.19,20.81,True,17.19,8.75,7.25,True,3.85,2.15,True
2023-04-26,1983.42,2133.13,1314.79,35.13,19.87,True,18.13,8.42,7.58,True,2.79,3.21,True
2023-04-27,1982.18,2134.87,1313.74,36.87,18.13,True,19.87,7.18,8.82,True,1.74,4.26,True
2023-04-28,1983.13,2136.69,1315.53,38.69,16.31,True,21.69,8.13,7.87,True,3.53,2.47,True
2023-04-29,1984.14,2138.12,1314.66,40.12,14.88,True,23.12,9.14,6.86,True,2.66,3.34,True
2023-04-30,,,,,,False,,,,False,,,False
2023-05-01,1985.84,2139.15,1315.29,41.15,13.85,True,24.15,10.84,5.16,True,3.29,2.71,True
2023-05-02,1984.66,2139.65,1315.0,41.65,13.35,True,24.65,9.66,6.34,True,3.0,3.0,True
2023-05-03,1983.33,2140.43,1315.35,42.43,12.57,True,25.43,8.33,7.67,True,3.35,2.65,True
2023-05-04,1984.23,2140.38,1314.84,42.38,12.62,True,25.38,9.23,6.77,True,2.84,3.16,True
2023-05-05,1983.52,2140.6,1315.25,42.6,12.4,True,25.6,8.52,7.48,True,3.25,2.75,True
2023-05-06,1983.97,2139.74,1316.2,41.74,13.26,True,24.74,8.97,7.03,True,4.2,1.8,True
2023-05-07,1984.3,2138.8,1314.89,40.8,14.2,True,23.8,9.3,6.7,True,2.89,3.11,True
2023-05-08,1984.23,2138.02,1316.42,40.02,14.98,True,23.02,9.23,6.77,True,4.42,1.58,True
2023-05-09,1984.69,2137.95,1315.08,39.95,15.05,True,22.95,9.69,6.31,True,3.08,2.92,True
2023-05-10,1984.14,2139.0,1315.37,41.0,14.0,True,24.0,9.14,6.86,True,3.37,2.63,True
2023-05-11,1984.03,2139.24,1314.68,41.24,13.76,True,24.24,9.03,6.97,True,2.68,3.32,True
2023-05-12,1983.49,2139.39,1315.4,41.39,13.61,True,24.39,8.49,7.51,True,3.4,2.6,True
2023-05-13,1984.12,2139.48,1315.32,41.48,13.52,True,24.48,9.12,6.88,True,3.32,2.68,True
2023-05-14,1985.1,2140.74,1316.55,42.74,12.26,True,25.74,10.1,5.9,True,4.55,1.45,True
2023-05-15,1986.2,2140.72,1317.02,42.72,12.28,True,25.72,11.2,4.8,True,5.02,0.98,True
2023-05-16,1986.58,2140.34,1316.46,42.34,12.66,True,25.34,11.58,4.42,True,4.46,1.54,True
2023-05-17,1985.38,2140.35,1315.52,42.35,12.65,True,25.35,10.38,5.62,True,3.52,2.48,True
2023-05-18,1984.23,2139.94,1316.1,41.94,13.06,True,24.94,9.23,6.77,True,4.1,1.9,True
2023-05-19,1982.87,2139.75,1315.28,41.75,13.25,True,24.75,7.87,8.13,True,3.28,2.72,True
2023-05-20,1982.58,2139.99,1314.66,41.99,13.01,True,24.99,7.58,8.42,True,2.66,3.34,True
2023-05-21,1983.78,2140.23,1314.1,42.23,12.77,True,25.23,8.78,7.22,True,2.1,3.9,True
2023-05-22,1983.23,2139.8,1316.78,41.8,13.2,True,24.8,8.23,7.77,True,4.78,1.22,True
2023-05-23,1984.42,2141.11,1314.62,43.11,11.89,True,26.11,9.42,6.58,True,2.62,3.38,True
2023-05-24,1984.58,2141.31,1316.29,43.31,11.69,True,26.31,9.58,6.42,True,4.29,1.71,True
2023-05-25,1984.67,2141.12,1315.36,43.12,11.88,True,26.12,9.67,6.33,True,3.36,2.64,True
2023-05-26,1983.48,2141.56,1316.69,43.56,11.44,True,26.56,8.48,7.52,True,4.69,1.31,True
2023-05-27,1983.49,2141.46,1316.65,43.46,11.54,True,26.46,8.49,7.51,True,4.65,1.35,True
2023-05-28,1985.04,2142.12,1316.52,44.12,10.88,True,27.12,10.04,5.96,True,4.52,1.48,True
2023-05-29,1985.12,2141.98,1316.38,43.98,11.02,True,26.98,10.12,5.88,True,4.38,1.62,True
2023-05-30,1984.11,2141.85,1316.62,43.85,11.15,True,26.85,9.11,6.89,True,4.62,1.38,True
2023-05-31,,,,,,False,,,,False,,,False
2023-06-01,1985.04,2143.24,1315.92,45.24,9.76,True,28.24,10.04,5.96,True,3.92,2.08,True
2023-06-02,1985.38,2143.45,1316.8,45.45,9.55,True,28.45,10.38,5.62,True,4.8,1.2,True
2023-06-03,1985.39,2143.56,1315.59,45.56,9.44,True,28.56,10.39,5.61,True,3.59,2.41,True
2023-06-04,1984.83,2143.95,1314.93,45.95,9.05,True,28.95,9.83,6.17,True,2.93,3.07,True
2023-06-05,1985.41,2144.07,1315.44,46.07,8.93,True,29.07,10.41,5.59,True,3.44,2.56,True
2023-06-06,1986.92,2144.77,1314.69,46.77,8.23,True,29.77,11.92,4.08,True,2.69,3.31,True
2023-06-07,1987.17,2146.17,1314.49,48.17,6.83,True,31.17,12.17,3.83,True,2.49,3.51,True
2023-06-08,1986.12,2147.36,1316.34,49.36,5.64,True,32.36,11.12,4.88,True,4.34,1.66,True
2023-06-09,1984.75,2148.18,1316.34,50.18,4.82,True,33.18,9.75,6.25,True,4.34,1.66,True
2023-06-10,1984.83,2148.78,1315.65,50.78,4.22,True,33.78,9.83,6.17,True,3.65,2.35,True
2023-06-11,1983.79,2149.48,1314.85,51.48,3.52,True,34.48,8.79,7.21,True,2.85,3.15,True
2023-06-12,1983.58,2149.46,1316.03,51.46,3.54,True,34.46,8.58,7.42,True,4.03,1.97,True
2023-06-13,1983.04,2149.17,1316.04,51.17,3.83,True,34.17,8.04,7.96,True,4.04,1.96,True
2023-06-14,1984.85,2149.13,1315.23,51.13,3.87,True,34.13,9.85,6.15,True,3.23,2.77,True
2023-06-15,1985.66,2150.94,1315.69,52.94,2.06,True,35.94,10.66,5.34,True,3.69,2.31,True
2023-06-16,1986.85,2153.0,1315.01,55.0,0.0,True,38.0,11.85,4.15,True,3.01,2.99,True
2023-06-17,1989.08,2153.67,1315.97,55.67,-0.67,False,38.67,14.08,1.92,True,3.97,2.03,True
2023-06-18,1990.96,2153.68,1315.97,55.68,-0.68,False,38.68,15.96,0.04,True,3.97,2.03,True
2023-06-19,1990.89,2153.47,1315.28,55.47,-0.47,False,38.47,15.89,0.11,True,3.28,2.72,True
2023-06-20,1990.7,2153.11,1314.75,55.11,-0.11,False,38.11,15.7,0.3,True,2.75,3.25,True
2023-06-21,1990.43,2152.76,1315.56,54.76,0.24,True,37.76,15.43,0.57,True,3.56,2.44,True
2023-06-22,1990.34,2152.27,1315.92,54.27,0.73,True,37.27,15.34,0.66,True,3.92,2.08,True
2023-06-23,1990.14,2151.83,1315.45,53.83,1.17,True,36.83,15.14,0.86,True,3.45,2.55,True
2023-06-24,1989.51,2152.39,1315.77,54.39,0.61,True,37.39,14.51,1.49,True,3.77,2.23,True
2023-06-25,1987.63,2153.17,1314.82,55.17,-0.17,False,38.17,12.63,3.37,True,2.82,3.18,True
2023-06-26,1989.36,2153.15,1315.28,55.15,-0.15,False,38.15,14.36,1.64,True,3.28,2.72,True
2023-06-27,1989.51,2153.01,1314.64,55.01,-0.01,False,38.01,14.51,1.49,True,2.64,3.36,True
2023-06-28,1988.73,2152.78,1315.69,54.78,0.22,True,37.78,13.73,2.27,True,3.69,2.31,True
2023-06-29,1988.82,2153.35,1315.37,55.35,-0.35,False,38.35,13.82,2.18,True,3.37,2.63,True
2023-06-30,,,,,,False,,,,False,,,False
2023-07-01,1990.86,2153.79,1316.05,55.79,-0.79,False,38.79,15.86,0.14,True,4.05,1.95,True
2023-07-02,1990.95,2153.52,1315.59,55.52,-0.52,False,38.52,15.95,0.05,True,3.59,2.41,True
2023-07-03,1989.99,2153.38,1314.82,55.38,-0.38,False,38.38,14.99,1.01,True,2.82,3.18,True
2023-07-04,1989.81,2152.87,1315.85,54.87,0.13,True,37.87,14.81,1.19,True,3.85,2.15,True
2023-07-05,1989.34,2152.26,1315.2,54.26,0.74,True,37.26,14.34,1.66,True,3.2,2.8,True
2023-07-06,1988.7,2151.88,1315.98,53.88,1.12,True,36.88,13.7,2.3,True,3.98,2.02,True
2023-07-07,1986.75,2152.11,1314.73,54.11,0.89,True,37.11,11.75,4.25,True,2.73,3.27,True
2023-07-08,1987.28,2153.23,1315.37,55.23,-0.23,False,38.23,12.28,3.72,True,3.37,2.63,True
2023-07-09,1986.48,2153.64,1315.06,55.64,-0.64,False,38.64,11.48,4.52,True,3.06,2.94,True
2023-07-10,1987.72,2153.31,1314.62,55.31,-0.31,False,38.31,12.72,3.28,True,2.62,3.38,True
2023-07-11,1988.26,2153.12,1316.22,55.12,-0.12,False,38.12,13.26,2.74,True,4.22,1.78,True
2023-07-12,1988.34,2153.07,1314.62,55.07,-0.07,False,38.07,13.34,2.66,True,2.62,3.38,True
2023-07-13,1987.91,2152.71,1315.88,54.71,0.29,True,37.71,12.91,3.09,True,3.88,2.12,True
2023-07-14,1988.18,2152.18,1315.4,54.18,0.82,True,37.18,13.18,2.82,True,3.4,2.6,True
2023-07-15,1989.0,2152.02,1315.48,54.02,0.98,True,37.02,14.0,2.0,True,3.48,2.52,True
2023-07-16,1988.19,2152.58,1316.52,54.58,0.42,True,37.58,13.19,2.81,True,4.52,1.48,True
2023-07-17,1988.27,2153.0,1316.14,55.0,0.0,True,38.0,13.27,2.73,True,4.14,1.86,True
2023-07-18,1990.79,2153.75,1315.35,55.75,-0.75,False,38.75,15.79,0.21,True,3.35,2.65,True
2023-07-19,1990.79,2153.36,1314.75,55.36,-0.36,False,38.36,15.79,0.21,True,2.75,3.25,True
2023-07-20,1990.98,2153.66,1316.03,55.66,-0.66,False,38.66,15.98,0.02,True,4.03,1.97,True
2023-07-21,1991.22,2153.89,1315.75,55.89,-0.89,False,38.89,16.22,-0.22,False,3.75,2.25,True
2023-07-22,1991.03,2153.45,1315.02,55.45,-0.45,False,38.45,16.03,-0.03,False,3.02,2.98,True
2023-07-23,1990.69,2153.23,1315.98,55.23,-0.23,False,38.23,15.69,0.31,True,3.98,2.02,True
2023-07-24,1990.62,2153.19,1315.73,55.19,-0.19,False,38.19,15.62,0.38,True,3.73,2.27,True
2023-07-25,1990.61,2153.01,1315.63,55.01,-0.01,False,38.01,15.61,0.39,True,3.63,2.37,True
2023-07-26,1989.99,2152.81,1314.87,54.81,0.19,True,37.81,14.99,1.01,True,2.87,3.13,True
2023-07-27,1989.09,2152.77,1315.31,54.77,0.23,True,37.77,14.09,1.91,True,3.31,2.69,True
2023-07-28,1988.01,2153.0,1315.02,55.0,0.0,True,38.0,13.01,2.99,True,3.02,2.98,True
2023-07-29,1989.3,2153.54,1316.21,55.54,-0.54,False,38.54,14.3,1.7,True,4.21,1.79,True
2023-07-30,1990.86,2153.85,1315.64,55.85,-0.85,False,38.85,15.86,0.14,True,3.64,2.36,True
2023-07-31,,,,,,False,,,,False,,,False
2023-08-01,1990.08,2153.12,1315.85,55.12,-0.12,False,38.12,15.08,0.92,True,3.85,2.15,True
2023-08-02,1990.4,2153.21,1316.16,55.21,-0.21,False,38.21,15.4,0.6,True,4.16,1.84,True
2023-08-03,1989.88,2153.1,1314.28,55.1,-0.1,False,38.1,14.88,1.12,True,2.28,3.72,True
2023-08-04,1990.52,2152.59,1315.51,54.59,0.41,True,37.59,15.52,0.48,True,3.51,2.49,True
2023-08-05,1990.76,2152.42,1315.25,54.42,0.58,True,37.42,15.76,0.24,True,3.25,2.75,True
2023-08-06,1990.24,2152.68,1315.12,54.68,0.32,True,37.68,15.24,0.76,True,3.12,2.88,True
2023-08-07,1990.7,2152.39,1315.1,54.39,0.61,True,37.39,15.7,0.3,True,3.1,2.9,True
2023-08-08,1990.89,2152.14,1315.11,54.14,0.86,True,37.14,15.89,0.11,True,3.11,2.89,True
2023-08-09,1990.96,2152.95,1314.91,54.95,0.05,True,37.95,15.96,0.04,True,2.91,3.09,True
2023-08-10,1990.99,2153.17,1315.06,55.17,-0.17,False,38.17,15.99,0.01,True,3.06,2.94,True
2023-08-11,1990.78,2153.1,1315.06,55.1,-0.1,False,38.1,15.78,0.22,True,3.06,2.94,True
2023-08-12,1989.96,2153.15,1314.77,55.15,-0.15,False,38.15,14.96,1.04,True,2.77,3.23,True
2023-08-13,1989.6,2153.19,1314.68,55.19,-0.19,False,38.19,14.6,1.4,True,2.68,3.32,True
2023-08-14,1990.35,2153.17,1314.59,55.17,-0.17,False,38.17,15.35,0.65,True,2.59,3.41,True
2023-08-15,1990.94,2153.71,1314.56,55.71,-0.71,False,38.71,15.94,0.06,True,2.56,3.44,True
2023-08-16,1990.69,2153.2,1314.71,55.2,-0.2,False,38.2,15.69,0.31,True,2.71,3.29,True
2023-08-17,1990.86,2152.56,1314.72,54.56,0.44,True,37.56,15.86,0.14,True,2.72,3.28,True
2023-08-18,1990.95,2151.81,1314.64,53.81,1.19,True,36.81,15.95,0.05,True,2.64,3.36,True
2023-08-19,1990.51,2151.67,1314.68,53.67,1.33,True,36.67,15.51,0.49,True,2.68,3.32,True
2023-08-20,1989.7,2151.92,1314.72,53.92,1.08,True,36.92,14.7,1.3,True,2.72,3.28,True
2023-08-21,1990.95,2153.1,1314.71,55.1,-0.1,False,38.1,15.95,0.05,True,2.71,3.29,True
2023-08-22,1991.14,2153.31,1314.51,55.31,-0.31,False,38.31,16.14,-0.14,False,2.51,3.49,True
2023-08-23,1990.71,2153.1,1314.57,55.1,-0.1,False,38.1,15.71,0.29,True,2.57,3.43,True
2023-08-24,1990.69,2152.59,1314.62,54.59,0.41,True,37.59,15.69,0.31,True,2.62,3.38,True
2023-08-25,1990.87,2151.95,1314.62,53.95,1.05,True,36.95,15.87,0.13,True,2.62,3.38,True
2023-08-26,1990.88,2151.57,1314.57,53.57,1.43,True,36.57,15.88,0.12,True,2.57,3.43,True
2023-08-27,1990.77,2151.35,1314.58,53.35,1.65,True,36.35,15.77,0.23,True,2.58,3.42,True
2023-08-28,1990.08,2151.69,1316.04,53.69,1.31,True,36.69,15.08,0.92,True,4.04,1.96,True
2023-08-29,1990.16,2151.52,1316.06,53.52,1.48,True,36.52,15.16,0.84,True,4.06,1.94,True
2023-08-30,1990.78,2151.03,1316.03,53.03,1.97,True,36.03,15.78,0.22,True,4.03,1.97,True
2023-08-31,,,,,,False,,,,False,,,False
2023-09-01,1988.08,2150.49,1316.93,52.49,2.51,True,35.49,13.08,2.92,True,4.93,1.07,True
2023-09-02,1987.01,2149.82,1316.85,51.82,3.18,True,34.82,12.01,3.99,True,4.85,1.15,True
2023-09-03,1986.38,2149.02,1316.72,51.02,3.98,True,34.02,11.38,4.62,True,4.72,1.28,True
2023-09-04,1984.83,2149.04,1316.33,51.04,3.96,True,34.04,9.83,6.17,True,4.33,1.67,True
2023-09-05,1983.88,2149.45,1315.02,51.45,3.55,True,34.45,8.88,7.12,True,3.02,2.98,True
2023-09-06,1983.94,2149.62,1316.51,51.62,3.38,True,34.62,8.94,7.06,True,4.51,1.49,True
2023-09-07,1983.34,2149.33,1316.71,51.33,3.67,True,34.33,8.34,7.66,True,4.71,1.29,True
2023-09-08,1982.33,2148.83,1316.8,50.83,4.17,True,33.83,7.33,8.67,True,4.8,1.2,True
2023-09-09,1981.69,2148.63,1315.74,50.63,4.37,True,33.63,6.69,9.31,True,3.74,2.26,True
2023-09-10,1981.36,2148.68,1315.68,50.68,4.32,True,33.68,6.36,9.64,True,3.68,2.32,True
2023-09-11,1981.37,2148.59,1315.19,50.59,4.41,True,33.59,6.37,9.63,True,3.19,2.81,True
2023-09-12,1980.07,2148.49,1314.31,50.49,4.51,True,33.49,5.07,10.93,True,2.31,3.69,True
2023-09-13,1979.09,2147.85,1315.64,49.85,5.15,True,32.85,4.09,11.91,True,3.64,2.36,True
2023-09-14,1981.0,2147.29,1315.65,49.29,5.71,True,32.29,6.0,10.0,True,3.65,2.35,True
2023-09-15,1981.43,2148.15,1315.54,50.15,4.85,True,33.15,6.43,9.57,True,3.54,2.46,True
2023-09-16,1981.36,2148.53,1315.35,50.53,4.47,True,33.53,6.36,9.64,True,3.35,2.65,True
2023-09-17,1980.9,2148.58,1315.87,50.58,4.42,True,33.58,5.9,10.1,True,3.87,2.13,True
2023-09-18,1981.34,2148.04,1315.69,50.04,4.96,True,33.04,6.34,9.66,True,3.69,2.31,True
2023-09-19,1981.53,2147.73,1315.48,49.73,5.27,True,32.73,6.53,9.47,True,3.48,2.52,True
2023-09-20,1980.98,2147.4,1315.2,49.4,5.6,True,32.4,5.98,10.02,True,3.2,2.8,True
2023-09-21,1979.27,2146.85,1316.35,48.85,6.15,True,31.85,4.27,11.73,True,4.35,1.65,True
2023-09-22,1976.73,2146.16,1316.42,48.16,6.84,True,31.16,1.73,14.27,True,4.42,1.58,True
2023-09-23,1979.89,2144.98,1315.3,46.98,8.02,True,29.98,4.89,11.11,True,3.3,2.7,True
2023-09-24,1981.97,2144.39,1315.64,46.39,8.61,True,29.39,6.97,9.03,True,3.64,2.36,True
2023-09-25,1981.09,2143.84,1314.94,45.84,9.16,True,28.84,6.09,9.91,True,2.94,3.06,True
2023-09-26,1980.73,2143.19,1315.69,45.19,9.81,True,28.19,5.73,10.27,True,3.69,2.31,True
2023-09-27,1979.02,2142.39,1316.0,44.39,10.61,True,27.39,4.02,11.98,True,4.0,2.0,True
2023-09-28,1979.37,2140.99,1316.62,42.99,12.01,True,25.99,4.37,11.63,True,4.62,1.38,True
2023-09-29,1979.26,2139.88,1316.97,41.88,13.12,True,24.88,4.26,11.74,True,4.97,1.03,True
2023-09-30,,,,,,False,,,,False,,,False
2023-10-01,1982.06,2139.08,1315.99,41.08,13.92,True,24.08,7.06,8.94,True,3.99,2.01,True
2023-10-02,1981.15,2138.14,1317.78,40.14,14.86,True,23.14,6.15,9.85,True,5.78,0.22,True
2023-10-03,1978.64,2137.0,1317.46,39.0,16.0,True,22.0,3.64,12.36,True,5.46,0.54,True
2023-10-04,1976.97,2135.6,1317.43,37.6,17.4,True,20.6,1.97,14.03,True,5.43,0.57,True
2023-10-05,1978.21,2134.0,1316.2,36.0,19.0,True,19.0,3.21,12.79,True,4.2,1.8,True
2023-10-06,1975.25,2132.85,1316.77,34.85,20.15,True,17.85,0.25,15.75,True,4.77,1.23,True
2023-10-07,1974.8,2131.43,1316.35,33.43,21.57,True,16.43,-0.2,16.2,False,4.35,1.65,True
2023-10-08,1976.55,2130.42,1314.01,32.42,22.58,True,15.42,1.55,14.45,True,2.01,3.99,True
2023-10-09,1979.89,2128.97,1314.73,30.97,24.03,True,13.97,4.89,11.11,True,2.73,3.27,True
2023-10-10,1978.93,2128.51,1314.61,30.51,24.49,True,13.51,3.93,12.07,True,2.61,3.39,True
2023-10-11,1978.72,2127.86,1315.94,29.86,25.14,True,12.86,3.72,12.28,True,3.94,2.06,True
2023-10-12,1977.75,2126.66,1316.59,28.66,26.34,True,11.66,2.75,13.25,True,4.59,1.41,True
2023-10-13,1975.79,2125.19,1316.46,27.19,27.81,True,10.19,0.79,15.21,True,4.46,1.54,True
2023-10-14,1978.3,2125.07,1315.86,27.07,27.93,True,10.07,3.3,12.7,True,3.86,2.14,True
2023-10-15,1981.0,2124.93,1315.61,26.93,28.07,True,9.93,6.0,10.0,True,3.61,2.39,True
2023-10-16,1981.09,2124.28,1314.34,26.28,28.72,True,9.28,6.09,9.91,True,2.34,3.66,True
2023-10-17,1979.53,2123.7,1315.94,25.7,29.3,True,8.7,4.53,11.47,True,3.94,2.06,True
2023-10-18,1977.58,2122.86,1314.91,24.86,30.14,True,7.86,2.58,13.42,True,2.91,3.09,True
2023-10-19,1978.3,2122.05,1315.64,24.05,30.95,True,7.05,3.3,12.7,True,3.64,2.36,True
2023-10-20,1977.95,2121.99,1314.62,23.99,31.01,True,6.99,2.95,13.05,True,2.62,3.38,True
2023-10-21,1976.14,2122.03,1314.62,24.03,30.97,True,7.03,1.14,14.86,True,2.62,3.38,True
2023-10-22,1978.02,2121.59,1315.48,23.59,31.41,True,6.59,3.02,12.98,True,3.48,2.52,True
2023-10-23,1977.33,2120.93,1314.93,22.93,32.07,True,5.93,2.33,13.67,True,2.93,3.07,True
2023-10-24,1975.75,2119.78,1316.11,21.78,33.22,True,4.78,0.75,15.25,True,4.11,1.89,True
2023-10-25,1975.39,2118.2,1315.77,20.2,34.8,True,3.2,0.39,15.61,True,3.77,2.23,True
2023-10-26,1975.42,2116.72,1316.1,18.72,36.28,True,1.72,0.42,15.58,True,4.1,1.9,True
2023-10-27,1976.14,2116.34,1315.63,18.34,36.66,True,1.34,1.14,14.86,True,3.63,2.37,True
2023-10-28,1976.42,2116.5,1315.85,18.5,36.5,True,1.5,1.42,14.58,True,3.85,2.15,True
2023-10-29,1976.24,2116.37,1315.43,18.37,36.63,True,1.37,1.24,14.76,True,3.43,2.57,True
2023-10-30,1977.29,2115.78,1315.27,17.78,37.22,True,0.78,2.29,13.71,True,3.27,2.73,True
2023-10-31,,,,,,False,,,,False,,,False
2023-11-01,1977.31,2115.61,1315.08,17.61,37.39,True,0.61,2.31,13.69,True,3.08,2.92,True
2023-11-02,1978.2,2115.37,1315.46,17.37,37.63,True,0.37,3.2,12.8,True,3.46,2.54,True
2023-11-03,1976.57,2115.72,1315.64,17.72,37.28,True,0.72,1.57,14.43,True,3.64,2.36,True
2023-11-04,1976.74,2115.98,1315.79,17.98,37.02,True,0.98,1.74,14.26,True,3.79,2.21,True
2023-11-05,1977.18,2116.33,1314.74,18.33,36.67,True,1.33,2.18,13.82,True,2.74,3.26,True
2023-11-06,1977.74,2116.75,1314.48,18.75,36.25,True,1.75,2.74,13.26,True,2.48,3.52,True
2023-11-07,1977.04,2117.1,1315.38,19.1,35.9,True,2.1,2.04,13.96,True,3.38,2.62,True
2023-11-08,1978.18,2116.53,1314.93,18.53,36.47,True,1.53,3.18,12.82,True,2.93,3.07,True
2023-11-09,1979.0,2116.53,1314.76,18.53,36.47,True,1.53,4.0,12.0,True,2.76,3.24,True
2023-11-10,1980.34,2117.63,1315.62,19.63,35.37,True,2.63,5.34,10.66,True,3.62,2.38,True
2023-11-11,1980.63,2118.66,1315.65,20.66,34.34,True,3.66,5.63,10.37,True,3.65,2.35,True
2023-11-12,1981.98,2119.11,1315.77,21.11,33.89,True,4.11,6.98,9.02,True,3.77,2.23,True
2023-11-13,1981.98,2119.74,1314.99,21.74,33.26,True,4.74,6.98,9.02,True,2.99,3.01,True
2023-11-14,1981.28,2120.29,1315.49,22.29,32.71,True,5.29,6.28,9.72,True,3.49,2.51,True
2023-11-15,1981.78,2121.21,1315.56,23.21,31.79,True,6.21,6.78,9.22,True,3.56,2.44,True
2023-11-16,1982.31,2122.16,1315.52,24.16,30.84,True,7.16,7.31,8.69,True,3.52,2.48,True
2023-11-17,1981.55,2122.42,1315.01,24.42,30.58,True,7.42,6.55,9.45,True,3.01,2.99,True
2023-11-18,1980.99,2122.34,1315.45,24.34,30.66,True,7.34,5.99,10.01,True,3.45,2.55,True
2023-11-19,1980.82,2122.2,1315.35,24.2,30.8,True,7.2,5.82,10.18,True,3.35,2.65,True
2023-11-20,1981.55,2121.87,1315.44,23.87,31.13,True,6.87,6.55,9.45,True,3.44,2.56,True
2023-11-21,1981.89,2121.74,1315.52,23.74,31.26,True,6.74,6.89,9.11,True,3.52,2.48,True
2023-11-22,1982.05,2120.97,1315.49,22.97,32.03,True,5.97,7.05,8.95,True,3.49,2.51,True
2023-11-23,1981.08,2120.75,1315.15,22.75,32.25,True,5.75,6.08,9.92,True,3.15,2.85,True
2023-11-24,1980.53,2121.48,1315.23,23.48,31.52,True,6.48,5.53,10.47,True,3.23,2.77,True
2023-11-25,1979.97,2121.89,1314.78,23.89,31.11,True,6.89,4.97,11.03,True,2.78,3.22,True
2023-11-26,1980.37,2122.28,1314.7,24.28,30.72,True,7.28,5.37,10.63,True,2.7,3.3,True
2023-11-27,1980.98,2122.35,1315.29,24.35,30.65,True,7.35,5.98,10.02,True,3.29,2.71,True
2023-11-28,1981.33,2123.1,1315.01,25.1,29.9,True,8.1,6.33,9.67,True,3.01,2.99,True
2023-11-29,1981.52,2123.71,1315.31,25.71,29.29,True,8.71,6.52,9.48,True,3.31,2.69,True
2023-11-30,,,,,,False,,,,False,,,False
2023-12-01,1982.77,2124.33,1314.51,26.33,28.67,True,9.33,7.77,8.23,True,2.51,3.49,True
2023-12-02,1983.43,2124.26,1315.31,26.26,28.74,True,9.26,8.43,7.57,True,3.31,2.69,True
2023-12-03,1983.68,2124.25,1315.03,26.25,28.75,True,9.25,8.68,7.32,True,3.03,2.97,True
2023-12-04,1984.32,2123.35,1315.24,25.35,29.65,True,8.35,9.32,6.68,True,3.24,2.76,True
2023-12-05,1983.95,2123.28,1315.17,25.28,29.72,True,8.28,8.95,7.05,True,3.17,2.83,True
2023-12-06,1984.04,2123.12,1314.73,25.12,29.88,True,8.12,9.04,6.96,True,2.73,3.27,True
2023-12-07,1982.77,2123.03,1315.39,25.03,29.97,True,8.03,7.77,8.23,True,3.39,2.61,True
2023-12-08,1981.46,2123.03,1315.22,25.03,29.97,True,8.03,6.46,9.54,True,3.22,2.78,True
2023-12-09,1982.14,2123.27,1315.19,25.27,29.73,True,8.27,7.14,8.86,True,3.19,2.81,True
2023-12-10,1982.15,2123.84,1315.02,25.84,29.16,True,8.84,7.15,8.85,True,3.02,2.98,True
2023-12-11,1982.44,2123.95,1314.3,25.95,29.05,True,8.95,7.44,8.56,True,2.3,3.7,True
2023-12-12,1982.7,2123.99,1315.09,25.99,29.01,True,8.99,7.7,8.3,True,3.09,2.91,True
2023-12-13,1982.97,2124.08,1314.19,26.08,28.92,True,9.08,7.97,8.03,True,2.19,3.81,True
2023-12-14,1982.7,2124.18,1315.26,26.18,28.82,True,9.18,7.7,8.3,True,3.26,2.74,True
2023-12-15,1983.22,2124.26,1315.82,26.26,28.74,True,9.26,8.22,7.78,True,3.82,2.18,True
2023-12-16,1985.03,2124.91,1315.41,26.91,28.09,True,9.91,10.03,5.97,True,3.41,2.59,True
2023-12-17,1985.3,2126.01,1315.76,28.01,26.99,True,11.01,10.3,5.7,True,3.76,2.24,True
2023-12-18,1986.02,2127.58,1315.38,29.58,25.42,True,12.58,11.02,4.98,True,3.38,2.62,True
2023-12-19,1985.65,2128.39,1315.38,30.39,24.61,True,13.39,10.65,5.35,True,3.38,2.62,True
2023-12-20,1985.3,2129.21,1315.31,31.21,23.79,True,14.21,10.3,5.7,True,3.31,2.69,True
2023-12-21,1984.66,2129.97,1315.25,31.97,23.03,True,14.97,9.66,6.34,True,3.25,2.75,True
2023-12-22,1984.76,2130.19,1315.03,32.19,22.81,True,15.19,9.76,6.24,True,3.03,2.97,True
2023-12-23,1984.78,2130.75,1315.57,32.75,22.25,True,15.75,9.78,6.22,True,3.57,2.43,True
2023-12-24,1984.87,2131.3,1314.81,33.3,21.7,True,16.3,9.87,6.13,True,2.81,3.19,True
2023-12-25,1985.5,2131.71,1314.61,33.71,21.29,True,16.71,10.5,5.5,True,2.61,3.39,True
2023-12-26,1985.41,2132.26,1314.89,34.26,20.74,True,17.26,10.41,5.59,True,2.89,3.11,True
2023-12-27,1986.56,2134.08,1314.65,36.08,18.92,True,19.08,11.56,4.44,True,2.65,3.35,True
2023-12-28,1986.66,2136.23,1315.71,38.23,16.77,True,21.23,11.66,4.34,True,3.71,2.29,True
2023-12-29,1985.2,2138.78,1314.43,40.78,14.22,True,23.78,10.2,5.8,True,2.43,3.57,True
2023-12-30,1984.42,2140.45,1315.51,42.45,12.55,True,25.45,9.42,6.58,True,3.51,2.49,True
2023-12-31,,,,,,False,,,,False,,,False
2024-01-01,1984.22,2143.26,1315.04,45.26,9.74,True,28.26,9.22,6.78,True,3.04,2.96,True
2024-01-02,1984.32,2144.34,1314.92,46.34,8.66,True,29.34,9.32,6.68,True,2.92,3.08,True
2024-01-03,1984.24,2145.15,1315.11,47.15,7.85,True,30.15,9.24,6.76,True,3.11,2.89,True
2024-01-04,1984.67,2145.77,1315.3,47.77,7.23,True,30.77,9.67,6.33,True,3.3,2.7,True
2024-01-05,1984.94,2146.39,1315.23,48.39,6.61,True,31.39,9.94,6.06,True,3.23,2.77,True
2024-01-06,1984.66,2145.77,1316.82,47.77,7.23,True,30.77,9.66,6.34,True,4.82,1.18,True
2024-01-07,1985.21,2144.87,1315.94,46.87,8.13,True,29.87,10.21,5.79,True,3.94,2.06,True
2024-01-08,1984.57,2144.36,1316.0,46.36,8.64,True,29.36,9.57,6.43,True,4.0,2.0,True
2024-01-09,1984.29,2143.81,1315.88,45.81,9.19,True,28.81,9.29,6.71,True,3.88,2.12,True
2024-01-10,1983.32,2143.49,1316.55,45.49,9.51,True,28.49,8.32,7.68,True,4.55,1.45,True
2024-01-11,1982.4,2142.93,1315.29,44.93,10.07,True,27.93,7.4,8.6,True,3.29,2.71,True
2024-01-12,1982.71,2142.27,1316.0,44.27,10.73,True,27.27,7.71,8.29,True,4.0,2.0,True
2024-01-13,1982.84,2142.03,1316.32,44.03,10.97,True,27.03,7.84,8.16,True,4.32,1.68,True
2024-01-14,1982.96,2142.77,1314.51,44.77,10.23,True,27.77,7.96,8.04,True,2.51,3.49,True
2024-01-15,1982.97,2143.0,1315.07,45.0,10.0,True,28.0,7.97,8.03,True,3.07,2.93,True
2024-01-16,1983.23,2143.52,1314.64,45.52,9.48,True,28.52,8.23,7.77,True,2.64,3.36,True
2024-01-17,1985.48,2144.5,1316.1,46.5,8.5,True,29.5,10.48,5.52,True,4.1,1.9,True
2024-01-18,1985.87,2145.0,1316.55,47.0,8.0,True,30.0,10.87,5.13,True,4.55,1.45,True
2024-01-19,1984.65,2144.94,1316.91,46.94,8.06,True,29.94,9.65,6.35,True,4.91,1.09,True
2024-01-20,1984.6,2145.6,1316.09,47.6,7.4,True,30.6,9.6,6.4,True,4.09,1.91,True
2024-01-21,1984.48,2146.28,1316.44,48.28,6.72,True,31.28,9.48,6.52,True,4.44,1.56,True
2024-01-22,1984.84,2146.2,1316.39,48.2,6.8,True,31.2,9.84,6.16,True,4.39,1.61,True
2024-01-23,1984.58,2145.69,1316.71,47.69,7.31,True,30.69,9.58,6.42,True,4.71,1.29,True
2024-01-24,1984.76,2144.88,1316.51,46.88,8.12,True,29.88,9.76,6.24,True,4.51,1.49,True
2024-01-25,1984.14,2144.02,1316.38,46.02,8.98,True,29.02,9.14,6.86,True,4.38,1.62,True
2024-01-26,1983.88,2142.84,1317.14,44.84,10.16,True,27.84,8.88,7.12,True,5.14,0.86,True
2024-01-27,1983.68,2141.65,1316.77,43.65,11.35,True,26.65,8.68,7.32,True,4.77,1.23,True
2024-01-28,1984.3,2140.37,1316.65,42.37,12.63,True,25.37,9.3,6.7,True,4.65,1.35,True
2024-01-29,1984.86,2139.35,1316.42,41.35,13.65,True,24.35,9.86,6.14,True,4.42,1.58,True
2024-01-30,1984.93,2138.18,1316.57,40.18,14.82,True,23.18,9.93,6.07,True,4.57,1.43,True
2024-01-31,,,,,,False,,,,False,,,False
2024-02-01,1985.66,2135.59,1316.52,37.59,17.41,True,20.59,10.66,5.34,True,4.52,1.48,True
2024-02-02,1985.39,2134.62,1316.73,36.62,18.38,True,19.62,10.39,5.61,True,4.73,1.27,True
2024-02-03,1985.14,2133.55,1315.42,35.55,19.45,True,18.55,10.14,5.86,True,3.42,2.58,True
2024-02-04,1984.13,2133.95,1314.67,35.95,19.05,True,18.95,9.13,6.87,True,2.67,3.33,True
2024-02-05,1985.04,2134.44,1314.11,36.44,18.56,True,19.44,10.04,5.96,True,2.11,3.89,True
2024-02-06,1985.66,2134.63,1315.94,36.63,18.37,True,19.63,10.66,5.34,True,3.94,2.06,True
2024-02-07,1984.86,2134.19,1315.19,36.19,18.81,True,19.19,9.86,6.14,True,3.19,2.81,True
2024-02-08,1984.4,2134.11,1316.09,36.11,18.89,True,19.11,9.4,6.6,True,4.09,1.91,True
2024-02-09,1983.75,2133.78,1315.54,35.78,19.22,True,18.78,8.75,7.25,True,3.54,2.46,True
2024-02-10,1983.87,2134.01,1314.19,36.01,18.99,True,19.01,8.87,7.13,True,2.19,3.81,True
2024-02-11,1985.04,2133.9,1315.03,35.9,19.1,True,18.9,10.04,5.96,True,3.03,2.97,True
2024-02-12,1986.75,2133.31,1315.26,35.31,19.69,True,18.31,11.75,4.25,True,3.26,2.74,True
2024-02-13,1986.72,2133.05,1314.79,35.05,19.95,True,18.05,11.72,4.28,True,2.79,3.21,True
2024-02-14,1986.89,2132.58,1314.92,34.58,20.42,True,17.58,11.89,4.11,True,2.92,3.08,True
2024-02-15,1987.62,2132.95,1315.59,34.95,20.05,True,17.95,12.62,3.38,True,3.59,2.41,True
2024-02-16,1987.89,2132.71,1316.27,34.71,20.29,True,17.71,12.89,3.11,True,4.27,1.73,True
2024-02-17,1987.39,2133.83,1316.19,35.83,19.17,True,18.83,12.39,3.61,True,4.19,1.81,True
2024-02-18,1985.77,2134.58,1316.22,36.58,18.42,True,19.58,10.77,5.23,True,4.22,1.78,True
2024-02-19,1985.0,2134.26,1315.8,36.26,18.74,True,19.26,10.0,6.0,True,3.8,2.2,True
2024-02-20,1985.23,2133.79,1314.87,35.79,19.21,True,18.79,10.23,5.77,True,2.87,3.13,True
2024-02-21,1984.77,2133.35,1316.16,35.35,19.65,True,18.35,9.77,6.23,True,4.16,1.84,True
2024-02-22,1983.96,2132.58,1315.71,34.58,20.42,True,17.58,8.96,7.04,True,3.71,2.29,True
2024-02-23,1983.43,2131.65,1316.36,33.65,21.35,True,16.65,8.43,7.57,True,4.36,1.64,True
2024-02-24,1983.06,2131.14,1316.31,33.14,21.86,True,16.14,8.06,7.94,True,4.31,1.69,True
2024-02-25,1982.78,2130.65,1315.59,32.65,22.35,True,15.65,7.78,8.22,True,3.59,2.41,True
2024-02-26,1981.89,2129.89,1314.99,31.89,23.11,True,14.89,6.89,9.11,True,2.99,3.01,True
2024-02-27,1980.82,2129.15,1315.77,31.15,23.85,True,14.15,5.82,10.18,True,3.77,2.23,True
2024-02-28,1982.13,2127.87,1316.03,29.87,25.13,True,12.87,7.13,8.87,True,4.03,1.97,True
2024-02-29,,,,,,False,,,,False,,,False
2024-03-01,1984.95,2127.49,1314.77,29.49,25.51,True,12.49,9.95,6.05,True,2.77,3.23,True
2024-03-02,1984.06,2128.57,1315.26,30.57,24.43,True,13.57,9.06,6.94,True,3.26,2.74,True
2024-03-03,1983.66,2129.42,1315.61,31.42,23.58,True,14.42,8.66,7.34,True,3.61,2.39,True
2024-03-04,1984.32,2129.27,1314.58,31.27,23.73,True,14.27,9.32,6.68,True,2.58,3.42,True
2024-03-05,1983.79,2129.69,1313.87,31.69,23.31,True,14.69,8.79,7.21,True,1.87,4.13,True
2024-03-06,1984.59,2129.2,1315.64,31.2,23.8,True,14.2,9.59,6.41,True,3.64,2.36,True
2024-03-07,1986.04,2128.68,1314.78,30.68,24.32,True,13.68,11.04,4.96,True,2.78,3.22,True
2024-03-08,1986.19,2128.57,1317.15,30.57,24.43,True,13.57,11.19,4.81,True,5.15,0.85,True
2024-03-09,1985.74,2129.06,1314.04,31.06,23.94,True,14.06,10.74,5.26,True,2.04,3.96,True
2024-03-10,1985.74,2129.48,1315.08,31.48,23.52,True,14.48,10.74,5.26,True,3.08,2.92,True
2024-03-11,1984.67,2129.62,1314.7,31.62,23.38,True,14.62,9.67,6.33,True,2.7,3.3,True
2024-03-12,1983.22,2129.35,1315.22,31.35,23.65,True,14.35,8.22,7.78,True,3.22,2.78,True
2024-03-13,1986.19,2128.41,1316.13,30.41,24.59,True,13.41,11.19,4.81,True,4.13,1.87,True
2024-03-14,1986.39,2129.04,1315.65,31.04,23.96,True,14.04,11.39,4.61,True,3.65,2.35,True
2024-03-15,1986.54,2129.18,1315.98,31.18,23.82,True,14.18,11.54,4.46,True,3.98,2.02,True
2024-03-16,1984.78,2129.24,1316.02,31.24,23.76,True,14.24,9.78,6.22,True,4.02,1.98,True
2024-03-17,1984.39,2129.24,1313.78,31.24,23.76,True,14.24,9.39,6.61,True,1.78,4.22,True
2024-03-18,1983.21,2128.97,1315.76,30.97,24.03,True,13.97,8.21,7.79,True,3.76,2.24,True
2024-03-19,1982.58,2128.68,1314.84,30.68,24.32,True,13.68,7.58,8.42,True,2.84,3.16,True
2024-03-20,1982.79,2128.11,1313.96,30.11,24.89,True,13.11,7.79,8.21,True,1.96,4.04,True
2024-03-21,1981.98,2127.5,1315.77,29.5,25.5,True,12.5,6.98,9.02,True,3.77,2.23,True
2024-03-22,1979.81,2127.28,1314.94,29.28,25.72,True,12.28,4.81,11.19,True,2.94,3.06,True
2024-03-23,1984.02,2124.68,1314.43,26.68,28.32,True,9.68,9.02,6.98,True,2.43,3.57,True
2024-03-24,1982.87,2124.99,1314.53,26.99,28.01,True,9.99,7.87,8.13,True,2.53,3.47,True
2024-03-25,1980.99,2124.49,1316.2,26.49,28.51,True,9.49,5.99,10.01,True,4.2,1.8,True
2024-03-26,1978.36,2123.87,1317.1,25.87,29.13,True,8.87,3.36,12.64,True,5.1,0.9,True
2024-03-27,1981.25,2120.11,1316.44,22.11,32.89,True,5.11,6.25,9.75,True,4.44,1.56,True
2024-03-28,1978.01,2119.38,1316.77,21.38,33.62,True,4.38,3.01,12.99,True,4.77,1.23,True
2024-03-29,1979.37,2118.53,1315.39,20.53,34.47,True,3.53,4.37,11.63,True,3.39,2.61,True
2024-03-30,1980.34,2117.91,1314.7,19.91,35.09,True,2.91,5.34,10.66,True,2.7,3.3,True
2024-03-31,,,,,,False,,,,False,,,False
2024-04-01,1981.44,2116.73,1315.12,18.73,36.27,True,1.73,6.44,9.56,True,3.12,2.88,True
2024-04-02,1980.64,2116.38,1314.05,18.38,36.62,True,1.38,5.64,10.36,True,2.05,3.95,True
2024-04-03,1979.39,2116.7,1315.0,18.7,36.3,True,1.7,4.39,11.61,True,3.0,3.0,True
2024-04-04,1978.74,2116.54,1313.83,18.54,36.46,True,1.54,3.74,12.26,True,1.83,4.17,True
2024-04-05,1979.09,2116.31,1314.73,18.31,36.69,True,1.31,4.09,11.91,True,2.73,3.27,True
2024-04-06,1980.09,2116.4,1315.46,18.4,36.6,True,1.4,5.09,10.91,True,3.46,2.54,True
2024-04-07,1981.6,2116.23,1315.58,18.23,36.77,True,1.23,6.6,9.4,True,3.58,2.42,True
2024-04-08,1981.09,2115.83,1315.02,17.83,37.17,True,0.83,6.09,9.91,True,3.02,2.98,True
2024-04-09,1980.54,2115.46,1314.04,17.46,37.54,True,0.46,5.54,10.46,True,2.04,3.96,True
2024-04-10,1979.38,2115.37,1315.0,17.37,37.63,True,0.37,4.38,11.62,True,3.0,3.0,True
2024-04-11,1977.57,2114.5,1314.57,16.5,38.5,True,-0.5,2.57,13.43,True,2.57,3.43,True
2024-04-12,1974.45,2112.89,1315.98,14.89,40.11,True,-2.11,-0.55,16.55,False,3.98,2.02,True
2024-04-13,1973.35,2111.3,1314.55,13.3,41.7,True,-3.7,-1.65,17.65,False,2.55,3.45,True
2024-04-14,1974.63,2109.86,1314.68,11.86,43.14,True,-5.14,-0.37,16.37,False,2.68,3.32,True
2024-04-15,1971.65,2108.97,1315.37,10.97,44.03,True,-6.03,-3.35,19.35,False,3.37,2.63,True
2024-04-16,1974.09,2107.88,1315.75,9.88,45.12,True,-7.12,-0.91,16.91,False,3.75,2.25,True
2024-04-17,1976.06,2106.66,1315.75,8.66,46.34,True,-8.34,1.06,14.94,True,3.75,2.25,True
2024-04-18,1974.52,2107.86,1315.65,9.86,45.14,True,-7.14,-0.48,16.48,False,3.65,2.35,True
2024-04-19,1976.14,2108.87,1313.41,10.87,44.13,True,-6.13,1.14,14.86,True,1.41,4.59,True
2024-04-20,1976.04,2110.1,1315.34,12.1,42.9,True,-4.9,1.04,14.96,True,3.34,2.66,True
2024-04-21,1977.3,2110.88,1315.39,12.88,42.12,True,-4.12,2.3,13.7,True,3.39,2.61,True
2024-04-22,1979.09,2112.12,1314.79,14.12,40.88,True,-2.88,4.09,11.91,True,2.79,3.21,True
2024-04-23,1979.29,2112.97,1315.25,14.97,40.03,True,-2.03,4.29,11.71,True,3.25,2.75,True
2024-04-24,1980.81,2113.42,1314.99,15.42,39.58,True,-1.58,5.81,10.19,True,2.99,3.01,True
2024-04-25,1981.61,2114.27,1315.85,16.27,38.73,True,-0.73,6.61,9.39,True,3.85,2.15,True
2024-04-26,1982.44,2114.79,1315.09,16.79,38.21,True,-0.21,7.44,8.56,True,3.09,2.91,True
2024-04-27,1981.1,2115.06,1315.02,17.06,37.94,True,0.06,6.1,9.9,True,3.02,2.98,True
2024-04-28,1981.68,2117.19,1314.04,19.19,35.81,True,2.19,6.68,9.32,True,2.04,3.96,True
2024-04-29,1982.58,2117.77,1314.85,19.77,35.23,True,2.77,7.58,8.42,True,2.85,3.15,True
2024-04-30,,,,,,False,,,,False,,,False
2024-05-01,1983.58,2119.06,1314.96,21.06,33.94,True,4.06,8.58,7.42,True,2.96,3.04,True
2024-05-02,1983.14,2119.48,1315.65,21.48,33.52,True,4.48,8.14,7.86,True,3.65,2.35,True
2024-05-03,1982.96,2119.68,1314.77,21.68,33.32,True,4.68,7.96,8.04,True,2.77,3.23,True
2024-05-04,1982.86,2120.73,1314.39,22.73,32.27,True,5.73,7.86,8.14,True,2.39,3.61,True
2024-05-05,1985.03,2122.13,1314.82,24.13,30.87,True,7.13,10.03,5.97,True,2.82,3.18,True
2024-05-06,1985.29,2123.34,1315.36,25.34,29.66,True,8.34,10.29,5.71,True,3.36,2.64,True
2024-05-07,1985.1,2124.83,1315.05,26.83,28.17,True,9.83,10.1,5.9,True,3.05,2.95,True
2024-05-08,1985.55,2125.83,1314.51,27.83,27.17,True,10.83,10.55,5.45,True,2.51,3.49,True
2024-05-09,1983.58,2127.28,1313.74,29.28,25.72,True,12.28,8.58,7.42,True,1.74,4.26,True
2024-05-10,1983.3,2127.64,1314.57,29.64,25.36,True,12.64,8.3,7.7,True,2.57,3.43,True
2024-05-11,1983.41,2128.04,1314.93,30.04,24.96,True,13.04,8.41,7.59,True,2.93,3.07,True
2024-05-12,1984.2,2128.26,1315.44,30.26,24.74,True,13.26,9.2,6.8,True,3.44,2.56,True
2024-05-13,1985.47,2127.98,1314.62,29.98,25.02,True,12.98,10.47,5.53,True,2.62,3.38,True
2024-05-14,1984.57,2128.15,1314.67,30.15,24.85,True,13.15,9.57,6.43,True,2.67,3.33,True
2024-05-15,1984.51,2128.19,1315.69,30.19,24.81,True,13.19,9.51,6.49,True,3.69,2.31,True
2024-05-16,1984.85,2128.16,1314.74,30.16,24.84,True,13.16,9.85,6.15,True,2.74,3.26,True
2024-05-17,1984.52,2128.44,1313.98,30.44,24.56,True,13.44,9.52,6.48,True,1.98,4.02,True
2024-05-18,1984.32,2128.63,1314.11,30.63,24.37,True,13.63,9.32,6.68,True,2.11,3.89,True
2024-05-19,1985.37,2129.67,1314.79,31.67,23.33,True,14.67,10.37,5.63,True,2.79,3.21,True
2024-05-20,1987.11,2131.99,1314.77,33.99,21.01,True,16.99,12.11,3.89,True,2.77,3.23,True
2024-05-21,1986.22,2133.15,1314.24,35.15,19.85,True,18.15,11.22,4.78,True,2.24,3.76,True
2024-05-22,1985.31,2134.4,1316.33,36.4,18.6,True,19.4,10.31,5.69,True,4.33,1.67,True
2024-05-23,1984.22,2135.64,1315.03,37.64,17.36,True,20.64,9.22,6.78,True,3.03,2.97,True
2024-05-24,1983.22,2135.48,1314.57,37.48,17.52,True,20.48,8.22,7.78,True,2.57,3.43,True
2024-05-25,1984.03,2136.04,1314.7,38.04,16.96,True,21.04,9.03,6.97,True,2.7,3.3,True
2024-05-26,1982.33,2136.85,1315.44,38.85,16.15,True,21.85,7.33,8.67,True,3.44,2.56,True
2024-05-27,1983.21,2137.03,1314.26,39.03,15.97,True,22.03,8.21,7.79,True,2.26,3.74,True
2024-05-28,1986.11,2138.67,1314.91,40.67,14.33,True,23.67,11.11,4.89,True,2.91,3.09,True
2024-05-29,1985.67,2139.91,1315.35,41.91,13.09,True,24.91,10.67,5.33,True,3.35,2.65,True
2024-05-30,1984.12,2140.68,1314.94,42.68,12.32,True,25.68,9.12,6.88,True,2.94,3.06,True
2024-05-31,,,,,,False,,,,False,,,False
2024-06-01,1984.66,2140.48,1315.33,42.48,12.52,True,25.48,9.66,6.34,True,3.33,2.67,True
2024-06-02,1984.83,2140.36,1315.29,42.36,12.64,True,25.36,9.83,6.17,True,3.29,2.71,True
2024-06-03,1985.46,2139.42,1314.76,41.42,13.58,True,24.42,10.46,5.54,True,2.76,3.24,True
2024-06-04,1984.67,2139.08,1315.11,41.08,13.92,True,24.08,9.67,6.33,True,3.11,2.89,True
2024-06-05,1985.48,2139.64,1315.01,41.64,13.36,True,24.64,10.48,5.52,True,3.01,2.99,True
2024-06-06,1985.77,2141.14,1314.28,43.14,11.86,True,26.14,10.77,5.23,True,2.28,3.72,True
2024-06-07,1985.41,2143.06,1315.82,45.06,9.94,True,28.06,10.41,5.59,True,3.82,2.18,True
2024-06-08,1985.38,2144.71,1317.24,46.71,8.29,True,29.71,10.38,5.62,True,5.24,0.76,True
2024-06-09,1984.94,2145.7,1314.83,47.7,7.3,True,30.7,9.94,6.06,True,2.83,3.17,True
2024-06-10,1984.83,2146.38,1314.37,48.38,6.62,True,31.38,9.83,6.17,True,2.37,3.63,True
2024-06-11,1985.3,2147.39,1315.82,49.39,5.61,True,32.39,10.3,5.7,True,3.82,2.18,True
2024-06-12,1985.92,2148.31,1315.09,50.31,4.69,True,33.31,10.92,5.08,True,3.09,2.91,True
2024-06-13,1986.86,2148.96,1315.44,50.96,4.04,True,33.96,11.86,4.14,True,3.44,2.56,True
2024-06-14,1984.66,2149.6,1316.85,51.6,3.4,True,34.6,9.66,6.34,True,4.85,1.15,True
2024-06-15,1984.95,2149.8,1315.94,51.8,3.2,True,34.8,9.95,6.05,True,3.94,2.06,True
2024-06-16,1990.61,2152.55,1317.35,54.55,0.45,True,37.55,15.61,0.39,True,5.35,0.65,True
2024-06-17,1990.71,2152.84,1317.21,54.84,0.16,True,37.84,15.71,0.29,True,5.21,0.79,True
2024-06-18,1990.06,2152.88,1317.23,54.88,0.12,True,37.88,15.06,0.94,True,5.23,0.77,True
2024-06-19,1989.99,2152.61,1316.67,54.61,0.39,True,37.61,14.99,1.01,True,4.67,1.33,True
2024-06-20,1988.89,2152.81,1316.61,54.81,0.19,True,37.81,13.89,2.11,True,4.61,1.39,True
2024-06-21,1989.34,2153.17,1317.12,55.17,-0.17,False,38.17,14.34,1.66,True,5.12,0.88,True
2024-06-22,1990.25,2152.87,1316.44,54.87,0.13,True,37.87,15.25,0.75,True,4.44,1.56,True
2024-06-23,1990.32,2152.63,1316.74,54.63,0.37,True,37.63,15.32,0.68,True,4.74,1.26,True
2024-06-24,1989.81,2152.35,1315.28,54.35,0.65,True,37.35,14.81,1.19,True,3.28,2.72,True
2024-06-25,1988.9,2152.03,1315.77,54.03,0.97,True,37.03,13.9,2.1,True,3.77,2.23,True
2024-06-26,1987.64,2151.68,1314.67,53.68,1.32,True,36.68,12.64,3.36,True,2.67,3.33,True
2024-06-27,1986.31,2151.64,1315.64,53.64,1.36,True,36.64,11.31,4.69,True,3.64,2.36,True
2024-06-28,1985.91,2151.31,1316.58,53.31,1.69,True,36.31,10.91,5.09,True,4.58,1.42,True
2024-06-29,1985.38,2150.97,1316.39,52.97,2.03,True,35.97,10.38,5.62,True,4.39,1.61,True
2024-06-30,,,,,,False,,,,False,,,False
2024-07-01,1984.49,2150.58,1314.93,52.58,2.42,True,35.58,9.49,6.51,True,2.93,3.07,True
2024-07-02,1985.12,2150.46,1314.28,52.46,2.54,True,35.46,10.12,5.88,True,2.28,3.72,True
2024-07-03,1985.83,2150.15,1316.28,52.15,2.85,True,35.15,10.83,5.17,True,4.28,1.72,True
2024-07-04,1984.38,2150.09,1314.32,52.09,2.91,True,35.09,9.38,6.62,True,2.32,3.68,True
2024-07-05,1983.85,2149.69,1315.39,51.69,3.31,True,34.69,8.85,7.15,True,3.39,2.61,True
2024-07-06,1984.3,2149.08,1316.35,51.08,3.92,True,34.08,9.3,6.7,True,4.35,1.65,True
2024-07-07,1984.75,2149.47,1315.01,51.47,3.53,True,34.47,9.75,6.25,True,3.01,2.99,True
2024-07-08,1984.94,2149.6,1314.75,51.6,3.4,True,34.6,9.94,6.06,True,2.75,3.25,True
2024-07-09,1984.74,2149.58,1314.58,51.58,3.42,True,34.58,9.74,6.26,True,2.58,3.42,True
2024-07-10,1984.85,2149.88,1314.92,51.88,3.12,True,34.88,9.85,6.15,True,2.92,3.08,True
2024-07-11,1984.67,2150.03,1314.74,52.03,2.97,True,35.03,9.67,6.33,True,2.74,3.26,True
2024-07-12,1984.51,2150.08,1313.94,52.08,2.92,True,35.08,9.51,6.49,True,1.94,4.06,True
2024-07-13,1987.69,2151.46,1314.7,53.46,1.54,True,36.46,12.69,3.31,True,2.7,3.3,True
2024-07-14,1987.85,2152.24,1313.79,54.24,0.76,True,37.24,12.85,3.15,True,1.79,4.21,True
2024-07-15,1989.87,2152.11,1315.43,54.11,0.89,True,37.11,14.87,1.13,True,3.43,2.57,True
2024-07-16,1988.81,2152.33,1314.24,54.33,0.67,True,37.33,13.81,2.19,True,2.24,3.76,True
2024-07-17,1987.63,2152.34,1314.53,54.34,0.66,True,37.34,12.63,3.37,True,2.53,3.47,True
2024-07-18,1986.38,2152.33,1314.16,54.33,0.67,True,37.33,11.38,4.62,True,2.16,3.84,True
2024-07-19,1985.57,2152.35,1314.57,54.35,0.65,True,37.35,10.57,5.43,True,2.57,3.43,True
2024-07-20,1985.46,2152.24,1315.92,54.24,0.76,True,37.24,10.46,5.54,True,3.92,2.08,True
2024-07-21,1985.67,2152.18,1315.37,54.18,0.82,True,37.18,10.67,5.33,True,3.37,2.63,True
2024-07-22,1985.11,2152.15,1314.38,54.15,0.85,True,37.15,10.11,5.89,True,2.38,3.62,True
2024-07-23,1984.95,2152.16,1314.59,54.16,0.84,True,37.16,9.95,6.05,True,2.59,3.41,True
2024-07-24,1985.02,2151.81,1314.43,53.81,1.19,True,36.81,10.02,5.98,True,2.43,3.57,True
2024-07-25,1983.58,2152.06,1314.11,54.06,0.94,True,37.06,8.58,7.42,True,2.11,3.89,True
2024-07-26,1984.22,2152.32,1315.64,54.32,0.68,True,37.32,9.22,6.78,True,3.64,2.36,True
2024-07-27,1984.69,2152.41,1315.23,54.41,0.59,True,37.41,9.69,6.31,True,3.23,2.77,True
2024-07-28,1984.78,2152.42,1315.34,54.42,0.58,True,37.42,9.78,6.22,True,3.34,2.66,True
2024-07-29,1984.48,2152.31,1315.88,54.31,0.69,True,37.31,9.48,6.52,True,3.88,2.12,True
2024-07-30,1984.78,2152.24,1315.09,54.24,0.76,True,37.24,9.78,6.22,True,3.09,2.91,True
2024-07-31,,,,,,False,,,,False,,,False
2024-08-01,1984.41,2151.96,1316.19,53.96,1.04,True,36.96,9.41,6.59,True,4.19,1.81,True
2024-08-02,1984.06,2151.63,1315.35,53.63,1.37,True,36.63,9.06,6.94,True,3.35,2.65,True
2024-08-03,1984.31,2151.31,1315.29,53.31,1.69,True,36.31,9.31,6.69,True,3.29,2.71,True
2024-08-04,1984.33,2151.33,1315.43,53.33,1.67,True,36.33,9.33,6.67,True,3.43,2.57,True
2024-08-05,1984.85,2150.77,1315.44,52.77,2.23,True,35.77,9.85,6.15,True,3.44,2.56,True
2024-08-06,1986.72,2150.46,1314.99,52.46,2.54,True,35.46,11.72,4.28,True,2.99,3.01,True
2024-08-07,1987.28,2150.23,1314.32,52.23,2.77,True,35.23,12.28,3.72,True,2.32,3.68,True
2024-08-08,1988.0,2149.7,1315.47,51.7,3.3,True,34.7,13.0,3.0,True,3.47,2.53,True
2024-08-09,1987.25,2149.7,1315.34,51.7,3.3,True,34.7,12.25,3.75,True,3.34,2.66,True
2024-08-10,1988.37,2149.5,1315.51,51.5,3.5,True,34.5,13.37,2.63,True,3.51,2.49,True
2024-08-11,1988.35,2149.66,1315.56,51.66,3.34,True,34.66,13.35,2.65,True,3.56,2.44,True
2024-08-12,1987.74,2149.51,1315.35,51.51,3.49,True,34.51,12.74,3.26,True,3.35,2.65,True
2024-08-13,1988.1,2149.33,1315.52,51.33,3.67,True,34.33,13.1,2.9,True,3.52,2.48,True
2024-08-14,1988.61,2148.7,1315.58,50.7,4.3,True,33.7,13.61,2.39,True,3.58,2.42,True
2024-08-15,1988.2,2148.06,1315.54,50.06,4.94,True,33.06,13.2,2.8,True,3.54,2.46,True
2024-08-16,1989.18,2147.55,1313.92,49.55,5.45,True,32.55,14.18,1.82,True,1.92,4.08,True
2024-08-17,1988.26,2147.66,1314.37,49.66,5.34,True,32.66,13.26,2.74,True,2.37,3.63,True
2024-08-18,1987.46,2147.6,1315.28,49.6,5.4,True,32.6,12.46,3.54,True,3.28,2.72,True
2024-08-19,1987.74,2146.69,1315.42,48.69,6.31,True,31.69,12.74,3.26,True,3.42,2.58,True
2024-08-20,1987.27,2145.9,1314.97,47.9,7.1,True,30.9,12.27,3.73,True,2.97,3.03,True
2024-08-21,1987.18,2145.12,1314.29,47.12,7.88,True,30.12,12.18,3.82,True,2.29,3.71,True
2024-08-22,1986.45,2144.08,1314.76,46.08,8.92,True,29.08,11.45,4.55,True,2.76,3.24,True
2024-08-23,1986.81,2142.83,1314.92,44.83,10.17,True,27.83,11.81,4.19,True,2.92,3.08,True
2024-08-24,1987.74,2141.44,1314.88,43.44,11.56,True,26.44,12.74,3.26,True,2.88,3.12,True
2024-08-25,1987.19,2141.09,1313.75,43.09,11.91,True,26.09,12.19,3.81,True,1.75,4.25,True
2024-08-26,1988.55,2142.05,1314.05,44.05,10.95,True,27.05,13.55,2.45,True,2.05,3.95,True
2024-08-27,1989.06,2142.0,1315.71,44.0,11.0,True,27.0,14.06,1.94,True,3.71,2.29,True
2024-08-28,1988.8,2141.55,1314.49,43.55,11.45,True,26.55,13.8,2.2,True,2.49,3.51,True
2024-08-29,1988.82,2140.82,1313.8,42.82,12.18,True,25.82,13.82,2.18,True,1.8,4.2,True
2024-08-30,1987.65,2140.24,1314.77,42.24,12.76,True,25.24,12.65,3.35,True,2.77,3.23,True
2024-08-31,,,,,,False,,,,False,,,False
2024-09-01,1988.34,2138.83,1315.34,40.83,14.17,True,23.83,13.34,2.66,True,3.34,2.66,True
2024-09-02,1988.78,2137.81,1313.99,39.81,15.19,True,22.81,13.78,2.22,True,1.99,4.01,True
2024-09-03,1988.97,2136.69,1315.39,38.69,16.31,True,21.69,13.97,2.03,True,3.39,2.61,True
2024-09-04,1988.35,2135.52,1315.63,37.52,17.48,True,20.52,13.35,2.65,True,3.63,2.37,True
2024-09-05,1988.43,2134.0,1314.54,36.0,19.0,True,19.0,13.43,2.57,True,2.54,3.46,True
2024-09-06,1988.61,2133.03,1314.77,35.03,19.97,True,18.03,13.61,2.39,True,2.77,3.23,True
2024-09-07,1988.19,2132.5,1315.43,34.5,20.5,True,17.5,13.19,2.81,True,3.43,2.57,True
2024-09-08,1988.18,2131.71,1315.3,33.71,21.29,True,16.71,13.18,2.82,True,3.3,2.7,True
2024-09-09,1989.42,2130.9,1314.19,32.9,22.1,True,15.9,14.42,1.58,True,2.19,3.81,True
2024-09-10,1988.78,2130.82,1315.0,32.82,22.18,True,15.82,13.78,2.22,True,3.0,3.0,True
2024-09-11,1987.72,2129.64,1316.1,31.64,23.36,True,14.64,12.72,3.28,True,4.1,1.9,True
2024-09-12,1987.12,2127.87,1316.41,29.87,25.13,True,12.87,12.12,3.88,True,4.41,1.59,True
2024-09-13,1986.81,2126.07,1316.12,28.07,26.93,True,11.07,11.81,4.19,True,4.12,1.88,True
2024-09-14,1986.3,2124.78,1315.42,26.78,28.22,True,9.78,11.3,4.7,True,3.42,2.58,True
2024-09-15,1985.75,2123.67,1315.11,25.67,29.33,True,8.67,10.75,5.25,True,3.11,2.89,True
2024-09-16,1985.93,2122.27,1315.24,24.27,30.73,True,7.27,10.93,5.07,True,3.24,2.76,True
2024-09-17,1984.49,2121.6,1314.69,23.6,31.4,True,6.6,9.49,6.51,True,2.69,3.31,True
2024-09-18,1983.94,2120.32,1315.03,22.32,32.68,True,5.32,8.94,7.06,True,3.03,2.97,True
2024-09-19,1983.87,2119.42,1315.08,21.42,33.58,True,4.42,8.87,7.13,True,3.08,2.92,True
2024-09-20,1982.43,2117.95,1314.85,19.95,35.05,True,2.95,7.43,8.57,True,2.85,3.15,True
2024-09-21,1981.97,2116.46,1315.62,18.46,36.54,True,1.46,6.97,9.03,True,3.62,2.38,True
2024-09-22,1982.34,2117.11,1315.02,19.11,35.89,True,2.11,7.34,8.66,True,3.02,2.98,True
2024-09-23,1983.12,2117.63,1315.02,19.63,35.37,True,2.63,8.12,7.88,True,3.02,2.98,True
2024-09-24,1984.06,2117.6,1314.14,19.6,35.4,True,2.6,9.06,6.94,True,2.14,3.86,True
2024-09-25,1985.93,2116.78,1315.29,18.78,36.22,True,1.78,10.93,5.07,True,3.29,2.71,True
2024-09-26,1985.02,2116.92,1315.07,18.92,36.08,True,1.92,10.02,5.98,True,3.07,2.93,True
2024-09-27,1984.49,2116.85,1315.34,18.85,36.15,True,1.85,9.49,6.51,True,3.34,2.66,True
2024-09-28,1984.69,2117.14,1315.39,19.14,35.86,True,2.14,9.69,6.31,True,3.39,2.61,True
2024-09-29,1984.86,2117.58,1315.88,19.58,35.42,True,2.58,9.86,6.14,True,3.88,2.12,True
2024-09-30,,,,,,False,,,,False,,,False
2024-10-01,1985.82,2118.97,1315.08,20.97,34.03,True,3.97,10.82,5.18,True,3.08,2.92,True
2024-10-02,1985.58,2119.42,1315.35,21.42,33.58,True,4.42,10.58,5.42,True,3.35,2.65,True
2024-10-03,1985.22,2119.9,1314.5,21.9,33.1,True,4.9,10.22,5.78,True,2.5,3.5,True
2024-10-04,1984.06,2118.8,1314.63,20.8,34.2,True,3.8,9.06,6.94,True,2.63,3.37,True
2024-10-05,1983.79,2117.8,1314.97,19.8,35.2,True,2.8,8.79,7.21,True,2.97,3.03,True
2024-10-06,1984.14,2116.74,1315.51,18.74,36.26,True,1.74,9.14,6.86,True,3.51,2.49,True
2024-10-07,1983.32,2115.13,1316.35,17.13,37.87,True,0.13,8.32,7.68,True,4.35,1.65,True
2024-10-08,1982.6,2113.11,1316.3,15.11,39.89,True,-1.89,7.6,8.4,True,4.3,1.7,True
2024-10-09,1980.9,2112.73,1315.52,14.73,40.27,True,-2.27,5.9,10.1,True,3.52,2.48,True
2024-10-10,1980.62,2112.6,1314.76,14.6,40.4,True,-2.4,5.62,10.38,True,2.76,3.24,True
2024-10-11,1980.83,2113.12,1315.08,15.12,39.88,True,-1.88,5.83,10.17,True,3.08,2.92,True
2024-10-12,1980.19,2113.68,1315.05,15.68,39.32,True,-1.32,5.19,10.81,True,3.05,2.95,True
2024-10-13,1980.81,2114.31,1315.27,16.31,38.69,True,-0.69,5.81,10.19,True,3.27,2.73,True
2024-10-14,1981.64,2115.24,1315.37,17.24,37.76,True,0.24,6.64,9.36,True,3.37,2.63,True
2024-10-15,1983.05,2116.33,1314.73,18.33,36.67,True,1.33,8.05,7.95,True,2.73,3.27,True
2024-10-16,1983.24,2116.67,1315.56,18.67,36.33,True,1.67,8.24,7.76,True,3.56,2.44,True
2024-10-17,1983.06,2116.65,1315.49,18.65,36.35,True,1.65,8.06,7.94,True,3.49,2.51,True
2024-10-18,1982.33,2116.44,1315.09,18.44,36.56,True,1.44,7.33,8.67,True,3.09,2.91,True
2024-10-19,1981.4,2116.07,1315.11,18.07,36.93,True,1.07,6.4,9.6,True,3.11,2.89,True
2024-10-20,1981.59,2115.25,1314.86,17.25,37.75,True,0.25,6.59,9.41,True,2.86,3.14,True
2024-10-21,1980.46,2114.39,1314.87,16.39,38.61,True,-0.61,5.46,10.54,True,2.87,3.13,True
2024-10-22,1979.53,2113.35,1315.81,15.35,39.65,True,-1.65,4.53,11.47,True,3.81,2.19,True
2024-10-23,1978.8,2112.6,1314.74,14.6,40.4,True,-2.4,3.8,12.2,True,2.74,3.26,True
2024-10-24,1978.39,2111.57,1315.48,13.57,41.43,True,-3.43,3.39,12.61,True,3.48,2.52,True
2024-10-25,1979.47,2111.28,1314.97,13.28,41.72,True,-3.72,4.47,11.53,True,2.97,3.03,True
2024-10-26,1979.27,2111.62,1314.93,13.62,41.38,True,-3.38,4.27,11.73,True,2.93,3.07,True
2024-10-27,1979.3,2111.93,1315.35,13.93,41.07,True,-3.07,4.3,11.7,True,3.35,2.65,True
2024-10-28,1979.36,2112.79,1314.98,14.79,40.21,True,-2.21,4.36,11.64,True,2.98,3.02,True
2024-10-29,1979.8,2113.65,1315.16,15.65,39.35,True,-1.35,4.8,11.2,True,3.16,2.84,True
2024-10-30,1980.91,2114.44,1315.21,16.44,38.56,True,-0.56,5.91,10.09,True,3.21,2.79,True
2024-10-31,,,,,,False,,,,False,,,False
2024-11-01,1981.62,2115.23,1315.07,17.23,37.77,True,0.23,6.62,9.38,True,3.07,2.93,True
2024-11-02,1981.6,2115.42,1314.89,17.42,37.58,True,0.42,6.6,9.4,True,2.89,3.11,True
2024-11-03,1982.05,2115.93,1315.17,17.93,37.07,True,0.93,7.05,8.95,True,3.17,2.83,True
2024-11-04,1981.9,2115.99,1315.34,17.99,37.01,True,0.99,6.9,9.1,True,3.34,2.66,True
2024-11-05,1981.17,2115.51,1314.46,17.51,37.49,True,0.51,6.17,9.83,True,2.46,3.54,True
2024-11-06,1982.05,2114.24,1315.25,16.24,38.76,True,-0.76,7.05,8.95,True,3.25,2.75,True
2024-11-07,1982.4,2112.89,1315.73,14.89,40.11,True,-2.11,7.4,8.6,True,3.73,2.27,True
2024-11-08,1982.69,2111.46,1315.11,13.46,41.54,True,-3.54,7.69,8.31,True,3.11,2.89,True
2024-11-09,1982.61,2111.01,1315.71,13.01,41.99,True,-3.99,7.61,8.39,True,3.71,2.29,True
2024-11-10,1982.26,2111.28,1314.37,13.28,41.72,True,-3.72,7.26,8.74,True,2.37,3.63,True
2024-11-11,1981.44,2111.55,1315.37,13.55,41.45,True,-3.45,6.44,9.56,True,3.37,2.63,True
2024-11-12,1980.43,2111.56,1313.82,13.56,41.44,True,-3.44,5.43,10.57,True,1.82,4.18,True
2024-11-13,1979.92,2111.28,1314.56,13.28,41.72,True,-3.72,4.92,11.08,True,2.56,3.44,True
2024-11-14,1980.44,2110.82,1315.06,12.82,42.18,True,-4.18,5.44,10.56,True,3.06,2.94,True
2024-11-15,1980.8,2110.31,1314.8,12.31,42.69,True,-4.69,5.8,10.2,True,2.8,3.2,True
2024-11-16,1980.9,2110.55,1315.77,12.55,42.45,True,-4.45,5.9,10.1,True,3.77,2.23,True
2024-11-17,1981.18,2110.81,1315.78,12.81,42.19,True,-4.19,6.18,9.82,True,3.78,2.22,True
2024-11-18,1981.26,2111.04,1315.14,13.04,41.96,True,-3.96,6.26,9.74,True,3.14,2.86,True
2024-11-19,1981.45,2111.05,1314.69,13.05,41.95,True,-3.95,6.45,9.55,True,2.69,3.31,True
2024-11-20,1981.17,2111.07,1314.56,13.07,41.93,True,-3.93,6.17,9.83,True,2.56,3.44,True
2024-11-21,1981.51,2110.8,1315.78,12.8,42.2,True,-4.2,6.51,9.49,True,3.78,2.22,True
2024-11-22,1981.87,2111.03,1315.68,13.03,41.97,True,-3.97,6.87,9.13,True,3.68,2.32,True
2024-11-23,1982.24,2111.33,1315.69,13.33,41.67,True,-3.67,7.24,8.76,True,3.69,2.31,True
2024-11-24,1982.59,2111.68,1315.69,13.68,41.32,True,-3.32,7.59,8.41,True,3.69,2.31,True
2024-11-25,1982.04,2111.61,1314.68,13.61,41.39,True,-3.39,7.04,8.96,True,2.68,3.32,True
2024-11-26,1981.36,2111.34,1315.49,13.34,41.66,True,-3.66,6.36,9.64,True,3.49,2.51,True
2024-11-27,1981.69,2111.39,1315.37,13.39,41.61,True,-3.61,6.69,9.31,True,3.37,2.63,True
2024-11-28,1982.14,2111.55,1313.88,13.55,41.45,True,-3.45,7.14,8.86,True,1.88,4.12,True
2024-11-29,1982.52,2112.03,1313.76,14.03,40.97,True,-2.97,7.52,8.48,True,1.76,4.24,True
2024-11-30,,,,,,False,,,,False,,,False
2024-12-01,1983.05,2112.83,1315.21,14.83,40.17,True,-2.17,8.05,7.95,True,3.21,2.79,True
2024-12-02,1981.27,2112.93,1314.31,14.93,40.07,True,-2.07,6.27,9.73,True,2.31,3.69,True
2024-12-03,1982.04,2111.62,1315.04,13.62,41.38,True,-3.38,7.04,8.96,True,3.04,2.96,True
2024-12-04,1982.23,2111.93,1314.65,13.93,41.07,True,-3.07,7.23,8.77,True,2.65,3.35,True
2024-12-05,1982.25,2112.36,1314.67,14.36,40.64,True,-2.64,7.25,8.75,True,2.67,3.33,True
2024-12-06,1982.06,2112.51,1314.96,14.51,40.49,True,-2.49,7.06,8.94,True,2.96,3.04,True
2024-12-07,1983.59,2113.02,1314.21,15.02,39.98,True,-1.98,8.59,7.41,True,2.21,3.79,True
2024-12-08,1984.68,2113.67,1314.21,15.67,39.33,True,-1.33,9.68,6.32,True,2.21,3.79,True
2024-12-09,1984.22,2114.26,1315.26,16.26,38.74,True,-0.74,9.22,6.78,True,3.26,2.74,True
2024-12-10,1983.86,2114.54,1315.22,16.54,38.46,True,-0.46,8.86,7.14,True,3.22,2.78,True
2024-12-11,1984.39,2115.35,1315.77,17.35,37.65,True,0.35,9.39,6.61,True,3.77,2.23,True
2024-12-12,1983.76,2115.68,1314.88,17.68,37.32,True,0.68,8.76,7.24,True,2.88,3.12,True
2024-12-13,1982.44,2115.79,1314.9,17.79,37.21,True,0.79,7.44,8.56,True,2.9,3.1,True
2024-12-14,1983.13,2115.89,1315.01,17.89,37.11,True,0.89,8.13,7.87,True,3.01,2.99,True
2024-12-15,1983.51,2116.3,1315.24,18.3,36.7,True,1.3,8.51,7.49,True,3.24,2.76,True
2024-12-16,1984.23,2116.93,1314.39,18.93,36.07,True,1.93,9.23,6.77,True,2.39,3.61,True
2024-12-17,1984.86,2117.29,1314.77,19.29,35.71,True,2.29,9.86,6.14,True,2.77,3.23,True
2024-12-18,1985.3,2118.02,1315.02,20.02,34.98,True,3.02,10.3,5.7,True,3.02,2.98,True
2024-12-19,1985.18,2118.75,1315.09,20.75,34.25,True,3.75,10.18,5.82,True,3.09,2.91,True
2024-12-20,1985.04,2118.68,1314.84,20.68,34.32,True,3.68,10.04,5.96,True,2.84,3.16,True
2024-12-21,1984.94,2118.15,1315.7,20.15,34.85,True,3.15,9.94,6.06,True,3.7,2.3,True
2024-12-22,1985.56,2117.72,1315.24,19.72,35.28,True,2.72,10.56,5.44,True,3.24,2.76,True
2024-12-23,1986.1,2118.02,1314.33,20.02,34.98,True,3.02,11.1,4.9,True,2.33,3.67,True
2024-12-24,1986.37,2118.55,1315.13,20.55,34.45,True,3.55,11.37,4.63,True,3.13,2.87,True
2024-12-25,1987.03,2119.13,1314.65,21.13,33.87,True,4.13,12.03,3.97,True,2.65,3.35,True
2024-12-26,1987.2,2119.62,1314.79,21.62,33.38,True,4.62,12.2,3.8,True,2.79,3.21,True
2024-12-27,1985.95,2121.63,1315.39,23.63,31.37,True,6.63,10.95,5.05,True,3.39,2.61,True
2024-12-28,1985.9,2122.61,1314.94,24.61,30.39,True,7.61,10.9,5.1,True,2.94,3.06,True
2024-12-29,1986.72,2123.72,1315.48,25.72,29.28,True,8.72,11.72,4.28,True,3.48,2.52,True
2024-12-30,1987.2,2125.1,1314.68,27.1,27.9,True,10.1,12.2,3.8,True,2.68,3.32,True
2024-12-31,,,,,,False,,,,False,,,False
2025-01-01,1988.43,2128.03,1315.63,30.03,24.97,True,13.03,13.43,2.57,True,3.63,2.37,True
2025-01-02,1988.6,2130.17,1315.55,32.17,22.83,True,15.17,13.6,2.4,True,3.55,2.45,True
2025-01-03,1990.44,2131.59,1314.88,33.59,21.41,True,16.59,15.44,0.56,True,2.88,3.12,True
2025-01-04,1989.26,2133.66,1314.94,35.66,19.34,True,18.66,14.26,1.74,True,2.94,3.06,True
2025-01-05,1988.81,2135.85,1315.79,37.85,17.15,True,20.85,13.81,2.19,True,3.79,2.21,True
2025-01-06,1989.08,2137.28,1314.24,39.28,15.72,True,22.28,14.08,1.92,True,2.24,3.76,True
2025-01-07,1988.08,2138.4,1315.33,40.4,14.6,True,23.4,13.08,2.92,True,3.33,2.67,True
2025-01-08,1987.55,2140.12,1315.65,42.12,12.88,True,25.12,12.55,3.45,True,3.65,2.35,True
2025-01-09,1987.91,2141.58,1314.62,43.58,11.42,True,26.58,12.91,3.09,True,2.62,3.38,True
2025-01-10,1988.16,2142.81,1314.97,44.81,10.19,True,27.81,13.16,2.84,True,2.97,3.03,True
2025-01-11,1988.54,2143.8,1315.11,45.8,9.2,True,28.8,13.54,2.46,True,3.11,2.89,True
2025-01-12,1988.55,2144.6,1314.5,46.6,8.4,True,29.6,13.55,2.45,True,2.5,3.5,True
2025-01-13,1987.25,2145.05,1313.77,47.05,7.95,True,30.05,12.25,3.75,True,1.77,4.23,True
2025-01-14,1987.64,2144.81,1314.47,46.81,8.19,True,29.81,12.64,3.36,True,2.47,3.53,True
2025-01-15,1988.35,2144.48,1314.2,46.48,8.52,True,29.48,13.35,2.65,True,2.2,3.8,True
2025-01-16,1988.55,2144.29,1314.72,46.29,8.71,True,29.29,13.55,2.45,True,2.72,3.28,True
2025-01-17,1988.44,2144.51,1315.39,46.51,8.49,True,29.51,13.44,2.56,True,3.39,2.61,True
2025-01-18,1988.25,2145.12,1314.98,47.12,7.88,True,30.12,13.25,2.75,True,2.98,3.02,True
2025-01-19,1987.82,2145.7,1314.31,47.7,7.3,True,30.7,12.82,3.18,True,2.31,3.69,True
2025-01-20,1987.56,2145.76,1315.39,47.76,7.24,True,30.76,12.56,3.44,True,3.39,2.61,True
2025-01-21,1988.08,2145.64,1314.2,47.64,7.36,True,30.64,13.08,2.92,True,2.2,3.8,True
2025-01-22,1988.47,2145.73,1314.69,47.73,7.27,True,30.73,13.47,2.53,True,2.69,3.31,True
2025-01-23,1987.71,2146.24,1315.13,48.24,6.76,True,31.24,12.71,3.29,True,3.13,2.87,True
2025-01-24,1987.39,2146.07,1314.94,48.07,6.93,True,31.07,12.39,3.61,True,2.94,3.06,True
2025-01-25,1988.33,2145.89,1315.42,47.89,7.11,True,30.89,13.33,2.67,True,3.42,2.58,True
2025-01-26,1989.05,2146.41,1315.97,48.41,6.59,True,31.41,14.05,1.95,True,3.97,2.03,True
2025-01-27,1988.89,2146.93,1314.84,48.93,6.07,True,31.93,13.89,2.11,True,2.84,3.16,True
2025-01-28,1988.34,2147.43,1314.84,49.43,5.57,True,32.43,13.34,2.66,True,2.84,3.16,True
2025-01-29,1988.88,2148.3,1314.87,50.3,4.7,True,33.3,13.88,2.12,True,2.87,3.13,True
2025-01-30,1988.55,2149.19,1315.19,51.19,3.81,True,34.19,13.55,2.45,True,3.19,2.81,True
2025-01-31,,,,,,False,,,,False,,,False
2025-02-01,1987.91,2150.44,1314.97,52.44,2.56,True,35.44,12.91,3.09,True,2.97,3.03,True
2025-02-02,1987.84,2150.87,1315.48,52.87,2.13,True,35.87,12.84,3.16,True,3.48,2.52,True
2025-02-03,1988.0,2150.86,1315.3,52.86,2.14,True,35.86,13.0,3.0,True,3.3,2.7,True
2025-02-04,1986.29,2151.27,1315.6,53.27,1.73,True,36.27,11.29,4.71,True,3.6,2.4,True
2025-02-05,1986.2,2151.25,1315.14,53.25,1.75,True,36.25,11.2,4.8,True,3.14,2.86,True
2025-02-06,1986.04,2151.43,1315.47,53.43,1.57,True,36.43,11.04,4.96,True,3.47,2.53,True
2025-02-07,1986.47,2151.57,1314.5,53.57,1.43,True,36.57,11.47,4.53,True,2.5,3.5,True
2025-02-08,1986.73,2152.04,1314.95,54.04,0.96,True,37.04,11.73,4.27,True,2.95,3.05,True
2025-02-09,1986.92,2152.74,1315.06,54.74,0.26,True,37.74,11.92,4.08,True,3.06,2.94,True
2025-02-10,1985.65,2152.97,1315.5,54.97,0.03,True,37.97,10.65,5.35,True,3.5,2.5,True
2025-02-11,1985.95,2153.0,1315.15,55.0,0.0,True,38.0,10.95,5.05,True,3.15,2.85,True
2025-02-12,1986.65,2152.99,1314.65,54.99,0.01,True,37.99,11.65,4.35,True,2.65,3.35,True
2025-02-13,1987.45,2153.07,1315.77,55.07,-0.07,False,38.07,12.45,3.55,True,3.77,2.23,True
2025-02-14,1989.97,2153.46,1316.56,55.46,-0.46,False,38.46,14.97,1.03,True,4.56,1.44,True
2025-02-15,1990.42,2153.97,1313.95,55.97,-0.97,False,38.97,15.42,0.58,True,1.95,4.05,True
2025-02-16,1990.96,2154.02,1314.95,56.02,-1.02,False,39.02,15.96,0.04,True,2.95,3.05,True
2025-02-17,1990.95,2154.05,1315.12,56.05,-1.05,False,39.05,15.95,0.05,True,3.12,2.88,True
2025-02-18,1990.94,2154.44,1314.6,56.44,-1.44,False,39.44,15.94,0.06,True,2.6,3.4,True
2025-02-19,1990.68,2154.19,1313.99,56.19,-1.19,False,39.19,15.68,0.32,True,1.99,4.01,True
2025-02-20,1990.88,2153.99,1315.08,55.99,-0.99,False,38.99,15.88,0.12,True,3.08,2.92,True
2025-02-21,1990.96,2153.71,1315.27,55.71,-0.71,False,38.71,15.96,0.04,True,3.27,2.73,True
2025-02-22,1990.86,2153.75,1315.46,55.75,-0.75,False,38.75,15.86,0.14,True,3.46,2.54,True
2025-02-23,1990.59,2153.74,1314.19,55.74,-0.74,False,38.74,15.59,0.41,True,2.19,3.81,True
2025-02-24,1990.59,2153.32,1315.14,55.32,-0.32,False,38.32,15.59,0.41,True,3.14,2.86,True
2025-02-25,1990.59,2153.29,1313.97,55.29,-0.29,False,38.29,15.59,0.41,True,1.97,4.03,True
2025-02-26,1990.53,2153.42,1314.42,55.42,-0.42,False,38.42,15.53,0.47,True,2.42,3.58,True
2025-02-27,1990.95,2153.32,1313.94,55.32,-0.32,False,38.32,15.95,0.05,True,1.94,4.06,True
2025-02-28,,,,,,False,,,,False,,,False
2025-03-01,1990.89,2153.92,1314.71,55.92,-0.92,False,38.92,15.89,0.11,True,2.71,3.29,True
2025-03-02,1990.85,2154.25,1314.37,56.25,-1.25,False,39.25,15.85,0.15,True,2.37,3.63,True
2025-03-03,1990.85,2154.6,1314.27,56.6,-1.6,False,39.6,15.85,0.15,True,2.27,3.73,True
2025-03-04,1990.78,2154.17,1314.72,56.17,-1.17,False,39.17,15.78,0.22,True,2.72,3.28,True
2025-03-05,1990.8,2154.09,1315.29,56.09,-1.09,False,39.09,15.8,0.2,True,3.29,2.71,True
2025-03-06,1990.71,2154.0,1315.19,56.0,-1.0,False,39.0,15.71,0.29,True,3.19,2.81,True
2025-03-07,1991.03,2153.71,1315.72,55.71,-0.71,False,38.71,16.03,-0.03,False,3.72,2.28,True
2025-03-08,1990.86,2153.4,1315.65,55.4,-0.4,False,38.4,15.86,0.14,True,3.65,2.35,True
2025-03-09,1990.97,2153.5,1315.45,55.5,-0.5,False,38.5,15.97,0.03,True,3.45,2.55,True
2025-03-10,1990.88,2153.16,1315.58,55.16,-0.16,False,38.16,15.88,0.12,True,3.58,2.42,True
2025-03-11,1990.5,2153.24,1314.46,55.24,-0.24,False,38.24,15.5,0.5,True,2.46,3.54,True
2025-03-12,1990.26,2153.08,1314.09,55.08,-0.08,False,38.08,15.26,0.74,True,2.09,3.91,True
2025-03-13,1990.08,2153.04,1315.54,55.04,-0.04,False,38.04,15.08,0.92,True,3.54,2.46,True
2025-03-14,1990.17,2153.18,1314.33,55.18,-0.18,False,38.18,15.17,0.83,True,2.33,3.67,True
2025-03-15,1990.06,2153.39,1314.04,55.39,-0.39,False,38.39,15.06,0.94,True,2.04,3.96,True
2025-03-16,1989.43,2153.63,1315.25,55.63,-0.63,False,38.63,14.43,1.57,True,3.25,2.75,True
2025-03-17,1989.51,2153.61,1315.36,55.61,-0.61,False,38.61,14.51,1.49,True,3.36,2.64,True
2025-03-18,1990.17,2153.31,1314.43,55.31,-0.31,False,38.31,15.17,0.83,True,2.43,3.57,True
2025-03-19,1990.01,2153.12,1314.49,55.12,-0.12,False,38.12,15.01,0.99,True,2.49,3.51,True
2025-03-20,1989.15,2153.05,1314.84,55.05,-0.05,False,38.05,14.15,1.85,True,2.84,3.16,True
2025-03-21,1988.09,2153.09,1314.67,55.09,-0.09,False,38.09,13.09,2.91,True,2.67,3.33,True
2025-03-22,1988.88,2153.28,1315.0,55.28,-0.28,False,38.28,13.88,2.12,True,3.0,3.0,True
2025-03-23,1989.52,2153.58,1314.4,55.58,-0.58,False,38.58,14.52,1.48,True,2.4,3.6,True
2025-03-24,1990.25,2153.12,1315.14,55.12,-0.12,False,38.12,15.25,0.75,True,3.14,2.86,True
2025-03-25,1989.43,2152.99,1314.6,54.99,0.01,True,37.99,14.43,1.57,True,2.6,3.4,True
2025-03-26,1988.98,2152.82,1315.57,54.82,0.18,True,37.82,13.98,2.02,True,3.57,2.43,True
2025-03-27,1988.1,2153.11,1314.4,55.11,-0.11,False,38.11,13.1,2.9,True,2.4,3.6,True
2025-03-28,1988.62,2153.14,1315.35,55.14,-0.14,False,38.14,13.62,2.38,True,3.35,2.65,True
2025-03-29,1988.53,2153.5,1315.61,55.5,-0.5,False,38.5,13.53,2.47,True,3.61,2.39,True
2025-03-30,1990.33,2153.88,1314.37,55.88,-0.88,False,38.88,15.33,0.67,True,2.37,3.63,True
2025-03-31,,,,,,False,,,,False,,,False
2025-04-01,1990.89,2153.66,1315.07,55.66,-0.66,False,38.66,15.89,0.11,True,3.07,2.93,True
2025-04-02,1990.85,2153.91,1314.84,55.91,-0.91,False,38.91,15.85,0.15,True,2.84,3.16,True
2025-04-03,1990.67,2153.78,1314.81,55.78,-0.78,False,38.78,15.67,0.33,True,2.81,3.19,True
2025-04-04,1990.62,2153.76,1314.65,55.76,-0.76,False,38.76,15.62,0.38,True,2.65,3.35,True
2025-04-05,1990.96,2154.04,1313.91,56.04,-1.04,False,39.04,15.96,0.04,True,1.91,4.09,True
2025-04-06,1991.12,2154.44,1316.03,56.44,-1.44,False,39.44,16.12,-0.12,False,4.03,1.97,True
2025-04-07,1990.79,2153.97,1315.81,55.97,-0.97,False,38.97,15.79,0.21,True,3.81,2.19,True
2025-04-08,1990.89,2153.6,1315.13,55.6,-0.6,False,38.6,15.89,0.11,True,3.13,2.87,True
2025-04-09,1990.85,2153.61,1314.67,55.61,-0.61,False,38.61,15.85,0.15,True,2.67,3.33,True
2025-04-10,1991.07,2153.94,1316.02,55.94,-0.94,False,38.94,16.07,-0.07,False,4.02,1.98,True
2025-04-11,1991.21,2154.55,1314.82,56.55,-1.55,False,39.55,16.21,-0.21,False,2.82,3.18,True
2025-04-12,1990.85,2154.34,1315.82,56.34,-1.34,False,39.34,15.85,0.15,True,3.82,2.18,True
2025-04-13,1991.13,2154.34,1315.93,56.34,-1.34,False,39.34,16.13,-0.13,False,3.93,2.07,True
2025-04-14,1990.89,2153.95,1314.37,55.95,-0.95,False,38.95,15.89,0.11,True,2.37,3.63,True
2025-04-15,1990.78,2153.72,1314.14,55.72,-0.72,False,38.72,15.78,0.22,True,2.14,3.86,True
2025-04-16,1990.8,2153.54,1315.25,55.54,-0.54,False,38.54,15.8,0.2,True,3.25,2.75,True
2025-04-17,1990.88,2153.72,1315.7,55.72,-0.72,False,38.72,15.88,0.12,True,3.7,2.3,True
2025-04-18,1990.78,2153.94,1314.55,55.94,-0.94,False,38.94,15.78,0.22,True,2.55,3.45,True
2025-04-19,1990.7,2153.72,1315.72,55.72,-0.72,False,38.72,15.7,0.3,True,3.72,2.28,True
2025-04-20,1990.76,2153.57,1314.27,55.57,-0.57,False,38.57,15.76,0.24,True,2.27,3.73,True
2025-04-21,1990.96,2153.17,1315.87,55.17,-0.17,False,38.17,15.96,0.04,True,3.87,2.13,True
2025-04-22,1990.32,2152.94,1315.02,54.94,0.06,True,37.94,15.32,0.68,True,3.02,2.98,True
2025-04-23,1989.41,2152.76,1315.92,54.76,0.24,True,37.76,14.41,1.59,True,3.92,2.08,True
2025-04-24,1989.35,2152.5,1315.6,54.5,0.5,True,37.5,14.35,1.65,True,3.6,2.4,True
2025-04-25,1987.89,2152.78,1314.37,54.78,0.22,True,37.78,12.89,3.11,True,2.37,3.63,True
2025-04-26,1987.35,2153.23,1316.34,55.23,-0.23,False,38.23,12.35,3.65,True,4.34,1.66,True
2025-04-27,1987.17,2153.69,1314.43,55.69,-0.69,False,38.69,12.17,3.83,True,2.43,3.57,True
2025-04-28,1990.4,2153.8,1316.23,55.8,-0.8,False,38.8,15.4,0.6,True,4.23,1.77,True
2025-04-29,1990.43,2153.63,1315.2,55.63,-0.63,False,38.63,15.43,0.57,True,3.2,2.8,True
2025-04-30,,,,,,False,,,,False,,,False
2025-05-01,1989.88,2153.9,1315.93,55.9,-0.9,False,38.9,14.88,1.12,True,3.93,2.07,True
2025-05-02,1990.79,2153.82,1314.8,55.82,-0.82,False,38.82,15.79,0.21,True,2.8,3.2,True
2025-05-03,1990.87,2153.56,1316.07,55.56,-0.56,False,38.56,15.87,0.13,True,4.07,1.93,True
2025-05-04,1990.62,2153.68,1314.67,55.68,-0.68,False,38.68,15.62,0.38,True,2.67,3.33,True
2025-05-05,1990.88,2153.58,1315.02,55.58,-0.58,False,38.58,15.88,0.12,True,3.02,2.98,True
2025-05-06,1990.86,2153.77,1315.63,55.77,-0.77,False,38.77,15.86,0.14,True,3.63,2.37,True
2025-05-07,1990.95,2153.52,1315.79,55.52,-0.52,False,38.52,15.95,0.05,True,3.79,2.21,True
2025-05-08,1989.87,2153.63,1314.6,55.63,-0.63,False,38.63,14.87,1.13,True,2.6,3.4,True
2025-05-09,1989.62,2153.46,1315.04,55.46,-0.46,False,38.46,14.62,1.38,True,3.04,2.96,True
2025-05-10,1990.96,2154.21,1316.66,56.21,-1.21,False,39.21,15.96,0.04,True,4.66,1.34,True
2025-05-11,1990.35,2154.54,1316.29,56.54,-1.54,False,39.54,15.35,0.65,True,4.29,1.71,True
2025-05-12,1990.14,2155.56,1316.11,57.56,-2.56,False,40.56,15.14,0.86,True,4.11,1.89,True
2025-05-13,1990.52,2154.71,1316.59,56.71,-1.71,False,39.71,15.52,0.48,True,4.59,1.41,True
2025-05-14,1990.77,2154.11,1314.21,56.11,-1.11,False,39.11,15.77,0.23,True,2.21,3.79,True
2025-05-15,1990.85,2153.89,1315.37,55.89,-0.89,False,38.89,15.85,0.15,True,3.37,2.63,True
2025-05-16,1990.86,2153.83,1315.24,55.83,-0.83,False,38.83,15.86,0.14,True,3.24,2.76,True
2025-05-17,1990.95,2153.86,1315.09,55.86,-0.86,False,38.86,15.95,0.05,True,3.09,2.91,True
2025-05-18,1990.96,2153.91,1315.39,55.91,-0.91,False,38.91,15.96,0.04,True,3.39,2.61,True
2025-05-19,1990.96,2154.5,1315.87,56.5,-1.5,False,39.5,15.96,0.04,True,3.87,2.13,True
2025-05-20,1990.88,2154.12,1315.01,56.12,-1.12,False,39.12,15.88,0.12,True,3.01,2.99,True
2025-05-21,1990.78,2154.02,1315.88,56.02,-1.02,False,39.02,15.78,0.22,True,3.88,2.12,True
2025-05-22,1990.77,2154.02,1315.76,56.02,-1.02,False,39.02,15.77,0.23,True,3.76,2.24,True
2025-05-23,1990.88,2153.94,1316.11,55.94,-0.94,False,38.94,15.88,0.12,True,4.11,1.89,True
2025-05-24,1990.95,2153.84,1316.23,55.84,-0.84,False,38.84,15.95,0.05,True,4.23,1.77,True
2025-05-25,1990.8,2153.83,1315.91,55.83,-0.83,False,38.83,15.8,0.2,True,3.91,2.09,True
2025-05-26,1990.86,2153.86,1316.03,55.86,-0.86,False,38.86,15.86,0.14,True,4.03,1.97,True
2025-05-27,1990.79,2153.77,1316.14,55.77,-0.77,False,38.77,15.79,0.21,True,4.14,1.86,True
2025-05-28,1990.85,2153.83,1316.14,55.83,-0.83,False,38.83,15.85,0.15,True,4.14,1.86,True
2025-05-29,1990.7,2153.74,1314.8,55.74,-0.74,False,38.74,15.7,0.3,True,2.8,3.2,True
2025-05-30,1990.94,2153.8,1314.93,55.8,-0.8,False,38.8,15.94,0.06,True,2.93,3.07,True
2025-05-31,,,,,,False,,,,False,,,False
2025-06-01,1990.6,2153.79,1316.09,55.79,-0.79,False,38.79,15.6,0.4,True,4.09,1.91,True
2025-06-02,1990.51,2153.7,1315.76,55.7,-0.7,False,38.7,15.51,0.49,True,3.76,2.24,True
2025-06-03,1990.87,2153.71,1314.62,55.71,-0.71,False,38.71,15.87,0.13,True,2.62,3.38,True
2025-06-04,1991.06,2154.22,1315.02,56.22,-1.22,False,39.22,16.06,-0.06,False,3.02,2.98,True
2025-06-05,1990.97,2154.14,1315.93,56.14,-1.14,False,39.14,15.97,0.03,True,3.93,2.07,True
2025-06-06,1990.96,2154.18,1316.0,56.18,-1.18,False,39.18,15.96,0.04,True,4.0,2.0,True
2025-06-07,1990.78,2153.82,1314.92,55.82,-0.82,False,38.82,15.78,0.22,True,2.92,3.08,True
2025-06-08,1990.88,2153.82,1316.14,55.82,-0.82,False,38.82,15.88,0.12,True,4.14,1.86,True
2025-06-09,1990.94,2153.99,1316.21,55.99,-0.99,False,38.99,15.94,0.06,True,4.21,1.79,True
2025-06-10,1990.71,2153.81,1315.93,55.81,-0.81,False,38.81,15.71,0.29,True,3.93,2.07,True
2025-06-11,1990.61,2153.72,1315.25,55.72,-0.72,False,38.72,15.61,0.39,True,3.25,2.75,True
2025-06-12,1990.31,2153.4,1315.5,55.4,-0.4,False,38.4,15.31,0.69,True,3.5,2.5,True
2025-06-13,1990.52,2153.08,1315.73,55.08,-0.08,False,38.08,15.52,0.48,True,3.73,2.27,True
2025-06-14,1990.24,2153.25,1315.31,55.25,-0.25,False,38.25,15.24,0.76,True,3.31,2.69,True
2025-06-15,1990.16,2153.36,1314.88,55.36,-0.36,False,38.36,15.16,0.84,True,2.88,3.12,True
2025-06-16,1990.5,2153.6,1315.51,55.6,-0.6,False,38.6,15.5,0.5,True,3.51,2.49,True
2025-06-17,1990.79,2153.64,1314.63,55.64,-0.64,False,38.64,15.79,0.21,True,2.63,3.37,True
2025-06-18,1990.95,2153.76,1315.72,55.76,-0.76,False,38.76,15.95,0.05,True,3.72,2.28,True
2025-06-19,1990.95,2153.53,1316.0,55.53,-0.53,False,38.53,15.95,0.05,True,4.0,2.0,True
2025-06-20,1991.15,2154.38,1316.07,56.38,-1.38,False,39.38,16.15,-0.15,False,4.07,1.93,True
2025-06-21,1990.72,2153.84,1316.22,55.84,-0.84,False,38.84,15.72,0.28,True,4.22,1.78,True
2025-06-22,1990.74,2153.82,1316.1,55.82,-0.82,False,38.82,15.74,0.26,True,4.1,1.9,True
2025-06-23,1990.6,2153.32,1314.72,55.32,-0.32,False,38.32,15.6,0.4,True,2.72,3.28,True
2025-06-24,1990.43,2153.18,1313.71,55.18,-0.18,False,38.18,15.43,0.57,True,1.71,4.29,True
2025-06-25,1990.77,2153.52,1315.36,55.52,-0.52,False,38.52,15.77,0.23,True,3.36,2.64,True
2025-06-26,1990.77,2153.33,1316.96,55.33,-0.33,False,38.33,15.77,0.23,True,4.96,1.04,True
2025-06-27,1990.59,2153.76,1315.93,55.76,-0.76,False,38.76,15.59,0.41,True,3.93,2.07,True
2025-06-28,1990.79,2153.28,1316.26,55.28,-0.28,False,38.28,15.79,0.21,True,4.26,1.74,True
2025-06-29,1990.31,2153.41,1316.28,55.41,-0.41,False,38.41,15.31,0.69,True,4.28,1.72,True
2025-06-30,,,,,,False,,,,False,,,False
2025-07-01,1991.24,2154.64,1315.07,56.64,-1.64,False,39.64,16.24,-0.24,False,3.07,2.93,True
2025-07-02,1991.41,2155.33,1316.14,57.33,-2.33,False,40.33,16.41,-0.41,False,4.14,1.86,True
2025-07-03,1991.15,2154.81,1316.23,56.81,-1.81,False,39.81,16.15,-0.15,False,4.23,1.77,True
2025-07-04,1990.95,2154.0,1316.03,56.0,-1.0,False,39.0,15.95,0.05,True,4.03,1.97,True
2025-07-05,1990.95,2154.03,1316.18,56.03,-1.03,False,39.03,15.95,0.05,True,4.18,1.82,True
2025-07-06,1990.87,2153.9,1315.2,55.9,-0.9,False,38.9,15.87,0.13,True,3.2,2.8,True
2025-07-07,1990.88,2153.55,1316.21,55.55,-0.55,False,38.55,15.88,0.12,True,4.21,1.79,True
2025-07-08,1990.95,2153.53,1315.73,55.53,-0.53,False,38.53,15.95,0.05,True,3.73,2.27,True
2025-07-09,1991.3,2154.26,1315.13,56.26,-1.26,False,39.26,16.3,-0.3,False,3.13,2.87,True
2025-07-10,1991.3,2154.61,1316.27,56.61,-1.61,False,39.61,16.3,-0.3,False,4.27,1.73,True
2025-07-11,1991.48,2154.66,1315.43,56.66,-1.66,False,39.66,16.48,-0.48,False,3.43,2.57,True
2025-07-12,1991.49,2155.32,1315.83,57.32,-2.32,False,40.32,16.49,-0.49,False,3.83,2.17,True
2025-07-13,1991.14,2154.49,1315.35,56.49,-1.49,False,39.49,16.14,-0.14,False,3.35,2.65,True
2025-07-14,1990.96,2153.92,1315.4,55.92,-0.92,False,38.92,15.96,0.04,True,3.4,2.6,True
2025-07-15,1990.96,2153.82,1316.18,55.82,-0.82,False,38.82,15.96,0.04,True,4.18,1.82,True
2025-07-16,1990.78,2153.69,1315.24,55.69,-0.69,False,38.69,15.78,0.22,True,3.24,2.76,True
2025-07-17,1990.95,2153.75,1314.89,55.75,-0.75,False,38.75,15.95,0.05,True,2.89,3.11,True
2025-07-18,1991.3,2154.7,1316.14,56.7,-1.7,False,39.7,16.3,-0.3,False,4.14,1.86,True
2025-07-19,1991.34,2154.87,1316.11,56.87,-1.87,False,39.87,16.34,-0.34,False,4.11,1.89,True
2025-07-20,1991.06,2154.26,1316.21,56.26,-1.26,False,39.26,16.06,-0.06,False,4.21,1.79,True
2025-07-21,1990.95,2153.84,1315.72,55.84,-0.84,False,38.84,15.95,0.05,True,3.72,2.28,True
2025-07-22,1990.97,2153.65,1316.21,55.65,-0.65,False,38.65,15.97,0.03,True,4.21,1.79,True
2025-07-23,1990.96,2153.73,1316.33,55.73,-0.73,False,38.73,15.96,0.04,True,4.33,1.67,True
2025-07-24,1991.08,2154.18,1315.57,56.18,-1.18,False,39.18,16.08,-0.08,False,3.57,2.43,True
2025-07-25,1990.87,2153.84,1314.95,55.84,-0.84,False,38.84,15.87,0.13,True,2.95,3.05,True
2025-07-26,1990.87,2153.83,1315.86,55.83,-0.83,False,38.83,15.87,0.13,True,3.86,2.14,True
2025-07-27,1990.87,2153.79,1316.28,55.79,-0.79,False,38.79,15.87,0.13,True,4.28,1.72,True
2025-07-28,1990.79,2153.59,1316.15,55.59,-0.59,False,38.59,15.79,0.21,True,4.15,1.85,True
2025-07-29,1990.67,2153.5,1315.39,55.5,-0.5,False,38.5,15.67,0.33,True,3.39,2.61,True
2025-07-30,1990.04,2153.51,1316.03,55.51,-0.51,False,38.51,15.04,0.96,True,4.03,1.97,True
2025-07-31,,,,,,False,,,,False,,,False
2025-08-01,1988.62,2153.34,1315.81,55.34,-0.34,False,38.34,13.62,2.38,True,3.81,2.19,True
2025-08-02,1988.99,2153.18,1314.6,55.18,-0.18,False,38.18,13.99,2.01,True,2.6,3.4,True
2025-08-03,1990.23,2153.58,1315.2,55.58,-0.58,False,38.58,15.23,0.77,True,3.2,2.8,True
2025-08-04,1991.15,2153.65,1315.61,55.65,-0.65,False,38.65,16.15,-0.15,False,3.61,2.39,True
2025-08-05,1991.23,2153.76,1316.06,55.76,-0.76,False,38.76,16.23,-0.23,False,4.06,1.94,True
2025-08-06,1991.04,2153.6,1316.0,55.6,-0.6,False,38.6,16.04,-0.04,False,4.0,2.0,True
2025-08-07,1990.86,2153.23,1315.57,55.23,-0.23,False,38.23,15.86,0.14,True,3.57,2.43,True
2025-08-08,1991.03,2152.83,1314.73,54.83,0.17,True,37.83,16.03,-0.03,False,2.73,3.27,True
2025-08-09,1989.61,2153.01,1315.29,55.01,-0.01,False,38.01,14.61,1.39,True,3.29,2.71,True
2025-08-10,1988.98,2153.11,1314.87,55.11,-0.11,False,38.11,13.98,2.02,True,2.87,3.13,True
2025-08-11,1989.32,2153.14,1314.65,55.14,-0.14,False,38.14,14.32,1.68,True,2.65,3.35,True
2025-08-12,1990.14,2153.32,1315.39,55.32,-0.32,False,38.32,15.14,0.86,True,3.39,2.61,True
2025-08-13,1990.41,2153.1,1316.11,55.1,-0.1,False,38.1,15.41,0.59,True,4.11,1.89,True
2025-08-14,1990.22,2152.93,1315.36,54.93,0.07,True,37.93,15.22,0.78,True,3.36,2.64,True
2025-08-15,1990.87,2153.36,1316.28,55.36,-0.36,False,38.36,15.87,0.13,True,4.28,1.72,True
2025-08-16,1990.9,2153.58,1316.14,55.58,-0.58,False,38.58,15.9,0.1,True,4.14,1.86,True
2025-08-17,1990.78,2153.41,1316.33,55.41,-0.41,False,38.41,15.78,0.22,True,4.33,1.67,True
2025-08-18,1990.41,2153.14,1316.27,55.14,-0.14,False,38.14,15.41,0.59,True,4.27,1.73,True
2025-08-19,1989.44,2152.94,1314.5,54.94,0.06,True,37.94,14.44,1.56,True,2.5,3.5,True
2025-08-20,1989.78,2152.95,1315.31,54.95,0.05,True,37.95,14.78,1.22,True,3.31,2.69,True
2025-08-21,1989.8,2152.95,1315.23,54.95,0.05,True,37.95,14.8,1.2,True,3.23,2.77,True
2025-08-22,1989.89,2152.78,1315.25,54.78,0.22,True,37.78,14.89,1.11,True,3.25,2.75,True
2025-08-23,1989.7,2152.84,1315.03,54.84,0.16,True,37.84,14.7,1.3,True,3.03,2.97,True
2025-08-24,1989.88,2153.0,1314.67,55.0,0.0,True,38.0,14.88,1.12,True,2.67,3.33,True
2025-08-25,1990.7,2153.3,1316.38,55.3,-0.3,False,38.3,15.7,0.3,True,4.38,1.62,True
2025-08-26,1990.98,2153.54,1314.27,55.54,-0.54,False,38.54,15.98,0.02,True,2.27,3.73,True
2025-08-27,1990.95,2153.43,1315.56,55.43,-0.43,False,38.43,15.95,0.05,True,3.56,2.44,True
2025-08-28,1990.89,2152.96,1315.48,54.96,0.04,True,37.96,15.89,0.11,True,3.48,2.52,True
2025-08-29,1990.43,2152.78,1314.77,54.78,0.22,True,37.78,15.43,0.57,True,2.77,3.23,True
2025-08-30,1990.15,2152.78,1315.14,54.78,0.22,True,37.78,15.15,0.85,True,3.14,2.86,True
2025-08-31,,,,,,False,,,,False,,,False
2025-09-01,1990.32,2152.97,1315.08,54.97,0.03,True,37.97,15.32,0.68,True,3.08,2.92,True
2025-09-02,1990.87,2153.4,1316.2,55.4,-0.4,False,38.4,15.87,0.13,True,4.2,1.8,True
2025-09-03,1990.78,2152.97,1316.36,54.97,0.03,True,37.97,15.78,0.22,True,4.36,1.64,True
2025-09-04,1989.89,2152.85,1315.98,54.85,0.15,True,37.85,14.89,1.11,True,3.98,2.02,True
2025-09-05,1989.35,2153.0,1315.3,55.0,0.0,True,38.0,14.35,1.65,True,3.3,2.7,True
2025-09-06,1989.89,2152.97,1315.18,54.97,0.03,True,37.97,14.89,1.11,True,3.18,2.82,True
2025-09-07,1990.14,2152.9,1315.19,54.9,0.1,True,37.9,15.14,0.86,True,3.19,2.81,True
2025-09-08,1989.33,2152.99,1315.79,54.99,0.01,True,37.99,14.33,1.67,True,3.79,2.21,True
2025-09-09,1989.59,2153.08,1314.34,55.08,-0.08,False,38.08,14.59,1.41,True,2.34,3.66,True
2025-09-10,1990.86,2153.39,1316.23,55.39,-0.39,False,38.39,15.86,0.14,True,4.23,1.77,True
2025-09-11,1990.15,2153.48,1315.98,55.48,-0.48,False,38.48,15.15,0.85,True,3.98,2.02,True
2025-09-12,1990.79,2153.2,1315.68,55.2,-0.2,False,38.2,15.79,0.21,True,3.68,2.32,True
2025-09-13,1990.15,2153.41,1314.84,55.41,-0.41,False,38.41,15.15,0.85,True,2.84,3.16,True
2025-09-14,1990.08,2153.62,1314.98,55.62,-0.62,False,38.62,15.08,0.92,True,2.98,3.02,True
2025-09-15,1990.52,2153.18,1315.06,55.18,-0.18,False,38.18,15.52,0.48,True,3.06,2.94,True
2025-09-16,1990.59,2153.1,1315.48,55.1,-0.1,False,38.1,15.59,0.41,True,3.48,2.52,True
2025-09-17,1990.43,2152.93,1315.97,54.93,0.07,True,37.93,15.43,0.57,True,3.97,2.03,True
2025-09-18,1990.53,2152.59,1315.15,54.59,0.41,True,37.59,15.53,0.47,True,3.15,2.85,True
2025-09-19,1989.62,2152.49,1315.13,54.49,0.51,True,37.49,14.62,1.38,True,3.13,2.87,True
2025-09-20,1989.27,2152.21,1315.08,54.21,0.79,True,37.21,14.27,1.73,True,3.08,2.92,True
2025-09-21,1989.15,2152.09,1314.8,54.09,0.91,True,37.09,14.15,1.85,True,2.8,3.2,True
2025-09-22,1988.87,2152.2,1314.88,54.2,0.8,True,37.2,13.87,2.13,True,2.88,3.12,True
2025-09-23,1988.25,2152.44,1314.14,54.44,0.56,True,37.44,13.25,2.75,True,2.14,3.86,True
2025-09-24,1988.46,2152.64,1314.24,54.64,0.36,True,37.64,13.46,2.54,True,2.24,3.76,True
2025-09-25,1989.06,2153.52,1315.54,55.52,-0.52,False,38.52,14.06,1.94,True,3.54,2.46,True
2025-09-26,1991.14,2154.06,1315.53,56.06,-1.06,False,39.06,16.14,-0.14,False,3.53,2.47,True
2025-09-27,1990.76,2153.45,1314.93,55.45,-0.45,False,38.45,15.76,0.24,True,2.93,3.07,True
2025-09-28,1990.5,2153.49,1315.17,55.49,-0.49,False,38.49,15.5,0.5,True,3.17,2.83,True
2025-09-29,1990.85,2153.09,1315.88,55.09,-0.09,False,38.09,15.85,0.15,True,3.88,2.12,True
2025-09-30,,,,,,False,,,,False,,,False
2025-10-01,1990.52,2153.0,1316.21,55.0,0.0,True,38.0,15.52,0.48,True,4.21,1.79,True
2025-10-02,1990.41,2153.2,1316.64,55.2,-0.2,False,38.2,15.41,0.59,True,4.64,1.36,True
2025-10-03,1990.88,2153.55,1317.0,55.55,-0.55,False,38.55,15.88,0.12,True,5.0,1.0,True
2025-10-04,1990.76,2153.45,1316.77,55.45,-0.45,False,38.45,15.76,0.24,True,4.77,1.23,True
2025-10-05,1990.49,2153.23,1316.59,55.23,-0.23,False,38.23,15.49,0.51,True,4.59,1.41,True
2025-10-06,1990.34,2153.03,1316.67,55.03,-0.03,False,38.03,15.34,0.66,True,4.67,1.33,True
2025-10-07,1990.43,2152.63,1316.62,54.63,0.37,True,37.63,15.43,0.57,True,4.62,1.38,True
2025-10-08,1989.72,2152.44,1316.04,54.44,0.56,True,37.44,14.72,1.28,True,4.04,1.96,True
2025-10-09,1990.34,2152.39,1315.92,54.39,0.61,True,37.39,15.34,0.66,True,3.92,2.08,True
2025-10-10,1990.21,2152.72,1316.29,54.72,0.28,True,37.72,15.21,0.79,True,4.29,1.71,True
2025-10-11,1990.17,2153.32,1316.32,55.32,-0.32,False,38.32,15.17,0.83,True,4.32,1.68,True
2025-10-12,1990.33,2153.57,1316.2,55.57,-0.57,False,38.57,15.33,0.67,True,4.2,1.8,True
2025-10-13,1990.6,2153.32,1316.85,55.32,-0.32,False,38.32,15.6,0.4,True,4.85,1.15,True
2025-10-14,1990.25,2153.26,1316.23,55.26,-0.26,False,38.26,15.25,0.75,True,4.23,1.77,True
2025-10-15,1990.32,2152.89,1315.25,54.89,0.11,True,37.89,15.32,0.68,True,3.25,2.75,True
2025-10-16,1989.68,2152.69,1314.96,54.69,0.31,True,37.69,14.68,1.32,True,2.96,3.04,True
2025-10-17,1989.45,2152.46,1315.79,54.46,0.54,True,37.46,14.45,1.55,True,3.79,2.21,True
2025-10-18,1989.27,2152.31,1314.37,54.31,0.69,True,37.31,14.27,1.73,True,2.37,3.63,True
2025-10-19,1989.16,2152.55,1314.83,54.55,0.45,True,37.55,14.16,1.84,True,2.83,3.17,True
2025-10-20,1989.35,2152.45,1314.72,54.45,0.55,True,37.45,14.35,1.65,True,2.72,3.28,True
2025-10-21,1988.78,2152.38,1316.58,54.38,0.62,True,37.38,13.78,2.22,True,4.58,1.42,True
2025-10-22,1988.17,2152.32,1315.17,54.32,0.68,True,37.32,13.17,2.83,True,3.17,2.83,True
2025-10-23,1988.02,2152.12,1313.58,54.12,0.88,True,37.12,13.02,2.98,True,1.58,4.42,True
2025-10-24,1988.25,2152.04,1314.43,54.04,0.96,True,37.04,13.25,2.75,True,2.43,3.57,True
2025-10-25,1987.9,2152.13,1314.3,54.13,0.87,True,37.13,12.9,3.1,True,2.3,3.7,True
2025-10-26,1988.01,2152.22,1315.11,54.22,0.78,True,37.22,13.01,2.99,True,3.11,2.89,True
2025-10-27,1988.09,2152.62,1314.86,54.62,0.38,True,37.62,13.09,2.91,True,2.86,3.14,True
2025-10-28,1989.07,2152.89,1316.31,54.89,0.11,True,37.89,14.07,1.93,True,4.31,1.69,True
2025-10-29,1989.15,2153.81,1315.33,55.81,-0.81,False,38.81,14.15,1.85,True,3.33,2.67,True
2025-10-30,1989.86,2153.82,1315.46,55.82,-0.82,False,38.82,14.86,1.14,True,3.46,2.54,True
2025-10-31,,,,,,False,,,,False,,,False
2025-11-01,1990.8,2153.81,1315.74,55.81,-0.81,False,38.81,15.8,0.2,True,3.74,2.26,True
2025-11-02,1990.89,2153.06,1316.07,55.06,-0.06,False,38.06,15.89,0.11,True,4.07,1.93,True
2025-11-03,1990.24,2153.14,1314.86,55.14,-0.14,False,38.14,15.24,0.76,True,2.86,3.14,True
2025-11-04,1990.08,2154.02,1315.25,56.02,-1.02,False,39.02,15.08,0.92,True,3.25,2.75,True
2025-11-05,1990.95,2154.25,1316.45,56.25,-1.25,False,39.25,15.95,0.05,True,4.45,1.55,True
2025-11-06,1990.78,2153.86,1315.79,55.86,-0.86,False,38.86,15.78,0.22,True,3.79,2.21,True
2025-11-07,1990.81,2153.46,1316.28,55.46,-0.46,False,38.46,15.81,0.19,True,4.28,1.72,True
2025-11-08,1990.84,2153.34,1315.72,55.34,-0.34,False,38.34,15.84,0.16,True,3.72,2.28,True
2025-11-09,1990.4,2153.41,1315.48,55.41,-0.41,False,38.41,15.4,0.6,True,3.48,2.52,True
2025-11-10,1990.94,2153.32,1316.32,55.32,-0.32,False,38.32,15.94,0.06,True,4.32,1.68,True
2025-11-11,1990.71,2153.44,1315.81,55.44,-0.44,False,38.44,15.71,0.29,True,3.81,2.19,True
2025-11-12,1990.88,2153.23,1315.24,55.23,-0.23,False,38.23,15.88,0.12,True,3.24,2.76,True
2025-11-13,1990.52,2153.09,1315.24,55.09,-0.09,False,38.09,15.52,0.48,True,3.24,2.76,True
2025-11-14,1990.57,2152.87,1316.06,54.87,0.13,True,37.87,15.57,0.43,True,4.06,1.94,True
2025-11-15,1989.42,2153.13,1316.05,55.13,-0.13,False,38.13,14.42,1.58,True,4.05,1.95,True
2025-11-16,1988.73,2153.61,1314.81,55.61,-0.61,False,38.61,13.73,2.27,True,2.81,3.19,True
2025-11-17,1990.08,2153.07,1315.98,55.07,-0.07,False,38.07,15.08,0.92,True,3.98,2.02,True
2025-11-18,1989.85,2152.97,1314.82,54.97,0.03,True,37.97,14.85,1.15,True,2.82,3.18,True
2025-11-19,1989.63,2152.96,1314.72,54.96,0.04,True,37.96,14.63,1.37,True,2.72,3.28,True
2025-11-20,1988.63,2153.37,1315.54,55.37,-0.37,False,38.37,13.63,2.37,True,3.54,2.46,True
2025-11-21,1988.36,2153.3,1316.57,55.3,-0.3,False,38.3,13.36,2.64,True,4.57,1.43,True
2025-11-22,1988.5,2153.21,1314.9,55.21,-0.21,False,38.21,13.5,2.5,True,2.9,3.1,True
2025-11-23,1987.37,2153.49,1315.57,55.49,-0.49,False,38.49,12.37,3.63,True,3.57,2.43,True
2025-11-24,1988.55,2153.1,1314.99,55.1,-0.1,False,38.1,13.55,2.45,True,2.99,3.01,True
2025-11-25,1988.26,2153.19,1315.16,55.19,-0.19,False,38.19,13.26,2.74,True,3.16,2.84,True
2025-11-26,1988.8,2153.16,1316.17,55.16,-0.16,False,38.16,13.8,2.2,True,4.17,1.83,True
2025-11-27,1988.46,2153.16,1316.06,55.16,-0.16,False,38.16,13.46,2.54,True,4.06,1.94,True
2025-11-28,1988.69,2153.48,1317.0,55.48,-0.48,False,38.48,13.69,2.31,True,5.0,1.0,True
2025-11-29,1988.52,2153.46,1316.65,55.46,-0.46,False,38.46,13.52,2.48,True,4.65,1.35,True
2025-11-30,,,,,,False,,,,False,,,False
2025-12-01,1988.87,2153.28,1316.23,55.28,-0.28,False,38.28,13.87,2.13,True,4.23,1.77,True
2025-12-02,1989.42,2152.76,1316.02,54.76,0.24,True,37.76,14.42,1.58,True,4.02,1.98,True
2025-12-03,1989.34,2152.17,1316.33,54.17,0.83,True,37.17,14.34,1.66,True,4.33,1.67,True
2025-12-04,1988.09,2151.95,1315.19,53.95,1.05,True,36.95,13.09,2.91,True,3.19,2.81,True
2025-12-05,1987.35,2151.52,1316.29,53.52,1.48,True,36.52,12.35,3.65,True,4.29,1.71,True
2025-12-06,1987.73,2151.23,1314.33,53.23,1.77,True,36.23,12.73,3.27,True,2.33,3.67,True
2025-12-07,1988.14,2151.09,1315.67,53.09,1.91,True,36.09,13.14,2.86,True,3.67,2.33,True
2025-12-08,1987.91,2150.68,1314.92,52.68,2.32,True,35.68,12.91,3.09,True,2.92,3.08,True
2025-12-09,1987.36,2150.43,1315.02,52.43,2.57,True,35.43,12.36,3.64,True,3.02,2.98,True
2025-12-10,1986.64,2150.27,1315.18,52.27,2.73,True,35.27,11.64,4.36,True,3.18,2.82,True
2025-12-11,1986.26,2150.0,1315.1,52.0,3.0,True,35.0,11.26,4.74,True,3.1,2.9,True
2025-12-12,1986.07,2149.74,1315.98,51.74,3.26,True,34.74,11.07,4.93,True,3.98,2.02,True
2025-12-13,1985.91,2149.65,1314.56,51.65,3.35,True,34.65,10.91,5.09,True,2.56,3.44,True
2025-12-14,1986.25,2149.38,1315.07,51.38,3.62,True,34.38,11.25,4.75,True,3.07,2.93,True
2025-12-15,1986.22,2148.81,1315.14,50.81,4.19,True,33.81,11.22,4.78,True,3.14,2.86,True
2025-12-16,1986.03,2148.33,1316.25,50.33,4.67,True,33.33,11.03,4.97,True,4.25,1.75,True
2025-12-17,1986.11,2147.57,1315.65,49.57,5.43,True,32.57,11.11,4.89,True,3.65,2.35,True
2025-12-18,1986.48,2146.86,1315.6,48.86,6.14,True,31.86,11.48,4.52,True,3.6,2.4,True
2025-12-19,1985.93,2146.51,1316.14,48.51,6.49,True,31.51,10.93,5.07,True,4.14,1.86,True
2025-12-20,1986.65,2146.18,1315.13,48.18,6.82,True,31.18,11.65,4.35,True,3.13,2.87,True
2025-12-21,1987.99,2145.87,1315.02,47.87,7.13,True,30.87,12.99,3.01,True,3.02,2.98,True
2025-12-22,1987.57,2145.15,1316.39,47.15,7.85,True,30.15,12.57,3.43,True,4.39,1.61,True
2025-12-23,1987.53,2144.24,1316.55,46.24,8.76,True,29.24,12.53,3.47,True,4.55,1.45,True
2025-12-24,1987.61,2143.47,1314.6,45.47,9.53,True,28.47,12.61,3.39,True,2.6,3.4,True
2025-12-25,1987.55,2143.14,1315.4,45.14,9.86,True,28.14,12.55,3.45,True,3.4,2.6,True
2025-12-26,1986.54,2142.37,1316.48,44.37,10.63,True,27.37,11.54,4.46,True,4.48,1.52,True
2025-12-27,1987.26,2141.55,1316.11,43.55,11.45,True,26.55,12.26,3.74,True,4.11,1.89,True
2025-12-28,1987.18,2141.11,1314.43,43.11,11.89,True,26.11,12.18,3.82,True,2.43,3.57,True
2025-12-29,1987.2,2140.06,1316.39,42.06,12.94,True,25.06,12.2,3.8,True,4.39,1.61,True
2025-12-30,1987.75,2139.2,1314.09,41.2,13.8,True,24.2,12.75,3.25,True,2.09,3.91,True
2025-12-31,,,,,,False,,,,False,,,False
2026-01-01,1987.57,2140.13,1315.81,42.13,12.87,True,25.13,12.57,3.43,True,3.81,2.19,True
2026-01-02,1987.73,2140.48,1315.11,42.48,12.52,True,25.48,12.73,3.27,True,3.11,2.89,True
2026-01-03,1987.64,2140.49,1315.29,42.49,12.51,True,25.49,12.64,3.36,True,3.29,2.71,True
2026-01-04,1988.65,2140.18,1315.78,42.18,12.82,True,25.18,13.65,2.35,True,3.78,2.22,True
2026-01-05,1987.65,2139.38,1317.18,41.38,13.62,True,24.38,12.65,3.35,True,5.18,0.82,True
2026-01-06,1987.84,2138.63,1316.05,40.63,14.37,True,23.63,12.84,3.16,True,4.05,1.95,True
2026-01-07,1987.03,2137.99,1317.02,39.99,15.01,True,22.99,12.03,3.97,True,5.02,0.98,True
2026-01-08,1987.85,2136.77,1316.41,38.77,16.23,True,21.77,12.85,3.15,True,4.41,1.59,True
2026-01-09,1988.14,2136.81,1316.11,38.81,16.19,True,21.81,13.14,2.86,True,4.11,1.89,True
2026-01-10,1987.8,2137.14,1315.08,39.14,15.86,True,22.14,12.8,3.2,True,3.08,2.92,True
2026-01-11,1987.84,2137.49,1315.82,39.49,15.51,True,22.49,12.84,3.16,True,3.82,2.18,True
2026-01-12,1987.93,2138.14,1315.58,40.14,14.86,True,23.14,12.93,3.07,True,3.58,2.42,True
2026-01-13,1988.42,2138.47,1314.71,40.47,14.53,True,23.47,13.42,2.58,True,2.71,3.29,True
2026-01-14,1988.5,2139.47,1315.52,41.47,13.53,True,24.47,13.5,2.5,True,3.52,2.48,True
2026-01-15,1988.94,2140.26,1315.17,42.26,12.74,True,25.26,13.94,2.06,True,3.17,2.83,True
2026-01-16,1989.14,2140.96,1315.04,42.96,12.04,True,25.96,14.14,1.86,True,3.04,2.96,True
2026-01-17,1989.07,2142.12,1314.51,44.12,10.88,True,27.12,14.07,1.93,True,2.51,3.49,True
2026-01-18,1988.43,2143.0,1314.63,45.0,10.0,True,28.0,13.43,2.57,True,2.63,3.37,True
2026-01-19,1987.65,2143.53,1315.79,45.53,9.47,True,28.53,12.65,3.35,True,3.79,2.21,True
2026-01-20,1987.11,2143.66,1316.02,45.66,9.34,True,28.66,12.11,3.89,True,4.02,1.98,True
2026-01-21,1986.44,2143.73,1315.76,45.73,9.27,True,28.73,11.44,4.56,True,3.76,2.24,True
2026-01-22,1987.0,2143.96,1315.77,45.96,9.04,True,28.96,12.0,4.0,True,3.77,2.23,True
2026-01-23,1986.2,2144.78,1315.31,46.78,8.22,True,29.78,11.2,4.8,True,3.31,2.69,True
2026-01-24,1986.09,2145.2,1315.34,47.2,7.8,True,30.2,11.09,4.91,True,3.34,2.66,True
2026-01-25,1987.44,2145.8,1314.54,47.8,7.2,True,30.8,12.44,3.56,True,2.54,3.46,True
2026-01-26,1986.94,2146.58,1314.34,48.58,6.42,True,31.58,11.94,4.06,True,2.34,3.66,True
2026-01-27,1987.02,2147.15,1315.51,49.15,5.85,True,32.15,12.02,3.98,True,3.51,2.49,True
2026-01-28,1986.31,2149.33,1314.88,51.33,3.67,True,34.33,11.31,4.69,True,2.88,3.12,True
2026-01-29,1986.7,2150.19,1314.79,52.19,2.81,True,35.19,11.7,4.3,True,2.79,3.21,True
2026-01-30,1986.53,2150.85,1315.49,52.85,2.15,True,35.85,11.53,4.47,True,3.49,2.51,True
2026-01-31,,,,,,False,,,,False,,,False
2026-02-01,1987.95,2152.29,1314.82,54.29,0.71,True,37.29,12.95,3.05,True,2.82,3.18,True
2026-02-02,1989.36,2154.19,1316.87,56.19,-1.19,False,39.19,14.36,1.64,True,4.87,1.13,True
2026-02-03,1990.84,2154.0,1317.04,56.0,-1.0,False,39.0,15.84,0.16,True,5.04,0.96,True
2026-02-04,1990.89,2153.7,1316.62,55.7,-0.7,False,38.7,15.89,0.11,True,4.62,1.38,True
2026-02-05,1990.62,2153.34,1317.07,55.34,-0.34,False,38.34,15.62,0.38,True,5.07,0.93,True
2026-02-06,1989.45,2153.01,1317.07,55.01,-0.01,False,38.01,14.45,1.55,True,5.07,0.93,True
2026-02-07,1987.94,2153.32,1314.34,55.32,-0.32,False,38.32,12.94,3.06,True,2.34,3.66,True
2026-02-08,1988.0,2153.28,1316.61,55.28,-0.28,False,38.28,13.0,3.0,True,4.61,1.39,True
2026-02-09,1987.2,2152.96,1316.98,54.96,0.04,True,37.96,12.2,3.8,True,4.98,1.02,True
2026-02-10,1985.97,2152.68,1316.06,54.68,0.32,True,37.68,10.97,5.03,True,4.06,1.94,True
2026-02-11,1984.2,2152.8,1314.82,54.8,0.2,True,37.8,9.2,6.8,True,2.82,3.18,True
2026-02-12,1984.13,2152.51,1315.14,54.51,0.49,True,37.51,9.13,6.87,True,3.14,2.86,True
2026-02-13,1983.97,2153.0,1315.35,55.0,0.0,True,38.0,8.97,7.03,True,3.35,2.65,True
2026-02-14,1984.75,2152.97,1316.05,54.97,0.03,True,37.97,9.75,6.25,True,4.05,1.95,True
2026-02-15,1985.44,2153.1,1314.83,55.1,-0.1,False,38.1,10.44,5.56,True,2.83,3.17,True
2026-02-16,1986.89,2152.9,1316.08,54.9,0.1,True,37.9,11.89,4.11,True,4.08,1.92,True
2026-02-17,1987.44,2153.38,1314.26,55.38,-0.38,False,38.38,12.44,3.56,True,2.26,3.74,True
2026-02-18,1987.35,2153.2,1315.35,55.2,-0.2,False,38.2,12.35,3.65,True,3.35,2.65,True
2026-02-19,1987.46,2153.05,1315.54,55.05,-0.05,False,38.05,12.46,3.54,True,3.54,2.46,True
2026-02-20,1986.21,2153.14,1316.38,55.14,-0.14,False,38.14,11.21,4.79,True,4.38,1.62,True
2026-02-21,1985.48,2152.97,1316.5,54.97,0.03,True,37.97,10.48,5.52,True,4.5,1.5,True
2026-02-22,1984.69,2152.92,1315.86,54.92,0.08,True,37.92,9.69,6.31,True,3.86,2.14,True
2026-02-23,1984.99,2152.69,1316.35,54.69,0.31,True,37.69,9.99,6.01,True,4.35,1.65,True
2026-02-24,1984.48,2153.09,1315.73,55.09,-0.09,False,38.09,9.48,6.52,True,3.73,2.27,True
2026-02-25,1985.93,2153.26,1315.87,55.26,-0.26,False,38.26,10.93,5.07,True,3.87,2.13,True
2026-02-26,1986.68,2153.2,1316.14,55.2,-0.2,False,38.2,11.68,4.32,True,4.14,1.86,True
2026-02-27,1986.5,2152.76,1316.56,54.76,0.24,True,37.76,11.5,4.5,True,4.56,1.44,True
2026-02-28,,,,,,False,,,,False,,,False
2026-03-01,1985.24,2152.76,1315.31,54.76,0.24,True,37.76,10.24,5.76,True,3.31,2.69,True
2026-03-02,1984.12,2152.49,1316.22,54.49,0.51,True,37.49,9.12,6.88,True,4.22,1.78,True
2026-03-03,1983.46,2152.16,1315.9,54.16,0.84,True,37.16,8.46,7.54,True,3.9,2.1,True
2026-03-04,1984.47,2151.56,1315.66,53.56,1.44,True,36.56,9.47,6.53,True,3.66,2.34,True
2026-03-05,1985.6,2151.28,1315.2,53.28,1.72,True,36.28,10.6,5.4,True,3.2,2.8,True
2026-03-06,1984.9,2151.41,1315.06,53.41,1.59,True,36.41,9.9,6.1,True,3.06,2.94,True
2026-03-07,1984.38,2151.63,1315.81,53.63,1.37,True,36.63,9.38,6.62,True,3.81,2.19,True
2026-03-08,1984.31,2151.67,1314.72,53.67,1.33,True,36.67,9.31,6.69,True,2.72,3.28,True
2026-03-09,1984.64,2151.79,1315.34,53.79,1.21,True,36.79,9.64,6.36,True,3.34,2.66,True
2026-03-10,1984.2,2151.91,1315.81,53.91,1.09,True,36.91,9.2,6.8,True,3.81,2.19,True
2026-03-11,1984.37,2152.88,1314.72,54.88,0.12,True,37.88,9.37,6.63,True,2.72,3.28,True
2026-03-12,1985.2,2154.03,1315.91,56.03,-1.03,False,39.03,10.2,5.8,True,3.91,2.09,True
2026-03-13,1989.55,2153.75,1317.06,55.75,-0.75,False,38.75,14.55,1.45,True,5.06,0.94,True
2026-03-14,1989.61,2153.44,1317.04,55.44,-0.44,False,38.44,14.61,1.39,True,5.04,0.96,True
2026-03-15,1988.91,2153.13,1317.04,55.13,-0.13,False,38.13,13.91,2.09,True,5.04,0.96,True
2026-03-16,1987.28,2152.88,1316.8,54.88,0.12,True,37.88,12.28,3.72,True,4.8,1.2,True
2026-03-17,1986.37,2152.59,1316.19,54.59,0.41,True,37.59,11.37,4.63,True,4.19,1.81,True
2026-03-18,1986.05,2151.92,1316.87,53.92,1.08,True,36.92,11.05,4.95,True,4.87,1.13,True
2026-03-19,1984.82,2151.48,1317.12,53.48,1.52,True,36.48,9.82,6.18,True,5.12,0.88,True
2026-03-20,1983.5,2150.96,1316.72,52.96,2.04,True,35.96,8.5,7.5,True,4.72,1.28,True
2026-03-21,1982.68,2150.45,1316.49,52.45,2.55,True,35.45,7.68,8.32,True,4.49,1.51,True
2026-03-22,1982.77,2149.87,1316.09,51.87,3.13,True,34.87,7.77,8.23,True,4.09,1.91,True
2026-03-23,1983.57,2148.89,1315.54,50.89,4.11,True,33.89,8.57,7.43,True,3.54,2.46,True
2026-03-24,1983.15,2148.02,1317.04,50.02,4.98,True,33.02,8.15,7.85,True,5.04,0.96,True
2026-03-25,1983.42,2146.96,1316.23,48.96,6.04,True,31.96,8.42,7.58,True,4.23,1.77,True
2026-03-26,1983.94,2145.85,1316.64,47.85,7.15,True,30.85,8.94,7.06,True,4.64,1.36,True
2026-03-27,1983.04,2144.86,1317.03,46.86,8.14,True,29.86,8.04,7.96,True,5.03,0.97,True
2026-03-28,1983.09,2144.02,1316.1,46.02,8.98,True,29.02,8.09,7.91,True,4.1,1.9,True
2026-03-29,1983.39,2143.34,1316.0,45.34,9.66,True,28.34,8.39,7.61,True,4.0,2.0,True
2026-03-30,1983.95,2142.17,1316.48,44.17,10.83,True,27.17,8.95,7.05,True,4.48,1.52,True
2026-03-31,,,,,,False,,,,False,,,False
2026-04-01,1982.95,2139.71,1317.13,41.71,13.29,True,24.71,7.95,8.05,True,5.13,0.87,True
2026-04-02,1982.49,2138.26,1317.09,40.26,14.74,True,23.26,7.49,8.51,True,5.09,0.91,True
2026-04-03,1982.6,2137.37,1316.25,39.37,15.63,True,22.37,7.6,8.4,True,4.25,1.75,True
2026-04-04,1980.98,2136.82,1316.57,38.82,16.18,True,21.82,5.98,10.02,True,4.57,1.43,True
2026-04-05,1981.33,2136.75,1314.88,38.75,16.25,True,21.75,6.33,9.67,True,2.88,3.12,True
2026-04-06,1981.52,2136.52,1314.91,38.52,16.48,True,21.52,6.52,9.48,True,2.91,3.09,True
2026-04-07,1981.89,2136.16,1315.88,38.16,16.84,True,21.16,6.89,9.11,True,3.88,2.12,True
2026-04-08,1982.48,2137.04,1316.34,39.04,15.96,True,22.04,7.48,8.52,True,4.34,1.66,True
2026-04-09,1982.5,2137.73,1315.98,39.73,15.27,True,22.73,7.5,8.5,True,3.98,2.02,True
2026-04-10,1981.68,2137.89,1315.03,39.89,15.11,True,22.89,6.68,9.32,True,3.03,2.97,True
2026-04-11,1980.81,2138.59,1316.06,40.59,14.41,True,23.59,5.81,10.19,True,4.06,1.94,True
2026-04-12,1980.16,2139.07,1315.64,41.07,13.93,True,24.07,5.16,10.84,True,3.64,2.36,True
2026-04-13,1979.79,2138.57,1315.29,40.57,14.43,True,23.57,4.79,11.21,True,3.29,2.71,True
2026-04-14,1979.35,2137.73,1314.72,39.73,15.27,True,22.73,4.35,11.65,True,2.72,3.28,True
2026-04-15,1980.52,2136.89,1315.21,38.89,16.11,True,21.89,5.52,10.48,True,3.21,2.79,True
2026-04-16,1981.5,2137.09,1315.39,39.09,15.91,True,22.09,6.5,9.5,True,3.39,2.61,True
2026-04-17,1981.62,2137.76,1315.88,39.76,15.24,True,22.76,6.62,9.38,True,3.88,2.12,True
2026-04-18,1981.77,2137.96,1315.46,39.96,15.04,True,22.96,6.77,9.23,True,3.46,2.54,True
2026-04-19,1981.81,2138.29,1315.79,40.29,14.71,True,23.29,6.81,9.19,True,3.79,2.21,True
2026-04-20,1981.25,2137.91,1315.88,39.91,15.09,True,22.91,6.25,9.75,True,3.88,2.12,True
2026-04-21,1980.35,2136.94,1315.74,38.94,16.06,True,21.94,5.35,10.65,True,3.74,2.26,True
2026-04-22,1979.7,2135.96,1315.48,37.96,17.04,True,20.96,4.7,11.3,True,3.48,2.52,True
2026-04-23,1979.1,2135.1,1315.19,37.1,17.9,True,20.1,4.1,11.9,True,3.19,2.81,True
2026-04-24,1978.75,2133.86,1314.75,35.86,19.14,True,18.86,3.75,12.25,True,2.75,3.25,True
2026-04-25,1978.65,2133.05,1315.23,35.05,19.95,True,18.05,3.65,12.35,True,3.23,2.77,True
2026-04-26,1978.93,2132.71,1315.98,34.71,20.29,True,17.71,3.93,12.07,True,3.98,2.02,True
2026-04-27,1981.23,2132.08,1315.53,34.08,20.92,True,17.08,6.23,9.77,True,3.53,2.47,True
2026-04-28,1981.79,2131.77,1315.54,33.77,21.23,True,16.77,6.79,9.21,True,3.54,2.46,True
2026-04-29,1980.99,2131.47,1315.37,33.47,21.53,True,16.47,5.99,10.01,True,3.37,2.63,True
2026-04-30,,,,,,False,,,,False,,,False
2026-05-01,1981.8,2132.0,1315.88,34.0,21.0,True,17.0,6.8,9.2,True,3.88,2.12,True
2026-05-02,1984.23,2133.76,1315.65,35.76,19.24,True,18.76,9.23,6.77,True,3.65,2.35,True
2026-05-03,1985.97,2137.62,1314.87,39.62,15.38,True,22.62,10.97,5.03,True,2.87,3.13,True
2026-05-04,1986.72,2141.26,1315.73,43.26,11.74,True,26.26,11.72,4.28,True,3.73,2.27,True
2026-05-05,1986.94,2142.85,1315.46,44.85,10.15,True,27.85,11.94,4.06,True,3.46,2.54,True
2026-05-06,1987.24,2144.23,1316.36,46.23,8.77,True,29.23,12.24,3.76,True,4.36,1.64,True
2026-05-07,1987.84,2145.41,1314.99,47.41,7.59,True,30.41,12.84,3.16,True,2.99,3.01,True
2026-05-08,1986.84,2145.84,1315.52,47.84,7.16,True,30.84,11.84,4.16,True,3.52,2.48,True
2026-05-09,1985.07,2146.47,1315.21,48.47,6.53,True,31.47,10.07,5.93,True,3.21,2.79,True
2026-05-10,1985.41,2147.12,1315.58,49.12,5.88,True,32.12,10.41,5.59,True,3.58,2.42,True
2026-05-11,1986.1,2148.21,1315.54,50.21,4.79,True,33.21,11.1,4.9,True,3.54,2.46,True
2026-05-12,1987.31,2150.68,1314.17,52.68,2.32,True,35.68,12.31,3.69,True,2.17,3.83,True
2026-05-13,1986.78,2151.32,1314.94,53.32,1.68,True,36.32,11.78,4.22,True,2.94,3.06,True
2026-05-14,1986.15,2151.41,1314.05,53.41,1.59,True,36.41,11.15,4.85,True,2.05,3.95,True
2026-05-15,1985.49,2151.26,1315.46,53.26,1.74,True,36.26,10.49,5.51,True,3.46,2.54,True
2026-05-16,1983.58,2151.31,1314.89,53.31,1.69,True,36.31,8.58,7.42,True,2.89,3.11,True
2026-05-17,1984.0,2151.03,1315.88,53.03,1.97,True,36.03,9.0,7.0,True,3.88,2.12,True
2026-05-18,1983.81,2150.64,1315.55,52.64,2.36,True,35.64,8.81,7.19,True,3.55,2.45,True
2026-05-19,1984.32,2150.69,1315.52,52.69,2.31,True,35.69,9.32,6.68,True,3.52,2.48,True
2026-05-20,1984.36,2150.59,1315.18,52.59,2.41,True,35.59,9.36,6.64,True,3.18,2.82,True
2026-05-21,1985.14,2151.0,1315.73,53.0,2.0,True,36.0,10.14,5.86,True,3.73,2.27,True
2026-05-22,1985.7,2151.53,1315.19,53.53,1.47,True,36.53,10.7,5.3,True,3.19,2.81,True
2026-05-23,1985.38,2152.04,1314.95,54.04,0.96,True,37.04,10.38,5.62,True,2.95,3.05,True
2026-05-24,1983.58,2152.8,1314.85,54.8,0.2,True,37.8,8.58,7.42,True,2.85,3.15,True
2026-05-25,1983.2,2152.72,1315.39,54.72,0.28,True,37.72,8.2,7.8,True,3.39,2.61,True
2026-05-26,1982.97,2152.68,1316.22,54.68,0.32,True,37.68,7.97,8.03,True,4.22,1.78,True
2026-05-27,1982.88,2152.24,1315.87,54.24,0.76,True,37.24,7.88,8.12,True,3.87,2.13,True
2026-05-28,1983.76,2151.54,1314.56,53.54,1.46,True,36.54,8.76,7.24,True,2.56,3.44,True
2026-05-29,1983.93,2150.86,1315.26,52.86,2.14,True,35.86,8.93,7.07,True,3.26,2.74,True
2026-05-30,1984.59,2150.55,1315.46,52.55,2.45,True,35.55,9.59,6.41,True,3.46,2.54,True
2026-05-31,,,,,,False,,,,False,,,False
2026-06-01,1986.45,2152.58,1315.21,54.58,0.42,True,37.58,11.45,4.55,True,3.21,2.79,True
2026-06-02,1987.07,2153.42,1315.37,55.42,-0.42,False,38.42,12.07,3.93,True,3.37,2.63,True
2026-06-03,1988.9,2153.83,1314.95,55.83,-0.83,False,38.83,13.9,2.1,True,2.95,3.05,True
2026-06-04,1990.92,2153.64,1316.16,55.64,-0.64,False,38.64,15.92,0.08,True,4.16,1.84,True
2026-06-05,1990.9,2153.61,1316.04,55.61,-0.61,False,38.61,15.9,0.1,True,4.04,1.96,True
2026-06-06,1990.7,2153.47,1315.42,55.47,-0.47,False,38.47,15.7,0.3,True,3.42,2.58,True
2026-06-07,1990.43,2153.45,1315.03,55.45,-0.45,False,38.45,15.43,0.57,True,3.03,2.97,True
2026-06-08,1989.37,2153.1,1316.47,55.1,-0.1,False,38.1,14.37,1.63,True,4.47,1.53,True
2026-06-09,1987.83,2153.43,1316.58,55.43,-0.43,False,38.43,12.83,3.17,True,4.58,1.42,True
2026-06-10,1988.59,2153.41,1315.68,55.41,-0.41,False,38.41,13.59,2.41,True,3.68,2.32,True
2026-06-11,1988.29,2152.97,1316.02,54.97,0.03,True,37.97,13.29,2.71,True,4.02,1.98,True
2026-06-12,1988.28,2152.4,1315.87,54.4,0.6,True,37.4,13.28,2.72,True,3.87,2.13,True
2026-06-13,1988.0,2152.3,1315.16,54.3,0.7,True,37.3,13.0,3.0,True,3.16,2.84,True
2026-06-14,1988.45,2152.16,1315.07,54.16,0.84,True,37.16,13.45,2.55,True,3.07,2.93,True
2026-06-15,1987.44,2152.29,1315.48,54.29,0.71,True,37.29,12.44,3.56,True,3.48,2.52,True
2026-06-16,1986.97,2151.84,1315.98,53.84,1.16,True,36.84,11.97,4.03,True,3.98,2.02,True
2026-06-17,1986.08,2151.43,1316.06,53.43,1.57,True,36.43,11.08,4.92,True,4.06,1.94,True
2026-06-18,1985.26,2151.1,1315.27,53.1,1.9,True,36.1,10.26,5.74,True,3.27,2.73,True
2026-06-19,1984.93,2150.51,1315.81,52.51,2.49,True,35.51,9.93,6.07,True,3.81,2.19,True
2026-06-20,1984.29,2150.42,1316.01,52.42,2.58,True,35.42,9.29,6.71,True,4.01,1.99,True
2026-06-21,1984.06,2150.91,1315.67,52.91,2.09,True,35.91,9.06,6.94,True,3.67,2.33,True
2026-06-22,1983.75,2150.71,1314.61,52.71,2.29,True,35.71,8.75,7.25,True,2.61,3.39,True
2026-06-23,1983.52,2150.07,1315.29,52.07,2.93,True,35.07,8.52,7.48,True,3.29,2.71,True
2026-06-24,1982.44,2149.54,1315.21,51.54,3.46,True,34.54,7.44,8.56,True,3.21,2.79,True
2026-06-25,1983.14,2148.65,1314.72,50.65,4.35,True,33.65,8.14,7.86,True,2.72,3.28,True
2026-06-26,1984.75,2148.34,1315.13,50.34,4.66,True,33.34,9.75,6.25,True,3.13,2.87,True
2026-06-27,1986.83,2149.37,1314.48,51.37,3.63,True,34.37,11.83,4.17,True,2.48,3.52,True
2026-06-28,1985.93,2151.04,1315.94,53.04,1.96,True,36.04,10.93,5.07,True,3.94,2.06,True
2026-06-29,1985.5,2150.67,1315.21,52.67,2.33,True,35.67,10.5,5.5,True,3.21,2.79,True
2026-06-30,,,,,,False,,,,False,,,False
2026-07-01,1986.83,2150.91,1315.95,52.91,2.09,True,35.91,11.83,4.17,True,3.95,2.05,True
2026-07-02,1986.93,2152.29,1316.27,54.29,0.71,True,37.29,11.93,4.07,True,4.27,1.73,True
2026-07-03,1986.73,2153.56,1316.43,55.56,-0.56,False,38.56,11.73,4.27,True,4.43,1.57,True
2026-07-04,1989.79,2153.96,1316.72,55.96,-0.96,False,38.96,14.79,1.21,True,4.72,1.28,True
2026-07-05,1990.88,2153.72,1317.12,55.72,-0.72,False,38.72,15.88,0.12,True,5.12,0.88,True
2026-07-06,1990.78,2153.09,1316.14,55.09,-0.09,False,38.09,15.78,0.22,True,4.14,1.86,True
2026-07-07,1990.06,2153.26,1316.44,55.26,-0.26,False,38.26,15.06,0.94,True,4.44,1.56,True
2026-07-08,1990.31,2153.18,1316.22,55.18,-0.18,False,38.18,15.31,0.69,True,4.22,1.78,True
2026-07-09,1990.32,2152.79,1316.43,54.79,0.21,True,37.79,15.32,0.68,True,4.43,1.57,True
2026-07-10,1990.4,2152.59,1316.0,54.59,0.41,True,37.59,15.4,0.6,True,4.0,2.0,True
2026-07-11,1988.79,2152.79,1316.12,54.79,0.21,True,37.79,13.79,2.21,True,4.12,1.88,True
2026-07-12,1987.92,2152.77,1315.36,54.77,0.23,True,37.77,12.92,3.08,True,3.36,2.64,True
2026-07-13,1988.34,2152.36,1315.57,54.36,0.64,True,37.36,13.34,2.66,True,3.57,2.43,True
2026-07-14,1988.73,2152.42,1314.0,54.42,0.58,True,37.42,13.73,2.27,True,2.0,4.0,True
2026-07-15,1988.01,2152.61,1315.22,54.61,0.39,True,37.61,13.01,2.99,True,3.22,2.78,True
2026-07-16,1987.31,2152.83,1315.56,54.83,0.17,True,37.83,12.31,3.69,True,3.56,2.44,True
2026-07-17,1990.7,2154.05,1316.11,56.05,-1.05,False,39.05,15.7,0.3,True,4.11,1.89,True
2026-07-18,1990.95,2153.91,1315.51,55.91,-0.91,False,38.91,15.95,0.05,True,3.51,2.49,True
2026-07-19,1990.71,2153.68,1316.32,55.68,-0.68,False,38.68,15.71,0.29,True,4.32,1.68,True
2026-07-20,1990.25,2153.44,1316.87,55.44,-0.44,False,38.44,15.25,0.75,True,4.87,1.13,True
2026-07-21,1988.55,2153.18,1316.03,55.18,-0.18,False,38.18,13.55,2.45,True,4.03,1.97,True
2026-07-22,1985.94,2153.03,1314.72,55.03,-0.03,False,38.03,10.94,5.06,True,2.72,3.28,True
2026-07-23,1985.92,2153.56,1315.91,55.56,-0.56,False,38.56,10.92,5.08,True,3.91,2.09,True
2026-07-24,1987.83,2153.83,1315.79,55.83,-0.83,False,38.83,12.83,3.17,True,3.79,2.21,True
2026-07-25,1988.72,2153.53,1315.98,55.53,-0.53,False,38.53,13.72,2.28,True,3.98,2.02,True
2026-07-26,1988.64,2153.32,1316.08,55.32,-0.32,False,38.32,13.64,2.36,True,4.08,1.92,True
2026-07-27,1988.73,2152.75,1315.22,54.75,0.25,True,37.75,13.73,2.27,True,3.22,2.78,True
2026-07-28,1987.01,2152.8,1316.48,54.8,0.2,True,37.8,12.01,3.99,True,4.48,1.52,True
2026-07-29,1986.11,2152.62,1315.91,54.62,0.38,True,37.62,11.11,4.89,True,3.91,2.09,True
2026-07-30,1985.84,2152.59,1314.82,54.59,0.41,True,37.59,10.84,5.16,True,2.82,3.18,True
2026-07-31,,,,,,False,,,,False,,,False
2026-08-01,1985.48,2152.68,1315.66,54.68,0.32,True,37.68,10.48,5.52,True,3.66,2.34,True
2026-08-02,1985.94,2152.72,1315.56,54.72,0.28,True,37.72,10.94,5.06,True,3.56,2.44,True
2026-08-03,1986.04,2152.59,1315.27,54.59,0.41,True,37.59,11.04,4.96,True,3.27,2.73,True
2026-08-04,1985.93,2152.39,1315.66,54.39,0.61,True,37.39,10.93,5.07,True,3.66,2.34,True
2026-08-05,1986.04,2152.28,1315.34,54.28,0.72,True,37.28,11.04,4.96,True,3.34,2.66,True
2026-08-06,1985.24,2152.16,1316.11,54.16,0.84,True,37.16,10.24,5.76,True,4.11,1.89,True
2026-08-07,1984.31,2151.62,1317.1,53.62,1.38,True,36.62,9.31,6.69,True,5.1,0.9,True
2026-08-08,1984.6,2150.89,1316.96,52.89,2.11,True,35.89,9.6,6.4,True,4.96,1.04,True
2026-08-09,1984.48,2150.56,1314.98,52.56,2.44,True,35.56,9.48,6.52,True,2.98,3.02,True
2026-08-10,1985.57,2150.17,1315.82,52.17,2.83,True,35.17,10.57,5.43,True,3.82,2.18,True
2026-08-11,1987.2,2150.82,1314.72,52.82,2.18,True,35.82,12.2,3.8,True,2.72,3.28,True
2026-08-12,1988.1,2151.3,1313.51,53.3,1.7,True,36.3,13.1,2.9,True,1.51,4.49,True
2026-08-13,1986.63,2151.26,1316.19,53.26,1.74,True,36.26,11.63,4.37,True,4.19,1.81,True
2026-08-14,1984.83,2150.78,1316.68,52.78,2.22,True,35.78,9.83,6.17,True,4.68,1.32,True
2026-08-15,1985.13,2150.65,1315.46,52.65,2.35,True,35.65,10.13,5.87,True,3.46,2.54,True
